Gene_set_up,Term_up,Overlap_up,P-value_up,Adjusted P-value_up,Old P-value_up,Old Adjusted P-value_up,Odds Ratio_up,Combined Score_up,Genes_up,Compound,Gene_set_dn,Term_dn,Overlap_dn,P-value_dn,Adjusted P-value_dn,Old P-value_dn,Old Adjusted P-value_dn,Odds Ratio_dn,Combined Score_dn,Genes_dn,Consensus_connectivity
LINCS_L1000_Chem_Pert_Consensus_Sigs,Ulipristal Down,1/244,0.093547999824044,0.0957483995431995,0,0,11.610229276895945,27.507891072209866,EMP1,ulipristal,LINCS_L1000_Chem_Pert_Consensus_Sigs,Ulipristal Down,4/244,7.350201055461792e-07,0.0006907519090139286,0,0,109.7388888888889,1549.8827098917068,CLDN5;ANGPT2;MECOM;VWF,10.696760466745122
LINCS_L1000_Chem_Pert_Consensus_Sigs,AZD-4547 Down,2/246,0.0040177678292462,0.0957483995431995,0,0,26.97814207650273,148.83918672360818,HEXB;EMP1,azd-4547,LINCS_L1000_Chem_Pert_Consensus_Sigs,AZD-4547 Down,2/246,0.0030379098552341,0.0193558126625532,0,0,32.37540983606557,187.66683275510053,ANGPT2;MECOM,10.249545300351091
LINCS_L1000_Chem_Pert_Consensus_Sigs,Peucedanin Down,2/246,0.0040177678292462,0.0957483995431995,0,0,26.97814207650273,148.83918672360818,FCN3;HEXB,peucedanin,LINCS_L1000_Chem_Pert_Consensus_Sigs,Peucedanin Up,2/246,0.0030379098552341,0.0193558126625532,0,0,32.37540983606557,187.66683275510053,ANGPT2;MECOM,10.249545300351091
LINCS_L1000_Chem_Pert_Consensus_Sigs,KU-C103655 Up,2/248,0.0040818594270441,0.0957483995431995,0,0,26.75609756097561,147.19071487197914,FCN3;EMP1,ku-c103655,LINCS_L1000_Chem_Pert_Consensus_Sigs,KU-C103655 Down,2/246,0.0030379098552341,0.0193558126625532,0,0,32.37540983606557,187.66683275510053,CKMT2;MECOM,10.2384827280756
LINCS_L1000_Chem_Pert_Consensus_Sigs,Penicillin Down,2/249,0.0041140855531755,0.0957483995431995,0,0,26.64642375168691,146.377830607865,PROS1;EMP1,penicillin,LINCS_L1000_Chem_Pert_Consensus_Sigs,Penicillin Up,2/247,0.0030621966941814,0.0193558126625532,0,0,32.241632653061224,186.63464816466168,ANGPT2;MECOM,10.22749627673986
LINCS_L1000_Chem_Pert_Consensus_Sigs,Enoximone Up,1/245,0.0939150581317378,0.0957483995431995,0,0,11.562060889929745,27.348488863039687,EMP1,enoximone,LINCS_L1000_Chem_Pert_Consensus_Sigs,Enoximone Down,3/240,5.763838405981794e-05,0.0027293117791016,0,0,62.51898734177215,610.2679554457255,CLDN5;ANGPT2;VWF,9.760109141182074
LINCS_L1000_Chem_Pert_Consensus_Sigs,Naltriben Down,1/242,0.0928134928675034,0.0957483995431995,0,0,11.70776526378186,27.831269353724167,FCN3,naltriben,LINCS_L1000_Chem_Pert_Consensus_Sigs,Naltriben Up,3/246,6.203306399548623e-05,0.0027293117791016,0,0,60.95679012345679,590.5398140128326,CLDN5;ANGPT2;VWF,9.744189531002835
LINCS_L1000_Chem_Pert_Consensus_Sigs,Hydrazobenzene Down,1/244,0.093547999824044,0.0957483995431995,0,0,11.610229276895945,27.507891072209866,HEXB,hydrazobenzene,LINCS_L1000_Chem_Pert_Consensus_Sigs,Hydrazobenzene Down,3/244,6.054452139381377e-05,0.0027293117791016,0,0,61.468879668049794,596.993846965976,CLDN5;NR4A1;VWF,9.74376139322029
LINCS_L1000_Chem_Pert_Consensus_Sigs,SID-7969543 Down,1/246,0.0942819863760005,0.0957483995431995,0,0,11.514285714285714,27.190584236877303,EMP1,sid-7969543,LINCS_L1000_Chem_Pert_Consensus_Sigs,SID-7969543 Up,3/244,6.054452139381377e-05,0.0027293117791016,0,0,61.468879668049794,596.993846965976,CLDN5;MECOM;VWF,9.732568494423445
LINCS_L1000_Chem_Pert_Consensus_Sigs,RAN-27 Up,1/245,0.0939150581317378,0.0957483995431995,0,0,11.562060889929745,27.348488863039687,HEXB,ran-27,LINCS_L1000_Chem_Pert_Consensus_Sigs,RAN-27 Down,3/247,6.278628276184091e-05,0.0027293117791016,0,0,60.70389344262295,587.3571499681312,CKMT2;CLDN5;VWF,9.721907887274263
LINCS_L1000_Chem_Pert_Consensus_Sigs,KU-C104129 Down,1/245,0.0939150581317378,0.0957483995431995,0,0,11.562060889929745,27.348488863039687,EMP1,ku-c104129,LINCS_L1000_Chem_Pert_Consensus_Sigs,KU-C104129 Up,3/247,6.278628276184091e-05,0.0027293117791016,0,0,60.70389344262295,587.3571499681312,ANGPT2;MECOM;VWF,9.721907887274263
LINCS_L1000_Chem_Pert_Consensus_Sigs,Phenothiazine Down,1/246,0.0942819863760005,0.0957483995431995,0,0,11.514285714285714,27.190584236877303,EMP1,phenothiazine,LINCS_L1000_Chem_Pert_Consensus_Sigs,Phenothiazine Down,3/246,6.203306399548623e-05,0.0027293117791016,0,0,60.95679012345679,590.5398140128326,CLDN5;NR4A1;VWF,9.72171702128344
LINCS_L1000_Chem_Pert_Consensus_Sigs,Benzydamine Down,1/246,0.0942819863760005,0.0957483995431995,0,0,11.514285714285714,27.190584236877303,EMP1,benzydamine,LINCS_L1000_Chem_Pert_Consensus_Sigs,Benzydamine Down,3/246,6.203306399548623e-05,0.0027293117791016,0,0,60.95679012345679,590.5398140128326,ANGPT2;MECOM;VWF,9.72171702128344
LINCS_L1000_Chem_Pert_Consensus_Sigs,Danoprevir Down,1/246,0.0942819863760005,0.0957483995431995,0,0,11.514285714285714,27.190584236877303,EMP1,danoprevir,LINCS_L1000_Chem_Pert_Consensus_Sigs,Danoprevir Down,3/246,6.203306399548623e-05,0.0027293117791016,0,0,60.95679012345679,590.5398140128326,CLDN5;MECOM;VWF,9.72171702128344
LINCS_L1000_Chem_Pert_Consensus_Sigs,SA-1472623 Up,1/246,0.0942819863760005,0.0957483995431995,0,0,11.514285714285714,27.190584236877303,HEXB,sa-1472623,LINCS_L1000_Chem_Pert_Consensus_Sigs,SA-1472623 Down,3/247,6.278628276184091e-05,0.0027293117791016,0,0,60.70389344262295,587.3571499681312,ANGPT2;MECOM;VWF,9.71632219129247
LINCS_L1000_Chem_Pert_Consensus_Sigs,FGFR3 GALP Down,1/246,0.0942819863760005,0.0957483995431995,0,0,11.514285714285714,27.190584236877303,EMP1,fgfr3,LINCS_L1000_Chem_Pert_Consensus_Sigs,FGFR3 FBS Up,3/248,6.354549654831614e-05,0.0027293117791016,0,0,60.453061224489794,584.2035380664987,CLDN5;MECOM;VWF,9.71094774491794
LINCS_L1000_Chem_Pert_Consensus_Sigs,TTNPB Up,1/247,0.0946487846102068,0.0957483995431995,0,0,11.466898954703831,27.03415734979564,HEXB,ttnpb,LINCS_L1000_Chem_Pert_Consensus_Sigs,TTNPB Up,3/247,6.278628276184091e-05,0.0027293117791016,0,0,60.70389344262295,587.3571499681312,CLDN5;MECOM;VWF,9.710757833457272
LINCS_L1000_Chem_Pert_Consensus_Sigs,Cefsulodin Down,1/247,0.0946487846102068,0.0957483995431995,0,0,11.466898954703831,27.03415734979564,EMP1,cefsulodin,LINCS_L1000_Chem_Pert_Consensus_Sigs,Cefsulodin Down,3/247,6.278628276184091e-05,0.0027293117791016,0,0,60.70389344262295,587.3571499681312,CLDN5;MECOM;VWF,9.710757833457272
LINCS_L1000_Chem_Pert_Consensus_Sigs,SA-1472623 Down,1/247,0.0946487846102068,0.0957483995431995,0,0,11.466898954703831,27.03415734979564,FCN3,sa-1472623,LINCS_L1000_Chem_Pert_Consensus_Sigs,SA-1472623 Down,3/247,6.278628276184091e-05,0.0027293117791016,0,0,60.70389344262295,587.3571499681312,ANGPT2;MECOM;VWF,9.710757833457272
LINCS_L1000_Chem_Pert_Consensus_Sigs,Guaifenesin Up,1/247,0.0946487846102068,0.0957483995431995,0,0,11.466898954703831,27.03415734979564,PROS1,guaifenesin,LINCS_L1000_Chem_Pert_Consensus_Sigs,Guaifenesin Down,3/247,6.278628276184091e-05,0.0027293117791016,0,0,60.70389344262295,587.3571499681312,NR4A1;MECOM;VWF,9.710757833457272
LINCS_L1000_Chem_Pert_Consensus_Sigs,PRT-062607 Down,1/247,0.0946487846102068,0.0957483995431995,0,0,11.466898954703831,27.03415734979564,EMP1,prt-062607,LINCS_L1000_Chem_Pert_Consensus_Sigs,PRT-062607 Down,3/247,6.278628276184091e-05,0.0027293117791016,0,0,60.70389344262295,587.3571499681312,NR4A1;ANGPT2;VWF,9.710757833457272
LINCS_L1000_Chem_Pert_Consensus_Sigs,Isobutyl-Nitrite Down,1/247,0.0946487846102068,0.0957483995431995,0,0,11.466898954703831,27.03415734979564,EMP1,isobutyl-nitrite,LINCS_L1000_Chem_Pert_Consensus_Sigs,Isobutyl-Nitrite Down,3/247,6.278628276184091e-05,0.0027293117791016,0,0,60.70389344262295,587.3571499681312,CKMT2;MECOM;VWF,9.710757833457272
LINCS_L1000_Chem_Pert_Consensus_Sigs,Palmostatin-B Down,1/247,0.0946487846102068,0.0957483995431995,0,0,11.466898954703831,27.03415734979564,SOHLH2,palmostatin-b,LINCS_L1000_Chem_Pert_Consensus_Sigs,Palmostatin-B Down,3/247,6.278628276184091e-05,0.0027293117791016,0,0,60.70389344262295,587.3571499681312,CKMT2;NR4A1;VWF,9.710757833457272
LINCS_L1000_Chem_Pert_Consensus_Sigs,RAN-27 Down,1/247,0.0946487846102068,0.0957483995431995,0,0,11.466898954703831,27.03415734979564,EMP1,ran-27,LINCS_L1000_Chem_Pert_Consensus_Sigs,RAN-27 Down,3/247,6.278628276184091e-05,0.0027293117791016,0,0,60.70389344262295,587.3571499681312,CKMT2;CLDN5;VWF,9.710757833457272
LINCS_L1000_Chem_Pert_Consensus_Sigs,Tetraethylenepentamine Up,1/247,0.0946487846102068,0.0957483995431995,0,0,11.466898954703831,27.03415734979564,PROS1,tetraethylenepentamine,LINCS_L1000_Chem_Pert_Consensus_Sigs,Tetraethylenepentamine Up,3/247,6.278628276184091e-05,0.0027293117791016,0,0,60.70389344262295,587.3571499681312,ANGPT2;MECOM;VWF,9.710757833457272
LINCS_L1000_Chem_Pert_Consensus_Sigs,Eflornithine Down,1/247,0.0946487846102068,0.0957483995431995,0,0,11.466898954703831,27.03415734979564,EMP1,eflornithine,LINCS_L1000_Chem_Pert_Consensus_Sigs,Eflornithine Down,3/247,6.278628276184091e-05,0.0027293117791016,0,0,60.70389344262295,587.3571499681312,CLDN5;MECOM;VWF,9.710757833457272
LINCS_L1000_Chem_Pert_Consensus_Sigs,SJB-AF-2 Down,1/247,0.0946487846102068,0.0957483995431995,0,0,11.466898954703831,27.03415734979564,EMP1,sjb-af-2,LINCS_L1000_Chem_Pert_Consensus_Sigs,SJB-AF-2 Down,3/247,6.278628276184091e-05,0.0027293117791016,0,0,60.70389344262295,587.3571499681312,CLDN5;MECOM;VWF,9.710757833457272
LINCS_L1000_Chem_Pert_Consensus_Sigs,Hexylcaine Down,1/247,0.0946487846102068,0.0957483995431995,0,0,11.466898954703831,27.03415734979564,HEXB,hexylcaine,LINCS_L1000_Chem_Pert_Consensus_Sigs,Hexylcaine Down,3/247,6.278628276184091e-05,0.0027293117791016,0,0,60.70389344262295,587.3571499681312,CKMT2;MECOM;VWF,9.710757833457272
LINCS_L1000_Chem_Pert_Consensus_Sigs,CBB-1007 Down,1/247,0.0946487846102068,0.0957483995431995,0,0,11.466898954703831,27.03415734979564,EMP1,cbb-1007,LINCS_L1000_Chem_Pert_Consensus_Sigs,CBB-1007 Down,3/247,6.278628276184091e-05,0.0027293117791016,0,0,60.70389344262295,587.3571499681312,CLDN5;MECOM;VWF,9.710757833457272
LINCS_L1000_Chem_Pert_Consensus_Sigs,Mibefradil Down,1/248,0.0950154528496176,0.0957483995431995,0,0,11.419895893580104,26.879188702856474,FCN3,mibefradil,LINCS_L1000_Chem_Pert_Consensus_Sigs,Mibefradil Down,3/248,6.354549654831614e-05,0.0027293117791016,0,0,60.453061224489794,584.2035380664987,ANGPT2;MECOM;VWF,9.699840200895958
LINCS_L1000_Chem_Pert_Consensus_Sigs,Ethosuximide Down,1/248,0.0950154528496176,0.0957483995431995,0,0,11.419895893580104,26.879188702856474,EMP1,ethosuximide,LINCS_L1000_Chem_Pert_Consensus_Sigs,Ethosuximide Down,3/248,6.354549654831614e-05,0.0027293117791016,0,0,60.453061224489794,584.2035380664987,CLDN5;ANGPT2;VWF,9.699840200895958
LINCS_L1000_Chem_Pert_Consensus_Sigs,Aminohippuric-Acid Up,1/248,0.0950154528496176,0.0957483995431995,0,0,11.419895893580104,26.879188702856474,PROS1,aminohippuric-acid,LINCS_L1000_Chem_Pert_Consensus_Sigs,Aminohippuric-Acid Up,3/248,6.354549654831614e-05,0.0027293117791016,0,0,60.453061224489794,584.2035380664987,ANGPT2;MECOM;VWF,9.699840200895958
LINCS_L1000_Chem_Pert_Consensus_Sigs,Tracazolate Down,1/249,0.0953819911408738,0.0957483995431995,0,0,11.373271889400922,26.725659126474643,EMP1,tracazolate,LINCS_L1000_Chem_Pert_Consensus_Sigs,Tracazolate Down,3/249,6.431072789052597e-05,0.0027293117791016,0,0,60.204268292682926,581.0785994242863,ANGPT2;MECOM;VWF,9.688963795847126
LINCS_L1000_Chem_Pert_Consensus_Sigs,HG-6-64-01 Down,1/240,0.0920784651859131,0.0957483995431995,0,0,11.806933652121936,28.160884911121965,EMP1,hg-6-64-01,LINCS_L1000_Chem_Pert_Consensus_Sigs,HG-6-64-01 Down,2/240,0.0028941352130158,0.0193558126625532,0,0,33.20168067226891,194.0661121219417,NR4A1;VWF,8.646166791052929
LINCS_L1000_Chem_Pert_Consensus_Sigs,Dantron Up,1/242,0.0928134928675034,0.0957483995431995,0,0,11.70776526378186,27.831269353724167,EMP1,dantron,LINCS_L1000_Chem_Pert_Consensus_Sigs,Dantron Up,2/242,0.0029416890276443,0.0193558126625532,0,0,32.92166666666667,191.8928679018785,MECOM;VWF,8.623595485794574
LINCS_L1000_Chem_Pert_Consensus_Sigs,Clofarabine Up,1/246,0.0942819863760005,0.0957483995431995,0,0,11.514285714285714,27.190584236877303,EMP1,clofarabine,LINCS_L1000_Chem_Pert_Consensus_Sigs,Clofarabine Down,2/239,0.0028704976262141,0.0193558126625532,0,0,33.34345991561182,195.1682694628548,ANGPT2;MECOM,8.617960838462944
LINCS_L1000_Chem_Pert_Consensus_Sigs,Aminoglutethimide Down,1/239,0.0917107559627223,0.0957483995431995,0,0,11.857142857142858,28.328085107499632,EMP1,aminoglutethimide,LINCS_L1000_Chem_Pert_Consensus_Sigs,Aminoglutethimide Up,2/247,0.0030621966941814,0.0193558126625532,0,0,32.241632653061224,186.63464816466168,MECOM;VWF,8.613042304240787
LINCS_L1000_Chem_Pert_Consensus_Sigs,GR-113808 Down,1/241,0.092446044133206,0.0957483995431995,0,0,11.757142857142858,27.99528688024924,HEXB,gr-113808,LINCS_L1000_Chem_Pert_Consensus_Sigs,GR-113808 Up,2/245,0.0030137156206919,0.0193558126625532,0,0,32.510288065843625,188.7086178376544,MECOM;VWF,8.612622600086764
LINCS_L1000_Chem_Pert_Consensus_Sigs,Thiamine Down,1/242,0.0928134928675034,0.0957483995431995,0,0,11.70776526378186,27.831269353724167,EMP1,thiamine,LINCS_L1000_Chem_Pert_Consensus_Sigs,Thiamine Up,2/244,0.0029896140384824,0.0193558126625532,0,0,32.64628099173554,189.76013148033132,MECOM;VWF,8.61247732227425
LINCS_L1000_Chem_Pert_Consensus_Sigs,SA-1922959 Down,1/243,0.0931808114265344,0.0957483995431995,0,0,11.65879574970484,27.66881105269825,EMP1,sa-1922959,LINCS_L1000_Chem_Pert_Consensus_Sigs,SA-1922959 Up,2/243,0.0029656051581528,0.0193558126625532,0,0,32.78340248962655,190.821503971198,NR4A1;MECOM,8.61237508175449
LINCS_L1000_Chem_Pert_Consensus_Sigs,O-Aminoazotoluene Down,1/243,0.0931808114265344,0.0957483995431995,0,0,11.65879574970484,27.66881105269825,EMP1,o-aminoazotoluene,LINCS_L1000_Chem_Pert_Consensus_Sigs,O-Aminoazotoluene Down,2/243,0.0029656051581528,0.0193558126625532,0,0,32.78340248962655,190.821503971198,ANGPT2;MECOM,8.61237508175449
LINCS_L1000_Chem_Pert_Consensus_Sigs,Hyperin Down,1/243,0.0931808114265344,0.0957483995431995,0,0,11.65879574970484,27.66881105269825,EMP1,hyperin,LINCS_L1000_Chem_Pert_Consensus_Sigs,Hyperin Down,2/243,0.0029656051581528,0.0193558126625532,0,0,32.78340248962655,190.821503971198,NR4A1;VWF,8.61237508175449
LINCS_L1000_Chem_Pert_Consensus_Sigs,Tropapride Up,1/243,0.0931808114265344,0.0957483995431995,0,0,11.65879574970484,27.66881105269825,EMP1,tropapride,LINCS_L1000_Chem_Pert_Consensus_Sigs,Tropapride Up,2/243,0.0029656051581528,0.0193558126625532,0,0,32.78340248962655,190.821503971198,CLDN5;VWF,8.61237508175449
LINCS_L1000_Chem_Pert_Consensus_Sigs,Physostigmine Down,1/243,0.0931808114265344,0.0957483995431995,0,0,11.65879574970484,27.66881105269825,EMP1,physostigmine,LINCS_L1000_Chem_Pert_Consensus_Sigs,Physostigmine Down,2/243,0.0029656051581528,0.0193558126625532,0,0,32.78340248962655,190.821503971198,CLDN5;MECOM,8.61237508175449
LINCS_L1000_Chem_Pert_Consensus_Sigs,MGCD-265 Down,1/243,0.0931808114265344,0.0957483995431995,0,0,11.65879574970484,27.66881105269825,EMP1,mgcd-265,LINCS_L1000_Chem_Pert_Consensus_Sigs,MGCD-265 Down,2/243,0.0029656051581528,0.0193558126625532,0,0,32.78340248962655,190.821503971198,CLDN5;VWF,8.61237508175449
LINCS_L1000_Chem_Pert_Consensus_Sigs,Azaperone Down,1/243,0.0931808114265344,0.0957483995431995,0,0,11.65879574970484,27.66881105269825,EMP1,azaperone,LINCS_L1000_Chem_Pert_Consensus_Sigs,Azaperone Down,2/243,0.0029656051581528,0.0193558126625532,0,0,32.78340248962655,190.821503971198,CLDN5;VWF,8.61237508175449
LINCS_L1000_Chem_Pert_Consensus_Sigs,WZ-3105 Up,1/243,0.0931808114265344,0.0957483995431995,0,0,11.65879574970484,27.66881105269825,HEXB,wz-3105,LINCS_L1000_Chem_Pert_Consensus_Sigs,WZ-3105 Up,2/243,0.0029656051581528,0.0193558126625532,0,0,32.78340248962655,190.821503971198,CLDN5;NR4A1,8.61237508175449
LINCS_L1000_Chem_Pert_Consensus_Sigs,KU-C104491 Down,1/243,0.0931808114265344,0.0957483995431995,0,0,11.65879574970484,27.66881105269825,FCN3,ku-c104491,LINCS_L1000_Chem_Pert_Consensus_Sigs,KU-C104491 Down,2/243,0.0029656051581528,0.0193558126625532,0,0,32.78340248962655,190.821503971198,CLDN5;VWF,8.61237508175449
LINCS_L1000_Chem_Pert_Consensus_Sigs,KU-C103654 Up,1/243,0.0931808114265344,0.0957483995431995,0,0,11.65879574970484,27.66881105269825,EMP1,ku-c103654,LINCS_L1000_Chem_Pert_Consensus_Sigs,KU-C103654 Up,2/243,0.0029656051581528,0.0193558126625532,0,0,32.78340248962655,190.821503971198,CLDN5;VWF,8.61237508175449
LINCS_L1000_Chem_Pert_Consensus_Sigs,YL-61 Up,1/243,0.0931808114265344,0.0957483995431995,0,0,11.65879574970484,27.66881105269825,EMP1,yl-61,LINCS_L1000_Chem_Pert_Consensus_Sigs,YL-61 Up,2/243,0.0029656051581528,0.0193558126625532,0,0,32.78340248962655,190.821503971198,CKMT2;VWF,8.61237508175449
LINCS_L1000_Chem_Pert_Consensus_Sigs,Glycerol Down,1/244,0.093547999824044,0.0957483995431995,0,0,11.610229276895945,27.507891072209866,PROS1,glycerol,LINCS_L1000_Chem_Pert_Consensus_Sigs,Glycerol Up,2/243,0.0029656051581528,0.0193558126625532,0,0,32.78340248962655,190.821503971198,ANGPT2;VWF,8.60674620148004
LINCS_L1000_Chem_Pert_Consensus_Sigs,Silychristin Down,2/241,0.0038596462189957,0.0957483995431995,0,0,27.549511854951184,153.09758948029074,FCN3;EMP1,silychristin,LINCS_L1000_Chem_Pert_Consensus_Sigs,Silychristin Down,1/241,0.0813727295550968,0.0842981386900492,0,0,13.717361111111112,34.41295067526482,VWF,8.604663691157388
LINCS_L1000_Chem_Pert_Consensus_Sigs,CMAP-PRISM-1B-NR Down,1/240,0.0920784651859131,0.0957483995431995,0,0,11.806933652121936,28.160884911121965,EMP1,cmap-prism-1b-nr,LINCS_L1000_Chem_Pert_Consensus_Sigs,CMAP-PRISM-1B-NR Up,2/248,0.0030865760877739,0.0193558126625532,0,0,32.108943089430895,185.61193820808816,CLDN5;VWF,8.601859517328373
LINCS_L1000_Chem_Pert_Consensus_Sigs,SQ-29548 Up,1/244,0.093547999824044,0.0957483995431995,0,0,11.610229276895945,27.507891072209866,EMP1,sq-29548,LINCS_L1000_Chem_Pert_Consensus_Sigs,SQ-29548 Up,2/244,0.0029896140384824,0.0193558126625532,0,0,32.64628099173554,189.76013148033132,MECOM;VWF,8.6011977113517
LINCS_L1000_Chem_Pert_Consensus_Sigs,SB-205607 Down,1/244,0.093547999824044,0.0957483995431995,0,0,11.610229276895945,27.507891072209866,EMP1,sb-205607,LINCS_L1000_Chem_Pert_Consensus_Sigs,SB-205607 Down,2/244,0.0029896140384824,0.0193558126625532,0,0,32.64628099173554,189.76013148033132,CLDN5;NR4A1,8.6011977113517
LINCS_L1000_Chem_Pert_Consensus_Sigs,Diosmin Up,1/244,0.093547999824044,0.0957483995431995,0,0,11.610229276895945,27.507891072209866,EMP1,diosmin,LINCS_L1000_Chem_Pert_Consensus_Sigs,Diosmin Up,2/244,0.0029896140384824,0.0193558126625532,0,0,32.64628099173554,189.76013148033132,CLDN5;VWF,8.6011977113517
LINCS_L1000_Chem_Pert_Consensus_Sigs,Pinacidil Down,1/244,0.093547999824044,0.0957483995431995,0,0,11.610229276895945,27.507891072209866,HEXB,pinacidil,LINCS_L1000_Chem_Pert_Consensus_Sigs,Pinacidil Down,2/244,0.0029896140384824,0.0193558126625532,0,0,32.64628099173554,189.76013148033132,CLDN5;VWF,8.6011977113517
LINCS_L1000_Chem_Pert_Consensus_Sigs,Marimastat Down,1/247,0.0946487846102068,0.0957483995431995,0,0,11.466898954703831,27.03415734979564,FCN3,marimastat,LINCS_L1000_Chem_Pert_Consensus_Sigs,Marimastat Up,2/241,0.0029178656964145,0.0193558126625532,0,0,33.061087866108785,192.97435818299755,ANGPT2;VWF,8.601149648058193
LINCS_L1000_Chem_Pert_Consensus_Sigs,desmethyl-DASB Down,1/243,0.0931808114265344,0.0957483995431995,0,0,11.65879574970484,27.66881105269825,HEXB,desmethyl-dasb,LINCS_L1000_Chem_Pert_Consensus_Sigs,desmethyl-DASB Up,2/246,0.0030379098552341,0.0193558126625532,0,0,32.37540983606557,187.66683275510053,MECOM;VWF,8.595792478813673
LINCS_L1000_Chem_Pert_Consensus_Sigs,Sildenafil Up,1/244,0.093547999824044,0.0957483995431995,0,0,11.610229276895945,27.507891072209866,FCN3,sildenafil,LINCS_L1000_Chem_Pert_Consensus_Sigs,Sildenafil Down,2/245,0.0030137156206919,0.0193558126625532,0,0,32.510288065843625,188.7086178376544,NR4A1;VWF,8.595670233356184
LINCS_L1000_Chem_Pert_Consensus_Sigs,KISS1R FBS Down,1/247,0.0946487846102068,0.0957483995431995,0,0,11.466898954703831,27.03415734979564,EMP1,kiss1r,LINCS_L1000_Chem_Pert_Consensus_Sigs,KISS1R ALARIN Up,2/242,0.0029416890276443,0.0193558126625532,0,0,32.92166666666667,191.8928679018785,TINAGL1;VWF,8.59555861823998
LINCS_L1000_Chem_Pert_Consensus_Sigs,Liothyronine Down,1/246,0.0942819863760005,0.0957483995431995,0,0,11.514285714285714,27.190584236877303,EMP1,liothyronine,LINCS_L1000_Chem_Pert_Consensus_Sigs,Liothyronine Up,2/243,0.0029656051581528,0.0193558126625532,0,0,32.78340248962655,190.821503971198,NR4A1;MECOM,8.595553302683197
LINCS_L1000_Chem_Pert_Consensus_Sigs,SA-1922927 Up,1/246,0.0942819863760005,0.0957483995431995,0,0,11.514285714285714,27.190584236877303,EMP1,sa-1922927,LINCS_L1000_Chem_Pert_Consensus_Sigs,SA-1922927 Down,2/243,0.0029656051581528,0.0193558126625532,0,0,32.78340248962655,190.821503971198,ANGPT2;VWF,8.595553302683197
LINCS_L1000_Chem_Pert_Consensus_Sigs,KUC103903N Down,1/243,0.0931808114265344,0.0957483995431995,0,0,11.65879574970484,27.66881105269825,HEXB,kuc103903n,LINCS_L1000_Chem_Pert_Consensus_Sigs,KUC103903N Up,2/247,0.0030621966941814,0.0193558126625532,0,0,32.241632653061224,186.63464816466168,CKMT2;MECOM,8.590306520179592
LINCS_L1000_Chem_Pert_Consensus_Sigs,Monensin Up,1/244,0.093547999824044,0.0957483995431995,0,0,11.610229276895945,27.507891072209866,PROS1,monensin,LINCS_L1000_Chem_Pert_Consensus_Sigs,Monensin Down,2/246,0.0030379098552341,0.0193558126625532,0,0,32.37540983606557,187.66683275510053,ANGPT2;MECOM,8.590163598539224
LINCS_L1000_Chem_Pert_Consensus_Sigs,DMeOB Down,1/244,0.093547999824044,0.0957483995431995,0,0,11.610229276895945,27.507891072209866,EMP1,dmeob,LINCS_L1000_Chem_Pert_Consensus_Sigs,DMeOB Up,2/246,0.0030379098552341,0.0193558126625532,0,0,32.37540983606557,187.66683275510053,MECOM;VWF,8.590163598539224
LINCS_L1000_Chem_Pert_Consensus_Sigs,Sulfamonomethoxine Down,1/244,0.093547999824044,0.0957483995431995,0,0,11.610229276895945,27.507891072209866,EMP1,sulfamonomethoxine,LINCS_L1000_Chem_Pert_Consensus_Sigs,Sulfamonomethoxine Up,2/246,0.0030379098552341,0.0193558126625532,0,0,32.37540983606557,187.66683275510053,CKMT2;ANGPT2,8.590163598539224
LINCS_L1000_Chem_Pert_Consensus_Sigs,NS-1619 Down,1/245,0.0939150581317378,0.0957483995431995,0,0,11.562060889929745,27.348488863039687,EMP1,ns-1619,LINCS_L1000_Chem_Pert_Consensus_Sigs,NS-1619 Up,2/245,0.0030137156206919,0.0193558126625532,0,0,32.510288065843625,188.7086178376544,TINAGL1;MECOM,8.590063030541131
LINCS_L1000_Chem_Pert_Consensus_Sigs,Sulfafurazole Down,1/245,0.0939150581317378,0.0957483995431995,0,0,11.562060889929745,27.348488863039687,EMP1,sulfafurazole,LINCS_L1000_Chem_Pert_Consensus_Sigs,Sulfafurazole Down,2/245,0.0030137156206919,0.0193558126625532,0,0,32.510288065843625,188.7086178376544,NR4A1;MECOM,8.590063030541131
LINCS_L1000_Chem_Pert_Consensus_Sigs,PNU-22394 Down,1/245,0.0939150581317378,0.0957483995431995,0,0,11.562060889929745,27.348488863039687,EMP1,pnu-22394,LINCS_L1000_Chem_Pert_Consensus_Sigs,PNU-22394 Down,2/245,0.0030137156206919,0.0193558126625532,0,0,32.510288065843625,188.7086178376544,CLDN5;MECOM,8.590063030541131
LINCS_L1000_Chem_Pert_Consensus_Sigs,Niflumic-Acid Down,1/245,0.0939150581317378,0.0957483995431995,0,0,11.562060889929745,27.348488863039687,EMP1,niflumic-acid,LINCS_L1000_Chem_Pert_Consensus_Sigs,Niflumic-Acid Down,2/245,0.0030137156206919,0.0193558126625532,0,0,32.510288065843625,188.7086178376544,CKMT2;VWF,8.590063030541131
LINCS_L1000_Chem_Pert_Consensus_Sigs,Cyclothiazide Down,1/245,0.0939150581317378,0.0957483995431995,0,0,11.562060889929745,27.348488863039687,EMP1,cyclothiazide,LINCS_L1000_Chem_Pert_Consensus_Sigs,Cyclothiazide Down,2/245,0.0030137156206919,0.0193558126625532,0,0,32.510288065843625,188.7086178376544,MECOM;VWF,8.590063030541131
LINCS_L1000_Chem_Pert_Consensus_Sigs,WY-01-045 Down,1/245,0.0939150581317378,0.0957483995431995,0,0,11.562060889929745,27.348488863039687,EMP1,wy-01-045,LINCS_L1000_Chem_Pert_Consensus_Sigs,WY-01-045 Down,2/245,0.0030137156206919,0.0193558126625532,0,0,32.510288065843625,188.7086178376544,NR4A1;VWF,8.590063030541131
LINCS_L1000_Chem_Pert_Consensus_Sigs,Probenecid Down,1/245,0.0939150581317378,0.0957483995431995,0,0,11.562060889929745,27.348488863039687,EMP1,probenecid,LINCS_L1000_Chem_Pert_Consensus_Sigs,Probenecid Down,2/245,0.0030137156206919,0.0193558126625532,0,0,32.510288065843625,188.7086178376544,CLDN5;VWF,8.590063030541131
LINCS_L1000_Chem_Pert_Consensus_Sigs,Alfuzosin Down,1/245,0.0939150581317378,0.0957483995431995,0,0,11.562060889929745,27.348488863039687,EMP1,alfuzosin,LINCS_L1000_Chem_Pert_Consensus_Sigs,Alfuzosin Up,2/245,0.0030137156206919,0.0193558126625532,0,0,32.510288065843625,188.7086178376544,ANGPT2;MECOM,8.590063030541131
LINCS_L1000_Chem_Pert_Consensus_Sigs,Sildenafil Down,1/245,0.0939150581317378,0.0957483995431995,0,0,11.562060889929745,27.348488863039687,HEXB,sildenafil,LINCS_L1000_Chem_Pert_Consensus_Sigs,Sildenafil Down,2/245,0.0030137156206919,0.0193558126625532,0,0,32.510288065843625,188.7086178376544,NR4A1;VWF,8.590063030541131
LINCS_L1000_Chem_Pert_Consensus_Sigs,Iguratimod Down,1/245,0.0939150581317378,0.0957483995431995,0,0,11.562060889929745,27.348488863039687,EMP1,iguratimod,LINCS_L1000_Chem_Pert_Consensus_Sigs,Iguratimod Down,2/245,0.0030137156206919,0.0193558126625532,0,0,32.510288065843625,188.7086178376544,ANGPT2;VWF,8.590063030541131
LINCS_L1000_Chem_Pert_Consensus_Sigs,Resiquimod Up,1/245,0.0939150581317378,0.0957483995431995,0,0,11.562060889929745,27.348488863039687,EMP1,resiquimod,LINCS_L1000_Chem_Pert_Consensus_Sigs,Resiquimod Up,2/245,0.0030137156206919,0.0193558126625532,0,0,32.510288065843625,188.7086178376544,MECOM;VWF,8.590063030541131
LINCS_L1000_Chem_Pert_Consensus_Sigs,Isoreserpine Up,1/245,0.0939150581317378,0.0957483995431995,0,0,11.562060889929745,27.348488863039687,EMP1,isoreserpine,LINCS_L1000_Chem_Pert_Consensus_Sigs,Isoreserpine Up,2/245,0.0030137156206919,0.0193558126625532,0,0,32.510288065843625,188.7086178376544,CLDN5;VWF,8.590063030541131
LINCS_L1000_Chem_Pert_Consensus_Sigs,GPR151 FBS Down,1/245,0.0939150581317378,0.0957483995431995,0,0,11.562060889929745,27.348488863039687,HEXB,gpr151,LINCS_L1000_Chem_Pert_Consensus_Sigs,GPR151 FBS Down,2/245,0.0030137156206919,0.0193558126625532,0,0,32.510288065843625,188.7086178376544,NR4A1;MECOM,8.590063030541131
LINCS_L1000_Chem_Pert_Consensus_Sigs,GPR151 GALP Down,1/245,0.0939150581317378,0.0957483995431995,0,0,11.562060889929745,27.348488863039687,HEXB,gpr151,LINCS_L1000_Chem_Pert_Consensus_Sigs,GPR151 FBS Down,2/245,0.0030137156206919,0.0193558126625532,0,0,32.510288065843625,188.7086178376544,NR4A1;MECOM,8.590063030541131
LINCS_L1000_Chem_Pert_Consensus_Sigs,HK-CB19 Down,1/245,0.0939150581317378,0.0957483995431995,0,0,11.562060889929745,27.348488863039687,EMP1,hk-cb19,LINCS_L1000_Chem_Pert_Consensus_Sigs,HK-CB19 Down,2/245,0.0030137156206919,0.0193558126625532,0,0,32.510288065843625,188.7086178376544,CLDN5;VWF,8.590063030541131
LINCS_L1000_Chem_Pert_Consensus_Sigs,Glucosamine Down,1/245,0.0939150581317378,0.0957483995431995,0,0,11.562060889929745,27.348488863039687,HEXB,glucosamine,LINCS_L1000_Chem_Pert_Consensus_Sigs,Glucosamine Down,2/245,0.0030137156206919,0.0193558126625532,0,0,32.510288065843625,188.7086178376544,CKMT2;MECOM,8.590063030541131
LINCS_L1000_Chem_Pert_Consensus_Sigs,KU-C103884 Up,1/245,0.0939150581317378,0.0957483995431995,0,0,11.562060889929745,27.348488863039687,EMP1,ku-c103884,LINCS_L1000_Chem_Pert_Consensus_Sigs,KU-C103884 Up,2/245,0.0030137156206919,0.0193558126625532,0,0,32.510288065843625,188.7086178376544,ANGPT2;VWF,8.590063030541131
LINCS_L1000_Chem_Pert_Consensus_Sigs,Anagrelide Down,1/246,0.0942819863760005,0.0957483995431995,0,0,11.514285714285714,27.190584236877303,HEXB,anagrelide,LINCS_L1000_Chem_Pert_Consensus_Sigs,Anagrelide Up,2/244,0.0029896140384824,0.0193558126625532,0,0,32.64628099173554,189.76013148033132,ANGPT2;MECOM,8.590004812554856
LINCS_L1000_Chem_Pert_Consensus_Sigs,SA-243929 Up,1/247,0.0946487846102068,0.0957483995431995,0,0,11.466898954703831,27.03415734979564,EMP1,sa-243929,LINCS_L1000_Chem_Pert_Consensus_Sigs,SA-243929 Down,2/243,0.0029656051581528,0.0193558126625532,0,0,32.78340248962655,190.821503971198,MECOM;VWF,8.589988944847997
LINCS_L1000_Chem_Pert_Consensus_Sigs,Amtolmetin-Guacil Down,1/243,0.0931808114265344,0.0957483995431995,0,0,11.65879574970484,27.66881105269825,EMP1,amtolmetin-guacil,LINCS_L1000_Chem_Pert_Consensus_Sigs,Amtolmetin-Guacil Up,2/248,0.0030865760877739,0.0193558126625532,0,0,32.108943089430895,185.61193820808816,NR4A1;VWF,8.584841072853672
LINCS_L1000_Chem_Pert_Consensus_Sigs,GW-4064 Down,1/243,0.0931808114265344,0.0957483995431995,0,0,11.65879574970484,27.66881105269825,HEXB,gw-4064,LINCS_L1000_Chem_Pert_Consensus_Sigs,GW-4064 Up,2/248,0.0030865760877739,0.0193558126625532,0,0,32.108943089430895,185.61193820808816,CLDN5;VWF,8.584841072853672
LINCS_L1000_Chem_Pert_Consensus_Sigs,Cefmetazole Up,1/243,0.0931808114265344,0.0957483995431995,0,0,11.65879574970484,27.66881105269825,PROS1,cefmetazole,LINCS_L1000_Chem_Pert_Consensus_Sigs,Cefmetazole Down,2/248,0.0030865760877739,0.0193558126625532,0,0,32.108943089430895,185.61193820808816,MECOM;VWF,8.584841072853672
LINCS_L1000_Chem_Pert_Consensus_Sigs,M-Chlorophenylbiguanide Up,1/243,0.0931808114265344,0.0957483995431995,0,0,11.65879574970484,27.66881105269825,FCN3,m-chlorophenylbiguanide,LINCS_L1000_Chem_Pert_Consensus_Sigs,M-Chlorophenylbiguanide Down,2/248,0.0030865760877739,0.0193558126625532,0,0,32.108943089430895,185.61193820808816,NR4A1;MECOM,8.584841072853672
LINCS_L1000_Chem_Pert_Consensus_Sigs,GALR2 GALP Down,1/244,0.093547999824044,0.0957483995431995,0,0,11.610229276895945,27.507891072209866,HEXB,galr2,LINCS_L1000_Chem_Pert_Consensus_Sigs,GALR2 GALP Up,2/247,0.0030621966941814,0.0193558126625532,0,0,32.241632653061224,186.63464816466168,NR4A1;VWF,8.584677639905143
LINCS_L1000_Chem_Pert_Consensus_Sigs,KU-C104250 Up,1/245,0.0939150581317378,0.0957483995431995,0,0,11.562060889929745,27.348488863039687,EMP1,ku-c104250,LINCS_L1000_Chem_Pert_Consensus_Sigs,KU-C104250 Down,2/246,0.0030379098552341,0.0193558126625532,0,0,32.37540983606557,187.66683275510053,NR4A1;MECOM,8.584556395724169
LINCS_L1000_Chem_Pert_Consensus_Sigs,LACZ GALP Up,1/245,0.0939150581317378,0.0957483995431995,0,0,11.562060889929745,27.348488863039687,EMP1,lacz,LINCS_L1000_Chem_Pert_Consensus_Sigs,LACZ ALARIN Down,2/246,0.0030379098552341,0.0193558126625532,0,0,32.37540983606557,187.66683275510053,NR4A1;MECOM,8.584556395724169
LINCS_L1000_Chem_Pert_Consensus_Sigs,VU-0415010 Down,1/245,0.0939150581317378,0.0957483995431995,0,0,11.562060889929745,27.348488863039687,EMP1,vu-0415010,LINCS_L1000_Chem_Pert_Consensus_Sigs,VU-0415010 Up,2/246,0.0030379098552341,0.0193558126625532,0,0,32.37540983606557,187.66683275510053,MECOM;VWF,8.584556395724169
LINCS_L1000_Chem_Pert_Consensus_Sigs,GALR1 FBS Up,1/245,0.0939150581317378,0.0957483995431995,0,0,11.562060889929745,27.348488863039687,FCN3,galr1,LINCS_L1000_Chem_Pert_Consensus_Sigs,GALR1 GALP Up,2/246,0.0030379098552341,0.0193558126625532,0,0,32.37540983606557,187.66683275510053,ANGPT2;MECOM,8.584556395724169
LINCS_L1000_Chem_Pert_Consensus_Sigs,KDM-103 Down,2/244,0.0039541576128099,0.0957483995431995,0,0,27.203856749311296,150.5186046074223,HEXB;EMP1,kdm-103,LINCS_L1000_Chem_Pert_Consensus_Sigs,KDM-103 Up,1/242,0.0816981700834687,0.0842981386900492,0,0,13.659751037344398,34.213901822844214,MECOM,8.58214936288454
LINCS_L1000_Chem_Pert_Consensus_Sigs,Tiapride Down,2/243,0.0039225332137641,0.0957483995431995,0,0,27.318118948824345,151.37017805534532,HEXB;EMP1,tiapride,LINCS_L1000_Chem_Pert_Consensus_Sigs,Tiapride Down,1/243,0.0820235117898582,0.0842981386900492,0,0,13.602617079889807,34.016735734758925,VWF,8.58213905310854
LINCS_L1000_Chem_Pert_Consensus_Sigs,Biperiden Down,1/243,0.0931808114265344,0.0957483995431995,0,0,11.65879574970484,27.66881105269825,HEXB,biperiden,LINCS_L1000_Chem_Pert_Consensus_Sigs,Biperiden Up,2/249,0.0031110479883731,0.0193558126625532,0,0,31.97732793522267,184.59857914901417,MECOM;VWF,8.579395973827273
LINCS_L1000_Chem_Pert_Consensus_Sigs,KN-62 Up,1/243,0.0931808114265344,0.0957483995431995,0,0,11.65879574970484,27.66881105269825,HEXB,kn-62,LINCS_L1000_Chem_Pert_Consensus_Sigs,KN-62 Down,2/249,0.0031110479883731,0.0193558126625532,0,0,31.97732793522267,184.59857914901417,MECOM;VWF,8.579395973827273
LINCS_L1000_Chem_Pert_Consensus_Sigs,LACZ GALP Up,1/245,0.0939150581317378,0.0957483995431995,0,0,11.562060889929745,27.348488863039687,EMP1,lacz,LINCS_L1000_Chem_Pert_Consensus_Sigs,LACZ FBS Down,2/247,0.0030621966941814,0.0193558126625532,0,0,32.241632653061224,186.63464816466168,CLDN5;VWF,8.579070437090088
LINCS_L1000_Chem_Pert_Consensus_Sigs,GALR2 FBS Down,1/245,0.0939150581317378,0.0957483995431995,0,0,11.562060889929745,27.348488863039687,FCN3,galr2,LINCS_L1000_Chem_Pert_Consensus_Sigs,GALR2 GALP Up,2/247,0.0030621966941814,0.0193558126625532,0,0,32.241632653061224,186.63464816466168,NR4A1;VWF,8.579070437090088
LINCS_L1000_Chem_Pert_Consensus_Sigs,Tamibarotene Down,1/245,0.0939150581317378,0.0957483995431995,0,0,11.562060889929745,27.348488863039687,EMP1,tamibarotene,LINCS_L1000_Chem_Pert_Consensus_Sigs,Tamibarotene Up,2/247,0.0030621966941814,0.0193558126625532,0,0,32.241632653061224,186.63464816466168,MECOM;VWF,8.579070437090088
LINCS_L1000_Chem_Pert_Consensus_Sigs,Adipamide Up,1/246,0.0942819863760005,0.0957483995431995,0,0,11.514285714285714,27.190584236877303,EMP1,adipamide,LINCS_L1000_Chem_Pert_Consensus_Sigs,Adipamide Down,2/246,0.0030379098552341,0.0193558126625532,0,0,32.37540983606557,187.66683275510053,ANGPT2;MECOM,8.578970699742378
LINCS_L1000_Chem_Pert_Consensus_Sigs,Prunetin Up,1/246,0.0942819863760005,0.0957483995431995,0,0,11.514285714285714,27.190584236877303,FCN3,prunetin,LINCS_L1000_Chem_Pert_Consensus_Sigs,Prunetin Up,2/246,0.0030379098552341,0.0193558126625532,0,0,32.37540983606557,187.66683275510053,CLDN5;MECOM,8.578970699742378
LINCS_L1000_Chem_Pert_Consensus_Sigs,Coumaric-Acid Up,1/246,0.0942819863760005,0.0957483995431995,0,0,11.514285714285714,27.190584236877303,FCN3,coumaric-acid,LINCS_L1000_Chem_Pert_Consensus_Sigs,Coumaric-Acid Up,2/246,0.0030379098552341,0.0193558126625532,0,0,32.37540983606557,187.66683275510053,NR4A1;MECOM,8.578970699742378
LINCS_L1000_Chem_Pert_Consensus_Sigs,Niridazole Down,1/246,0.0942819863760005,0.0957483995431995,0,0,11.514285714285714,27.190584236877303,FCN3,niridazole,LINCS_L1000_Chem_Pert_Consensus_Sigs,Niridazole Down,2/246,0.0030379098552341,0.0193558126625532,0,0,32.37540983606557,187.66683275510053,TINAGL1;VWF,8.578970699742378
LINCS_L1000_Chem_Pert_Consensus_Sigs,Rifampicin Down,1/246,0.0942819863760005,0.0957483995431995,0,0,11.514285714285714,27.190584236877303,EMP1,rifampicin,LINCS_L1000_Chem_Pert_Consensus_Sigs,Rifampicin Down,2/246,0.0030379098552341,0.0193558126625532,0,0,32.37540983606557,187.66683275510053,MECOM;VWF,8.578970699742378
LINCS_L1000_Chem_Pert_Consensus_Sigs,GALR1 GALANIN Down,1/246,0.0942819863760005,0.0957483995431995,0,0,11.514285714285714,27.190584236877303,SOHLH2,galr1,LINCS_L1000_Chem_Pert_Consensus_Sigs,GALR1 GALP Up,2/246,0.0030379098552341,0.0193558126625532,0,0,32.37540983606557,187.66683275510053,ANGPT2;MECOM,8.578970699742378
LINCS_L1000_Chem_Pert_Consensus_Sigs,Gitoxigenin Up,1/246,0.0942819863760005,0.0957483995431995,0,0,11.514285714285714,27.190584236877303,EMP1,gitoxigenin,LINCS_L1000_Chem_Pert_Consensus_Sigs,Gitoxigenin Up,2/246,0.0030379098552341,0.0193558126625532,0,0,32.37540983606557,187.66683275510053,NR4A1;MECOM,8.578970699742378
LINCS_L1000_Chem_Pert_Consensus_Sigs,Deltaline Down,1/246,0.0942819863760005,0.0957483995431995,0,0,11.514285714285714,27.190584236877303,HEXB,deltaline,LINCS_L1000_Chem_Pert_Consensus_Sigs,Deltaline Down,2/246,0.0030379098552341,0.0193558126625532,0,0,32.37540983606557,187.66683275510053,MECOM;VWF,8.578970699742378
LINCS_L1000_Chem_Pert_Consensus_Sigs,Coumarin Down,1/246,0.0942819863760005,0.0957483995431995,0,0,11.514285714285714,27.190584236877303,EMP1,coumarin,LINCS_L1000_Chem_Pert_Consensus_Sigs,Coumarin Down,2/246,0.0030379098552341,0.0193558126625532,0,0,32.37540983606557,187.66683275510053,MECOM;VWF,8.578970699742378
LINCS_L1000_Chem_Pert_Consensus_Sigs,KHS-101 Up,1/246,0.0942819863760005,0.0957483995431995,0,0,11.514285714285714,27.190584236877303,EMP1,khs-101,LINCS_L1000_Chem_Pert_Consensus_Sigs,KHS-101 Down,2/246,0.0030379098552341,0.0193558126625532,0,0,32.37540983606557,187.66683275510053,ANGPT2;MECOM,8.578970699742378
LINCS_L1000_Chem_Pert_Consensus_Sigs,Tiratricol Down,1/246,0.0942819863760005,0.0957483995431995,0,0,11.514285714285714,27.190584236877303,FCN3,tiratricol,LINCS_L1000_Chem_Pert_Consensus_Sigs,Tiratricol Down,2/246,0.0030379098552341,0.0193558126625532,0,0,32.37540983606557,187.66683275510053,CLDN5;VWF,8.578970699742378
LINCS_L1000_Chem_Pert_Consensus_Sigs,Khellin Down,1/246,0.0942819863760005,0.0957483995431995,0,0,11.514285714285714,27.190584236877303,HEXB,khellin,LINCS_L1000_Chem_Pert_Consensus_Sigs,Khellin Down,2/246,0.0030379098552341,0.0193558126625532,0,0,32.37540983606557,187.66683275510053,CKMT2;VWF,8.578970699742378
LINCS_L1000_Chem_Pert_Consensus_Sigs,Strophanthidin Up,1/246,0.0942819863760005,0.0957483995431995,0,0,11.514285714285714,27.190584236877303,EMP1,strophanthidin,LINCS_L1000_Chem_Pert_Consensus_Sigs,Strophanthidin Up,2/246,0.0030379098552341,0.0193558126625532,0,0,32.37540983606557,187.66683275510053,NR4A1;MECOM,8.578970699742378
LINCS_L1000_Chem_Pert_Consensus_Sigs,Theophylline Up,1/246,0.0942819863760005,0.0957483995431995,0,0,11.514285714285714,27.190584236877303,FCN3,theophylline,LINCS_L1000_Chem_Pert_Consensus_Sigs,Theophylline Up,2/246,0.0030379098552341,0.0193558126625532,0,0,32.37540983606557,187.66683275510053,MECOM;VWF,8.578970699742378
LINCS_L1000_Chem_Pert_Consensus_Sigs,YM-201636 Up,1/247,0.0946487846102068,0.0957483995431995,0,0,11.466898954703831,27.03415734979564,HEXB,ym-201636,LINCS_L1000_Chem_Pert_Consensus_Sigs,YM-201636 Down,2/245,0.0030137156206919,0.0193558126625532,0,0,32.510288065843625,188.7086178376544,MECOM;VWF,8.57891297672414
LINCS_L1000_Chem_Pert_Consensus_Sigs,Linoleamide Up,1/248,0.0950154528496176,0.0957483995431995,0,0,11.419895893580104,26.879188702856474,EMP1,linoleamide,LINCS_L1000_Chem_Pert_Consensus_Sigs,Linoleamide Down,2/244,0.0029896140384824,0.0193558126625532,0,0,32.64628099173554,189.76013148033132,ANGPT2;VWF,8.578897268532872
LINCS_L1000_Chem_Pert_Consensus_Sigs,GPR151 FBS Down,1/245,0.0939150581317378,0.0957483995431995,0,0,11.562060889929745,27.348488863039687,HEXB,gpr151,LINCS_L1000_Chem_Pert_Consensus_Sigs,GPR151 GALP Up,2/248,0.0030865760877739,0.0193558126625532,0,0,32.108943089430895,185.61193820808816,CLDN5;MECOM,8.57360498976417
LINCS_L1000_Chem_Pert_Consensus_Sigs,Importazole Up,1/245,0.0939150581317378,0.0957483995431995,0,0,11.562060889929745,27.348488863039687,EMP1,importazole,LINCS_L1000_Chem_Pert_Consensus_Sigs,Importazole Down,2/248,0.0030865760877739,0.0193558126625532,0,0,32.108943089430895,185.61193820808816,MECOM;VWF,8.57360498976417
LINCS_L1000_Chem_Pert_Consensus_Sigs,GPR151 GALP Down,1/245,0.0939150581317378,0.0957483995431995,0,0,11.562060889929745,27.348488863039687,HEXB,gpr151,LINCS_L1000_Chem_Pert_Consensus_Sigs,GPR151 GALP Up,2/248,0.0030865760877739,0.0193558126625532,0,0,32.108943089430895,185.61193820808816,CLDN5;MECOM,8.57360498976417
LINCS_L1000_Chem_Pert_Consensus_Sigs,GALR2 M617 Up,1/246,0.0942819863760005,0.0957483995431995,0,0,11.514285714285714,27.190584236877303,EMP1,galr2,LINCS_L1000_Chem_Pert_Consensus_Sigs,GALR2 GALP Up,2/247,0.0030621966941814,0.0193558126625532,0,0,32.241632653061224,186.63464816466168,NR4A1;VWF,8.573484741108299
LINCS_L1000_Chem_Pert_Consensus_Sigs,NSC-693868 Up,1/250,0.0957483995431995,0.0957483995431995,0,0,11.327022375215146,26.57354977580402,EMP1,nsc-693868,LINCS_L1000_Chem_Pert_Consensus_Sigs,NSC-693868 Down,2/243,0.0029656051581528,0.0193558126625532,0,0,32.78340248962655,190.821503971198,CLDN5;VWF,8.57342224456685
LINCS_L1000_Chem_Pert_Consensus_Sigs,TUL-XVIII076 Down,1/247,0.0946487846102068,0.0957483995431995,0,0,11.466898954703831,27.03415734979564,EMP1,tul-xviii076,LINCS_L1000_Chem_Pert_Consensus_Sigs,TUL-XVIII076 Up,2/246,0.0030379098552341,0.0193558126625532,0,0,32.37540983606557,187.66683275510053,ANGPT2;VWF,8.57340634190718
LINCS_L1000_Chem_Pert_Consensus_Sigs,Coumaric-Acid Down,1/247,0.0946487846102068,0.0957483995431995,0,0,11.466898954703831,27.03415734979564,HEXB,coumaric-acid,LINCS_L1000_Chem_Pert_Consensus_Sigs,Coumaric-Acid Up,2/246,0.0030379098552341,0.0193558126625532,0,0,32.37540983606557,187.66683275510053,NR4A1;MECOM,8.57340634190718
LINCS_L1000_Chem_Pert_Consensus_Sigs,NBI-27914 Down,1/247,0.0946487846102068,0.0957483995431995,0,0,11.466898954703831,27.03415734979564,FCN3,nbi-27914,LINCS_L1000_Chem_Pert_Consensus_Sigs,NBI-27914 Up,2/246,0.0030379098552341,0.0193558126625532,0,0,32.37540983606557,187.66683275510053,ANGPT2;MECOM,8.57340634190718
LINCS_L1000_Chem_Pert_Consensus_Sigs,Pravastatin-Lactone Up,1/248,0.0950154528496176,0.0957483995431995,0,0,11.419895893580104,26.879188702856474,FCN3,pravastatin-lactone,LINCS_L1000_Chem_Pert_Consensus_Sigs,Pravastatin-Lactone Down,2/245,0.0030137156206919,0.0193558126625532,0,0,32.510288065843625,188.7086178376544,CKMT2;ANGPT2,8.573369790537358
LINCS_L1000_Chem_Pert_Consensus_Sigs,GPR151 GALP Up,1/248,0.0950154528496176,0.0957483995431995,0,0,11.419895893580104,26.879188702856474,EMP1,gpr151,LINCS_L1000_Chem_Pert_Consensus_Sigs,GPR151 FBS Down,2/245,0.0030137156206919,0.0193558126625532,0,0,32.510288065843625,188.7086178376544,NR4A1;MECOM,8.573369790537358
LINCS_L1000_Chem_Pert_Consensus_Sigs,Ro-16-6941 Down,2/244,0.0039541576128099,0.0957483995431995,0,0,27.203856749311296,150.5186046074223,HEXB;EMP1,ro-16-6941,LINCS_L1000_Chem_Pert_Consensus_Sigs,Ro-16-6941 Down,1/244,0.0823487547067955,0.0842981386900492,0,0,13.545953360768175,33.82142723079559,CLDN5,8.57094134242146
LINCS_L1000_Chem_Pert_Consensus_Sigs,Practolol Down,1/245,0.0939150581317378,0.0957483995431995,0,0,11.562060889929745,27.348488863039687,EMP1,practolol,LINCS_L1000_Chem_Pert_Consensus_Sigs,Practolol Up,2/249,0.0031110479883731,0.0193558126625532,0,0,31.97732793522267,184.59857914901417,MECOM;VWF,8.568159890737771
LINCS_L1000_Chem_Pert_Consensus_Sigs,BAM-7 Down,1/245,0.0939150581317378,0.0957483995431995,0,0,11.562060889929745,27.348488863039687,HEXB,bam-7,LINCS_L1000_Chem_Pert_Consensus_Sigs,BAM-7 Up,2/249,0.0031110479883731,0.0193558126625532,0,0,31.97732793522267,184.59857914901417,ANGPT2;VWF,8.568159890737771
LINCS_L1000_Chem_Pert_Consensus_Sigs,ML-258 Up,1/246,0.0942819863760005,0.0957483995431995,0,0,11.514285714285714,27.190584236877303,HEXB,ml-258,LINCS_L1000_Chem_Pert_Consensus_Sigs,ML-258 Down,2/248,0.0030865760877739,0.0193558126625532,0,0,32.108943089430895,185.61193820808816,CLDN5;MECOM,8.568019293782378
LINCS_L1000_Chem_Pert_Consensus_Sigs,PMSF Up,1/247,0.0946487846102068,0.0957483995431995,0,0,11.466898954703831,27.03415734979564,EMP1,pmsf,LINCS_L1000_Chem_Pert_Consensus_Sigs,PMSF Up,2/247,0.0030621966941814,0.0193558126625532,0,0,32.241632653061224,186.63464816466168,MECOM;VWF,8.5679203832731
LINCS_L1000_Chem_Pert_Consensus_Sigs,L-NAME Down,1/247,0.0946487846102068,0.0957483995431995,0,0,11.466898954703831,27.03415734979564,EMP1,l-name,LINCS_L1000_Chem_Pert_Consensus_Sigs,L-NAME Down,2/247,0.0030621966941814,0.0193558126625532,0,0,32.241632653061224,186.63464816466168,CLDN5;VWF,8.5679203832731
LINCS_L1000_Chem_Pert_Consensus_Sigs,MW-SHH-98 Down,1/247,0.0946487846102068,0.0957483995431995,0,0,11.466898954703831,27.03415734979564,HEXB,mw-shh-98,LINCS_L1000_Chem_Pert_Consensus_Sigs,MW-SHH-98 Down,2/247,0.0030621966941814,0.0193558126625532,0,0,32.241632653061224,186.63464816466168,MECOM;VWF,8.5679203832731
LINCS_L1000_Chem_Pert_Consensus_Sigs,JL-7-128 Down,1/247,0.0946487846102068,0.0957483995431995,0,0,11.466898954703831,27.03415734979564,EMP1,jl-7-128,LINCS_L1000_Chem_Pert_Consensus_Sigs,JL-7-128 Up,2/247,0.0030621966941814,0.0193558126625532,0,0,32.241632653061224,186.63464816466168,ANGPT2;MECOM,8.5679203832731
LINCS_L1000_Chem_Pert_Consensus_Sigs,Rosmarinic-Acid Up,1/247,0.0946487846102068,0.0957483995431995,0,0,11.466898954703831,27.03415734979564,FCN3,rosmarinic-acid,LINCS_L1000_Chem_Pert_Consensus_Sigs,Rosmarinic-Acid Up,2/247,0.0030621966941814,0.0193558126625532,0,0,32.241632653061224,186.63464816466168,CLDN5;VWF,8.5679203832731
LINCS_L1000_Chem_Pert_Consensus_Sigs,Tilorone Up,1/247,0.0946487846102068,0.0957483995431995,0,0,11.466898954703831,27.03415734979564,EMP1,tilorone,LINCS_L1000_Chem_Pert_Consensus_Sigs,Tilorone Up,2/247,0.0030621966941814,0.0193558126625532,0,0,32.241632653061224,186.63464816466168,NR4A1;VWF,8.5679203832731
LINCS_L1000_Chem_Pert_Consensus_Sigs,Salidroside Up,1/247,0.0946487846102068,0.0957483995431995,0,0,11.466898954703831,27.03415734979564,EMP1,salidroside,LINCS_L1000_Chem_Pert_Consensus_Sigs,Salidroside Down,2/247,0.0030621966941814,0.0193558126625532,0,0,32.241632653061224,186.63464816466168,CKMT2;VWF,8.5679203832731
LINCS_L1000_Chem_Pert_Consensus_Sigs,Linifanib Up,1/247,0.0946487846102068,0.0957483995431995,0,0,11.466898954703831,27.03415734979564,EMP1,linifanib,LINCS_L1000_Chem_Pert_Consensus_Sigs,Linifanib Up,2/247,0.0030621966941814,0.0193558126625532,0,0,32.241632653061224,186.63464816466168,CLDN5;MECOM,8.5679203832731
LINCS_L1000_Chem_Pert_Consensus_Sigs,Bropirimine Down,1/247,0.0946487846102068,0.0957483995431995,0,0,11.466898954703831,27.03415734979564,EMP1,bropirimine,LINCS_L1000_Chem_Pert_Consensus_Sigs,Bropirimine Up,2/247,0.0030621966941814,0.0193558126625532,0,0,32.241632653061224,186.63464816466168,ANGPT2;VWF,8.5679203832731
LINCS_L1000_Chem_Pert_Consensus_Sigs,Fenoterol Down,1/247,0.0946487846102068,0.0957483995431995,0,0,11.466898954703831,27.03415734979564,EMP1,fenoterol,LINCS_L1000_Chem_Pert_Consensus_Sigs,Fenoterol Down,2/247,0.0030621966941814,0.0193558126625532,0,0,32.241632653061224,186.63464816466168,CLDN5;VWF,8.5679203832731
LINCS_L1000_Chem_Pert_Consensus_Sigs,GALR2 GALP Up,1/247,0.0946487846102068,0.0957483995431995,0,0,11.466898954703831,27.03415734979564,EMP1,galr2,LINCS_L1000_Chem_Pert_Consensus_Sigs,GALR2 GALP Up,2/247,0.0030621966941814,0.0193558126625532,0,0,32.241632653061224,186.63464816466168,NR4A1;VWF,8.5679203832731
LINCS_L1000_Chem_Pert_Consensus_Sigs,BAZ2-ICR Down,1/247,0.0946487846102068,0.0957483995431995,0,0,11.466898954703831,27.03415734979564,EMP1,baz2-icr,LINCS_L1000_Chem_Pert_Consensus_Sigs,BAZ2-ICR Down,2/247,0.0030621966941814,0.0193558126625532,0,0,32.241632653061224,186.63464816466168,CLDN5;VWF,8.5679203832731
LINCS_L1000_Chem_Pert_Consensus_Sigs,BG-1013 Up,1/247,0.0946487846102068,0.0957483995431995,0,0,11.466898954703831,27.03415734979564,EMP1,bg-1013,LINCS_L1000_Chem_Pert_Consensus_Sigs,BG-1013 Up,2/247,0.0030621966941814,0.0193558126625532,0,0,32.241632653061224,186.63464816466168,CLDN5;VWF,8.5679203832731
LINCS_L1000_Chem_Pert_Consensus_Sigs,Tenidap Down,1/248,0.0950154528496176,0.0957483995431995,0,0,11.419895893580104,26.879188702856474,FCN3,tenidap,LINCS_L1000_Chem_Pert_Consensus_Sigs,Tenidap Up,2/246,0.0030379098552341,0.0193558126625532,0,0,32.37540983606557,187.66683275510053,ANGPT2;VWF,8.567863155720396
LINCS_L1000_Chem_Pert_Consensus_Sigs,Glucosamine Up,1/249,0.0953819911408738,0.0957483995431995,0,0,11.373271889400922,26.725659126474643,EMP1,glucosamine,LINCS_L1000_Chem_Pert_Consensus_Sigs,Glucosamine Down,2/245,0.0030137156206919,0.0193558126625532,0,0,32.510288065843625,188.7086178376544,CKMT2;MECOM,8.567847611356036
LINCS_L1000_Chem_Pert_Consensus_Sigs,Acetazolamide Up,1/247,0.0946487846102068,0.0957483995431995,0,0,11.466898954703831,27.03415734979564,SOHLH2,acetazolamide,LINCS_L1000_Chem_Pert_Consensus_Sigs,Acetazolamide Down,2/248,0.0030865760877739,0.0193558126625532,0,0,32.108943089430895,185.61193820808816,ANGPT2;VWF,8.56245493594718
LINCS_L1000_Chem_Pert_Consensus_Sigs,Lypressin Up,1/247,0.0946487846102068,0.0957483995431995,0,0,11.466898954703831,27.03415734979564,EMP1,lypressin,LINCS_L1000_Chem_Pert_Consensus_Sigs,Lypressin Down,2/248,0.0030865760877739,0.0193558126625532,0,0,32.108943089430895,185.61193820808816,NR4A1;MECOM,8.56245493594718
LINCS_L1000_Chem_Pert_Consensus_Sigs,Cefotaxime Up,1/248,0.0950154528496176,0.0957483995431995,0,0,11.419895893580104,26.879188702856474,EMP1,cefotaxime,LINCS_L1000_Chem_Pert_Consensus_Sigs,Cefotaxime Down,2/247,0.0030621966941814,0.0193558126625532,0,0,32.241632653061224,186.63464816466168,NR4A1;VWF,8.562377197086315
LINCS_L1000_Chem_Pert_Consensus_Sigs,GALR1 M617 Down,1/249,0.0953819911408738,0.0957483995431995,0,0,11.373271889400922,26.725659126474643,EMP1,galr1,LINCS_L1000_Chem_Pert_Consensus_Sigs,GALR1 GALP Up,2/246,0.0030379098552341,0.0193558126625532,0,0,32.37540983606557,187.66683275510053,ANGPT2;MECOM,8.562340976539076
LINCS_L1000_Chem_Pert_Consensus_Sigs,SA-418267 Down,2/245,0.0039859025100566,0.0957483995431995,0,0,27.090534979423868,149.6749759138345,PROS1;HEXB,sa-418267,LINCS_L1000_Chem_Pert_Consensus_Sigs,SA-418267 Down,1/245,0.0826738988226842,0.0842981386900492,0,0,13.489754098360656,33.62795157434762,NR4A1,8.559786244412923
LINCS_L1000_Chem_Pert_Consensus_Sigs,Carprofen Down,2/245,0.0039859025100566,0.0957483995431995,0,0,27.090534979423868,149.6749759138345,FCN3;EMP1,carprofen,LINCS_L1000_Chem_Pert_Consensus_Sigs,Carprofen Down,1/245,0.0826738988226842,0.0842981386900492,0,0,13.489754098360656,33.62795157434762,CLDN5,8.559786244412923
LINCS_L1000_Chem_Pert_Consensus_Sigs,Tubastatin-A Down,2/245,0.0039859025100566,0.0957483995431995,0,0,27.090534979423868,149.6749759138345,FCN3;EMP1,tubastatin-a,LINCS_L1000_Chem_Pert_Consensus_Sigs,Tubastatin-A Down,1/245,0.0826738988226842,0.0842981386900492,0,0,13.489754098360656,33.62795157434762,VWF,8.559786244412923
LINCS_L1000_Chem_Pert_Consensus_Sigs,PD-98059 Down,1/247,0.0946487846102068,0.0957483995431995,0,0,11.466898954703831,27.03415734979564,EMP1,pd-98059,LINCS_L1000_Chem_Pert_Consensus_Sigs,PD-98059 Up,2/249,0.0031110479883731,0.0193558126625532,0,0,31.97732793522267,184.59857914901417,MECOM;VWF,8.55700983692078
LINCS_L1000_Chem_Pert_Consensus_Sigs,Crizotinib Up,1/247,0.0946487846102068,0.0957483995431995,0,0,11.466898954703831,27.03415734979564,EMP1,crizotinib,LINCS_L1000_Chem_Pert_Consensus_Sigs,Crizotinib Down,2/249,0.0031110479883731,0.0193558126625532,0,0,31.97732793522267,184.59857914901417,MECOM;VWF,8.55700983692078
LINCS_L1000_Chem_Pert_Consensus_Sigs,GPR151 GALP Up,1/248,0.0950154528496176,0.0957483995431995,0,0,11.419895893580104,26.879188702856474,EMP1,gpr151,LINCS_L1000_Chem_Pert_Consensus_Sigs,GPR151 GALP Up,2/248,0.0030865760877739,0.0193558126625532,0,0,32.108943089430895,185.61193820808816,CLDN5;MECOM,8.556911749760395
LINCS_L1000_Chem_Pert_Consensus_Sigs,Ro-15-4513 Up,1/248,0.0950154528496176,0.0957483995431995,0,0,11.419895893580104,26.879188702856474,FCN3,ro-15-4513,LINCS_L1000_Chem_Pert_Consensus_Sigs,Ro-15-4513 Up,2/248,0.0030865760877739,0.0193558126625532,0,0,32.108943089430895,185.61193820808816,MECOM;VWF,8.556911749760395
LINCS_L1000_Chem_Pert_Consensus_Sigs,Benzatropine Up,1/248,0.0950154528496176,0.0957483995431995,0,0,11.419895893580104,26.879188702856474,SOHLH2,benzatropine,LINCS_L1000_Chem_Pert_Consensus_Sigs,Benzatropine Up,2/248,0.0030865760877739,0.0193558126625532,0,0,32.108943089430895,185.61193820808816,CKMT2;MECOM,8.556911749760395
LINCS_L1000_Chem_Pert_Consensus_Sigs,Ebselen Up,1/248,0.0950154528496176,0.0957483995431995,0,0,11.419895893580104,26.879188702856474,EMP1,ebselen,LINCS_L1000_Chem_Pert_Consensus_Sigs,Ebselen Up,2/248,0.0030865760877739,0.0193558126625532,0,0,32.108943089430895,185.61193820808816,MECOM;VWF,8.556911749760395
LINCS_L1000_Chem_Pert_Consensus_Sigs,Alizarin Up,1/248,0.0950154528496176,0.0957483995431995,0,0,11.419895893580104,26.879188702856474,EMP1,alizarin,LINCS_L1000_Chem_Pert_Consensus_Sigs,Alizarin Up,2/248,0.0030865760877739,0.0193558126625532,0,0,32.108943089430895,185.61193820808816,ANGPT2;VWF,8.556911749760395
LINCS_L1000_Chem_Pert_Consensus_Sigs,Meisoindigo Up,1/248,0.0950154528496176,0.0957483995431995,0,0,11.419895893580104,26.879188702856474,EMP1,meisoindigo,LINCS_L1000_Chem_Pert_Consensus_Sigs,Meisoindigo Up,2/248,0.0030865760877739,0.0193558126625532,0,0,32.108943089430895,185.61193820808816,NR4A1;VWF,8.556911749760395
LINCS_L1000_Chem_Pert_Consensus_Sigs,Fenigam Down,1/248,0.0950154528496176,0.0957483995431995,0,0,11.419895893580104,26.879188702856474,EMP1,fenigam,LINCS_L1000_Chem_Pert_Consensus_Sigs,Fenigam Down,2/248,0.0030865760877739,0.0193558126625532,0,0,32.108943089430895,185.61193820808816,NR4A1;VWF,8.556911749760395
LINCS_L1000_Chem_Pert_Consensus_Sigs,Epoxycholesterol Up,1/248,0.0950154528496176,0.0957483995431995,0,0,11.419895893580104,26.879188702856474,FCN3,epoxycholesterol,LINCS_L1000_Chem_Pert_Consensus_Sigs,Epoxycholesterol Up,2/248,0.0030865760877739,0.0193558126625532,0,0,32.108943089430895,185.61193820808816,NR4A1;MECOM,8.556911749760395
LINCS_L1000_Chem_Pert_Consensus_Sigs,GALR2 ALARIN Down,1/249,0.0953819911408738,0.0957483995431995,0,0,11.373271889400922,26.725659126474643,EMP1,galr2,LINCS_L1000_Chem_Pert_Consensus_Sigs,GALR2 GALP Up,2/247,0.0030621966941814,0.0193558126625532,0,0,32.241632653061224,186.63464816466168,NR4A1;VWF,8.556855017904995
LINCS_L1000_Chem_Pert_Consensus_Sigs,Lacosamide Down,2/244,0.0039541576128099,0.0957483995431995,0,0,27.203856749311296,150.5186046074223,HEXB;EMP1,lacosamide,LINCS_L1000_Chem_Pert_Consensus_Sigs,Lacosamide Up,1/247,0.0833238908529418,0.0842981386900492,0,0,13.378726287262872,33.24640194313252,VWF,8.554289926533599
LINCS_L1000_Chem_Pert_Consensus_Sigs,Timofibrate Down,2/246,0.0040177678292462,0.0957483995431995,0,0,26.97814207650273,148.83918672360818,PROS1;HEXB,timofibrate,LINCS_L1000_Chem_Pert_Consensus_Sigs,Timofibrate Up,1/245,0.0826738988226842,0.0842981386900492,0,0,13.489754098360656,33.62795157434762,NR4A1,8.554223835387933
LINCS_L1000_Chem_Pert_Consensus_Sigs,EMF-BCA1-60 Up,1/249,0.0953819911408738,0.0957483995431995,0,0,11.373271889400922,26.725659126474643,SOHLH2,emf-bca1-60,LINCS_L1000_Chem_Pert_Consensus_Sigs,EMF-BCA1-60 Down,2/248,0.0030865760877739,0.0193558126625532,0,0,32.108943089430895,185.61193820808816,NR4A1;VWF,8.551389570579076
LINCS_L1000_Chem_Pert_Consensus_Sigs,Nadifloxacin Up,2/245,0.0039859025100566,0.0957483995431995,0,0,27.090534979423868,149.6749759138345,FCN3;SOHLH2,nadifloxacin,LINCS_L1000_Chem_Pert_Consensus_Sigs,Nadifloxacin Down,1/247,0.0833238908529418,0.0842981386900492,0,0,13.378726287262872,33.24640194313252,NR4A1,8.548706545948558
LINCS_L1000_Chem_Pert_Consensus_Sigs,Diatrizoic-Acid Down,2/245,0.0039859025100566,0.0957483995431995,0,0,27.090534979423868,149.6749759138345,PROS1;HEXB,diatrizoic-acid,LINCS_L1000_Chem_Pert_Consensus_Sigs,Diatrizoic-Acid Up,1/247,0.0833238908529418,0.0842981386900492,0,0,13.378726287262872,33.24640194313252,VWF,8.548706545948558
LINCS_L1000_Chem_Pert_Consensus_Sigs,Eseroline Up,2/246,0.0040177678292462,0.0957483995431995,0,0,26.97814207650273,148.83918672360818,PROS1;EMP1,eseroline,LINCS_L1000_Chem_Pert_Consensus_Sigs,Eseroline Up,1/246,0.0829989442057065,0.0842981386900492,0,0,13.434013605442177,33.4362844427817,NR4A1,8.548673419291896
LINCS_L1000_Chem_Pert_Consensus_Sigs,Josamycin Down,2/246,0.0040177678292462,0.0957483995431995,0,0,26.97814207650273,148.83918672360818,FCN3;EMP1,josamycin,LINCS_L1000_Chem_Pert_Consensus_Sigs,Josamycin Down,1/246,0.0829989442057065,0.0842981386900492,0,0,13.434013605442177,33.4362844427817,VWF,8.548673419291896
LINCS_L1000_Chem_Pert_Consensus_Sigs,Isopropanol Down,2/246,0.0040177678292462,0.0957483995431995,0,0,26.97814207650273,148.83918672360818,FCN3;EMP1,isopropanol,LINCS_L1000_Chem_Pert_Consensus_Sigs,Isopropanol Down,1/246,0.0829989442057065,0.0842981386900492,0,0,13.434013605442177,33.4362844427817,NR4A1,8.548673419291896
LINCS_L1000_Chem_Pert_Consensus_Sigs,SA-1944378 Down,2/246,0.0040177678292462,0.0957483995431995,0,0,26.97814207650273,148.83918672360818,PROS1;EMP1,sa-1944378,LINCS_L1000_Chem_Pert_Consensus_Sigs,SA-1944378 Down,1/246,0.0829989442057065,0.0842981386900492,0,0,13.434013605442177,33.4362844427817,VWF,8.548673419291896
LINCS_L1000_Chem_Pert_Consensus_Sigs,Fluticasone-Propionate Up,2/246,0.0040177678292462,0.0957483995431995,0,0,26.97814207650273,148.83918672360818,FCN3;PROS1,fluticasone-propionate,LINCS_L1000_Chem_Pert_Consensus_Sigs,Fluticasone-Propionate Up,1/246,0.0829989442057065,0.0842981386900492,0,0,13.434013605442177,33.4362844427817,VWF,8.548673419291896
LINCS_L1000_Chem_Pert_Consensus_Sigs,KN-62 Down,1/249,0.0953819911408738,0.0957483995431995,0,0,11.373271889400922,26.725659126474643,FCN3,kn-62,LINCS_L1000_Chem_Pert_Consensus_Sigs,KN-62 Down,2/249,0.0031110479883731,0.0193558126625532,0,0,31.97732793522267,184.59857914901417,MECOM;VWF,8.545944471552676
LINCS_L1000_Chem_Pert_Consensus_Sigs,SA-90377 Down,1/249,0.0953819911408738,0.0957483995431995,0,0,11.373271889400922,26.725659126474643,EMP1,sa-90377,LINCS_L1000_Chem_Pert_Consensus_Sigs,SA-90377 Down,2/249,0.0031110479883731,0.0193558126625532,0,0,31.97732793522267,184.59857914901417,NR4A1;MECOM,8.545944471552676
LINCS_L1000_Chem_Pert_Consensus_Sigs,PNU-96415E Up,1/249,0.0953819911408738,0.0957483995431995,0,0,11.373271889400922,26.725659126474643,EMP1,pnu-96415e,LINCS_L1000_Chem_Pert_Consensus_Sigs,PNU-96415E Up,2/249,0.0031110479883731,0.0193558126625532,0,0,31.97732793522267,184.59857914901417,MECOM;VWF,8.545944471552676
LINCS_L1000_Chem_Pert_Consensus_Sigs,Midazolam Down,1/249,0.0953819911408738,0.0957483995431995,0,0,11.373271889400922,26.725659126474643,EMP1,midazolam,LINCS_L1000_Chem_Pert_Consensus_Sigs,Midazolam Down,2/249,0.0031110479883731,0.0193558126625532,0,0,31.97732793522267,184.59857914901417,ANGPT2;VWF,8.545944471552676
LINCS_L1000_Chem_Pert_Consensus_Sigs,BAM-7 Up,1/249,0.0953819911408738,0.0957483995431995,0,0,11.373271889400922,26.725659126474643,EMP1,bam-7,LINCS_L1000_Chem_Pert_Consensus_Sigs,BAM-7 Up,2/249,0.0031110479883731,0.0193558126625532,0,0,31.97732793522267,184.59857914901417,ANGPT2;VWF,8.545944471552676
LINCS_L1000_Chem_Pert_Consensus_Sigs,SA-427543 Down,1/250,0.0957483995431995,0.0957483995431995,0,0,11.327022375215146,26.57354977580402,EMP1,sa-427543,LINCS_L1000_Chem_Pert_Consensus_Sigs,SA-427543 Up,2/248,0.0030865760877739,0.0193558126625532,0,0,32.108943089430895,185.61193820808816,ANGPT2;MECOM,8.545888235666032
LINCS_L1000_Chem_Pert_Consensus_Sigs,SA-418267 Down,2/245,0.0039859025100566,0.0957483995431995,0,0,27.090534979423868,149.6749759138345,PROS1;HEXB,sa-418267,LINCS_L1000_Chem_Pert_Consensus_Sigs,SA-418267 Up,1/248,0.0836487388013027,0.0842981386900492,0,0,13.323886639676113,33.05828058514445,MECOM,8.543198231534905
LINCS_L1000_Chem_Pert_Consensus_Sigs,SA-1458689 Up,1/249,0.0953819911408738,0.0957483995431995,0,0,11.373271889400922,26.725659126474643,HEXB,sa-1458689,LINCS_L1000_Chem_Pert_Consensus_Sigs,SA-1458689 Down,2/250,0.0031356123465453,0.0193558126625532,0,0,31.846774193548388,183.59444936913107,MECOM;VWF,8.54051955987078
LINCS_L1000_Chem_Pert_Consensus_Sigs,MW-A1-18 Down,2/246,0.0040177678292462,0.0957483995431995,0,0,26.97814207650273,148.83918672360818,FCN3;EMP1,mw-a1-18,LINCS_L1000_Chem_Pert_Consensus_Sigs,MW-A1-18 Up,1/248,0.0836487388013027,0.0842981386900492,0,0,13.323886639676113,33.05828058514445,ANGPT2,8.537635822509916
LINCS_L1000_Chem_Pert_Consensus_Sigs,BTS Down,2/247,0.004049753493788,0.0957483995431995,0,0,26.866666666666667,148.01113359835426,PROS1;EMP1,bts,LINCS_L1000_Chem_Pert_Consensus_Sigs,BTS Down,1/247,0.0833238908529418,0.0842981386900492,0,0,13.378726287262872,33.24640194313252,MECOM,8.537602531725058
LINCS_L1000_Chem_Pert_Consensus_Sigs,ABT-239 Down,2/247,0.004049753493788,0.0957483995431995,0,0,26.866666666666667,148.01113359835426,HEXB;EMP1,abt-239,LINCS_L1000_Chem_Pert_Consensus_Sigs,ABT-239 Down,1/247,0.0833238908529418,0.0842981386900492,0,0,13.378726287262872,33.24640194313252,MECOM,8.537602531725058
LINCS_L1000_Chem_Pert_Consensus_Sigs,Leu-Enkephalin Down,2/247,0.004049753493788,0.0957483995431995,0,0,26.866666666666667,148.01113359835426,FCN3;EMP1,leu-enkephalin,LINCS_L1000_Chem_Pert_Consensus_Sigs,Leu-Enkephalin Down,1/247,0.0833238908529418,0.0842981386900492,0,0,13.378726287262872,33.24640194313252,CLDN5,8.537602531725058
LINCS_L1000_Chem_Pert_Consensus_Sigs,Vecuronium Down,2/247,0.004049753493788,0.0957483995431995,0,0,26.866666666666667,148.01113359835426,HEXB;EMP1,vecuronium,LINCS_L1000_Chem_Pert_Consensus_Sigs,Vecuronium Down,1/247,0.0833238908529418,0.0842981386900492,0,0,13.378726287262872,33.24640194313252,VWF,8.537602531725058
LINCS_L1000_Chem_Pert_Consensus_Sigs,PCI-29732 Down,2/247,0.004049753493788,0.0957483995431995,0,0,26.866666666666667,148.01113359835426,HEXB;EMP1,pci-29732,LINCS_L1000_Chem_Pert_Consensus_Sigs,PCI-29732 Down,1/247,0.0833238908529418,0.0842981386900492,0,0,13.378726287262872,33.24640194313252,MECOM,8.537602531725058
LINCS_L1000_Chem_Pert_Consensus_Sigs,Fluphenazine Up,2/247,0.004049753493788,0.0957483995431995,0,0,26.866666666666667,148.01113359835426,HEXB;EMP1,fluphenazine,LINCS_L1000_Chem_Pert_Consensus_Sigs,Fluphenazine Down,1/247,0.0833238908529418,0.0842981386900492,0,0,13.378726287262872,33.24640194313252,MECOM,8.537602531725058
LINCS_L1000_Chem_Pert_Consensus_Sigs,Duloxetine Up,2/247,0.004049753493788,0.0957483995431995,0,0,26.866666666666667,148.01113359835426,HEXB;EMP1,duloxetine,LINCS_L1000_Chem_Pert_Consensus_Sigs,Duloxetine Up,1/247,0.0833238908529418,0.0842981386900492,0,0,13.378726287262872,33.24640194313252,NR4A1,8.537602531725058
LINCS_L1000_Chem_Pert_Consensus_Sigs,EI-231 Down,2/247,0.004049753493788,0.0957483995431995,0,0,26.866666666666667,148.01113359835426,FCN3;EMP1,ei-231,LINCS_L1000_Chem_Pert_Consensus_Sigs,EI-231 Down,1/247,0.0833238908529418,0.0842981386900492,0,0,13.378726287262872,33.24640194313252,MECOM,8.537602531725058
LINCS_L1000_Chem_Pert_Consensus_Sigs,L-733060 Down,1/250,0.0957483995431995,0.0957483995431995,0,0,11.327022375215146,26.57354977580402,EMP1,l-733060,LINCS_L1000_Chem_Pert_Consensus_Sigs,L-733060 Down,2/250,0.0031356123465453,0.0193558126625532,0,0,31.846774193548388,183.59444936913107,MECOM;VWF,8.535018224957737
LINCS_L1000_Chem_Pert_Consensus_Sigs,Swainsonine Down,1/250,0.0957483995431995,0.0957483995431995,0,0,11.327022375215146,26.57354977580402,EMP1,swainsonine,LINCS_L1000_Chem_Pert_Consensus_Sigs,Swainsonine Down,2/250,0.0031356123465453,0.0193558126625532,0,0,31.846774193548388,183.59444936913107,MECOM;VWF,8.535018224957737
LINCS_L1000_Chem_Pert_Consensus_Sigs,YL-58 Up,1/250,0.0957483995431995,0.0957483995431995,0,0,11.327022375215146,26.57354977580402,SOHLH2,yl-58,LINCS_L1000_Chem_Pert_Consensus_Sigs,YL-58 Up,2/250,0.0031356123465453,0.0193558126625532,0,0,31.846774193548388,183.59444936913107,MECOM;VWF,8.535018224957737
LINCS_L1000_Chem_Pert_Consensus_Sigs,7-Aminocephalosporanic-Acid Down,2/247,0.004049753493788,0.0957483995431995,0,0,26.866666666666667,148.01113359835426,PROS1;EMP1,7-aminocephalosporanic-acid,LINCS_L1000_Chem_Pert_Consensus_Sigs,7-Aminocephalosporanic-Acid Up,1/249,0.0839734880768169,0.0842981386900492,0,0,13.269489247311828,32.87189728093677,MECOM,8.52660670711278
LINCS_L1000_Chem_Pert_Consensus_Sigs,STK-397047 Up,2/248,0.0040818594270441,0.0957483995431995,0,0,26.75609756097561,147.19071487197914,FCN3;EMP1,stk-397047,LINCS_L1000_Chem_Pert_Consensus_Sigs,STK-397047 Up,1/248,0.0836487388013027,0.0842981386900492,0,0,13.323886639676113,33.05828058514445,NR4A1,8.526573250234422
LINCS_L1000_Chem_Pert_Consensus_Sigs,BW-180C Up,2/248,0.0040818594270441,0.0957483995431995,0,0,26.75609756097561,147.19071487197914,HEXB;EMP1,bw-180c,LINCS_L1000_Chem_Pert_Consensus_Sigs,BW-180C Up,1/248,0.0836487388013027,0.0842981386900492,0,0,13.323886639676113,33.05828058514445,MECOM,8.526573250234422
LINCS_L1000_Chem_Pert_Consensus_Sigs,Neostigmine Down,2/248,0.0040818594270441,0.0957483995431995,0,0,26.75609756097561,147.19071487197914,HEXB;EMP1,neostigmine,LINCS_L1000_Chem_Pert_Consensus_Sigs,Neostigmine Up,1/249,0.0839734880768169,0.0842981386900492,0,0,13.269489247311828,32.87189728093677,ANGPT2,8.521085740035799
LINCS_L1000_Chem_Pert_Consensus_Sigs,Clorsulon Down,2/249,0.0041140855531755,0.0957483995431995,0,0,26.64642375168691,146.377830607865,FCN3;HEXB,clorsulon,LINCS_L1000_Chem_Pert_Consensus_Sigs,Clorsulon Down,1/249,0.0839734880768169,0.0842981386900492,0,0,13.269489247311828,32.87189728093677,MECOM,8.51558524733414
LINCS_L1000_Chem_Pert_Consensus_Sigs,Mestranol Down,2/249,0.0041140855531755,0.0957483995431995,0,0,26.64642375168691,146.377830607865,HEXB;EMP1,mestranol,LINCS_L1000_Chem_Pert_Consensus_Sigs,Mestranol Down,1/249,0.0839734880768169,0.0842981386900492,0,0,13.269489247311828,32.87189728093677,MECOM,8.51558524733414
LINCS_L1000_Chem_Pert_Consensus_Sigs,Bromopride Up,2/249,0.0041140855531755,0.0957483995431995,0,0,26.64642375168691,146.377830607865,PROS1;EMP1,bromopride,LINCS_L1000_Chem_Pert_Consensus_Sigs,Bromopride Up,1/249,0.0839734880768169,0.0842981386900492,0,0,13.269489247311828,32.87189728093677,MECOM,8.51558524733414
LINCS_L1000_Chem_Pert_Consensus_Sigs,UNC-0638 Up,2/249,0.0041140855531755,0.0957483995431995,0,0,26.64642375168691,146.377830607865,HEXB;EMP1,unc-0638,LINCS_L1000_Chem_Pert_Consensus_Sigs,UNC-0638 Down,1/249,0.0839734880768169,0.0842981386900492,0,0,13.269489247311828,32.87189728093677,VWF,8.51558524733414
LINCS_L1000_Chem_Pert_Consensus_Sigs,SB-218078 Up,1/235,0.0902386157269753,0.0957483995431995,0,0,12.062271062271062,29.013354426090743,HEXB,sb-218078,LINCS_L1000_Chem_Pert_Consensus_Sigs,SB-218078 Up,1/235,0.0794180095954306,0.0842981386900492,0,0,14.073361823361823,35.64824932276325,MECOM,7.003008089886201
LINCS_L1000_Chem_Pert_Consensus_Sigs,Narciclasine Up,1/237,0.0909749466079494,0.0957483995431995,0,0,11.958837772397096,28.66738056511164,EMP1,narciclasine,LINCS_L1000_Chem_Pert_Consensus_Sigs,Narciclasine Up,1/237,0.0800699786570373,0.0842981386900492,0,0,13.95268361581921,35.22849313257054,NR4A1,6.979894057105229
LINCS_L1000_Chem_Pert_Consensus_Sigs,CHEMBL-399379 Down,1/247,0.0946487846102068,0.0957483995431995,0,0,11.466898954703831,27.03415734979564,HEXB,chembl-399379,LINCS_L1000_Chem_Pert_Consensus_Sigs,CHEMBL-399379 Up,1/231,0.0781128832591342,0.0842981386900492,0,0,14.321014492753624,36.51286252103994,VWF,6.958107546771291
LINCS_L1000_Chem_Pert_Consensus_Sigs,Syringic-Acid Down,1/239,0.0917107559627223,0.0957483995431995,0,0,11.857142857142858,28.328085107499632,EMP1,syringic-acid,LINCS_L1000_Chem_Pert_Consensus_Sigs,Syringic-Acid Down,1/239,0.0807215519095374,0.0842981386900492,0,0,13.834033613445378,34.816799632187255,NR4A1,6.9569626398186974
LINCS_L1000_Chem_Pert_Consensus_Sigs,KO-143 Up,1/232,0.0891331408738941,0.0957483995431995,0,0,12.22077922077922,29.54524990317953,EMP1,ko-143,LINCS_L1000_Chem_Pert_Consensus_Sigs,KO-143 Down,1/247,0.0833238908529418,0.0842981386900492,0,0,13.378726287262872,33.24640194313252,NR4A1,6.952790693978654
LINCS_L1000_Chem_Pert_Consensus_Sigs,LY-2606368 Down,1/247,0.0946487846102068,0.0957483995431995,0,0,11.466898954703831,27.03415734979564,HEXB,ly-2606368,LINCS_L1000_Chem_Pert_Consensus_Sigs,LY-2606368 Up,1/233,0.0787656445399449,0.0842981386900492,0,0,14.196120689655173,36.07629430715471,NR4A1,6.946401469969649
LINCS_L1000_Chem_Pert_Consensus_Sigs,PF-04217903 Down,1/240,0.0920784651859131,0.0957483995431995,0,0,11.806933652121936,28.160884911121965,EMP1,pf-04217903,LINCS_L1000_Chem_Pert_Consensus_Sigs,PF-04217903 Down,1/240,0.081047190165139,0.0842981386900492,0,0,13.775453277545328,34.613907919373425,MECOM,6.945564486884402
LINCS_L1000_Chem_Pert_Consensus_Sigs,NU-7441 Down,1/240,0.0920784651859131,0.0957483995431995,0,0,11.806933652121936,28.160884911121965,EMP1,nu-7441,LINCS_L1000_Chem_Pert_Consensus_Sigs,NU-7441 Down,1/240,0.081047190165139,0.0842981386900492,0,0,13.775453277545328,34.613907919373425,VWF,6.945564486884402
LINCS_L1000_Chem_Pert_Consensus_Sigs,SA-1456456 Down,1/240,0.0920784651859131,0.0957483995431995,0,0,11.806933652121936,28.160884911121965,HEXB,sa-1456456,LINCS_L1000_Chem_Pert_Consensus_Sigs,SA-1456456 Down,1/240,0.081047190165139,0.0842981386900492,0,0,13.775453277545328,34.613907919373425,NR4A1,6.945564486884402
LINCS_L1000_Chem_Pert_Consensus_Sigs,Anisomycin Up,1/240,0.0920784651859131,0.0957483995431995,0,0,11.806933652121936,28.160884911121965,EMP1,anisomycin,LINCS_L1000_Chem_Pert_Consensus_Sigs,Anisomycin Up,1/240,0.081047190165139,0.0842981386900492,0,0,13.775453277545328,34.613907919373425,NR4A1,6.945564486884402
LINCS_L1000_Chem_Pert_Consensus_Sigs,MLN-0128 Up,1/240,0.0920784651859131,0.0957483995431995,0,0,11.806933652121936,28.160884911121965,EMP1,mln-0128,LINCS_L1000_Chem_Pert_Consensus_Sigs,MLN-0128 Up,1/240,0.081047190165139,0.0842981386900492,0,0,13.775453277545328,34.613907919373425,VWF,6.945564486884402
LINCS_L1000_Chem_Pert_Consensus_Sigs,VU-0415556-1 Down,1/240,0.0920784651859131,0.0957483995431995,0,0,11.806933652121936,28.160884911121965,EMP1,vu-0415556-1,LINCS_L1000_Chem_Pert_Consensus_Sigs,VU-0415556-1 Down,1/240,0.081047190165139,0.0842981386900492,0,0,13.775453277545328,34.613907919373425,MECOM,6.945564486884402
LINCS_L1000_Chem_Pert_Consensus_Sigs,Avermectin Up,1/240,0.0920784651859131,0.0957483995431995,0,0,11.806933652121936,28.160884911121965,PROS1,avermectin,LINCS_L1000_Chem_Pert_Consensus_Sigs,Avermectin Up,1/240,0.081047190165139,0.0842981386900492,0,0,13.775453277545328,34.613907919373425,NR4A1,6.945564486884402
LINCS_L1000_Chem_Pert_Consensus_Sigs,JZL-184 Up,1/244,0.093547999824044,0.0957483995431995,0,0,11.610229276895945,27.507891072209866,PROS1,jzl-184,LINCS_L1000_Chem_Pert_Consensus_Sigs,JZL-184 Down,1/237,0.0800699786570373,0.0842981386900492,0,0,13.95268361581921,35.22849313257054,VWF,6.940026841015355
LINCS_L1000_Chem_Pert_Consensus_Sigs,ARG-A1-22 Down,1/240,0.0920784651859131,0.0957483995431995,0,0,11.806933652121936,28.160884911121965,EMP1,arg-a1-22,LINCS_L1000_Chem_Pert_Consensus_Sigs,ARG-A1-22 Up,1/241,0.0813727295550968,0.0842981386900492,0,0,13.717361111111112,34.41295067526482,VWF,6.939905844947836
LINCS_L1000_Chem_Pert_Consensus_Sigs,beta-CCP Down,1/241,0.092446044133206,0.0957483995431995,0,0,11.757142857142858,27.99528688024924,EMP1,beta-ccp,LINCS_L1000_Chem_Pert_Consensus_Sigs,beta-CCP Down,1/241,0.0813727295550968,0.0842981386900492,0,0,13.717361111111112,34.41295067526482,VWF,6.934210886929266
LINCS_L1000_Chem_Pert_Consensus_Sigs,Dilazep-Hcl Down,1/241,0.092446044133206,0.0957483995431995,0,0,11.757142857142858,27.99528688024924,EMP1,dilazep-hcl,LINCS_L1000_Chem_Pert_Consensus_Sigs,Dilazep-Hcl Down,1/241,0.0813727295550968,0.0842981386900492,0,0,13.717361111111112,34.41295067526482,ANGPT2,6.934210886929266
LINCS_L1000_Chem_Pert_Consensus_Sigs,VX-661 Down,1/241,0.092446044133206,0.0957483995431995,0,0,11.757142857142858,27.99528688024924,EMP1,vx-661,LINCS_L1000_Chem_Pert_Consensus_Sigs,VX-661 Down,1/241,0.0813727295550968,0.0842981386900492,0,0,13.717361111111112,34.41295067526482,MECOM,6.934210886929266
LINCS_L1000_Chem_Pert_Consensus_Sigs,Clocortolone Up,1/241,0.092446044133206,0.0957483995431995,0,0,11.757142857142858,27.99528688024924,PROS1,clocortolone,LINCS_L1000_Chem_Pert_Consensus_Sigs,Clocortolone Up,1/241,0.0813727295550968,0.0842981386900492,0,0,13.717361111111112,34.41295067526482,CKMT2,6.934210886929266
LINCS_L1000_Chem_Pert_Consensus_Sigs,PYM-50028 Down,1/241,0.092446044133206,0.0957483995431995,0,0,11.757142857142858,27.99528688024924,EMP1,pym-50028,LINCS_L1000_Chem_Pert_Consensus_Sigs,PYM-50028 Down,1/241,0.0813727295550968,0.0842981386900492,0,0,13.717361111111112,34.41295067526482,NR4A1,6.934210886929266
LINCS_L1000_Chem_Pert_Consensus_Sigs,QL-XII-47 Up,1/241,0.092446044133206,0.0957483995431995,0,0,11.757142857142858,27.99528688024924,EMP1,ql-xii-47,LINCS_L1000_Chem_Pert_Consensus_Sigs,QL-XII-47 Up,1/241,0.0813727295550968,0.0842981386900492,0,0,13.717361111111112,34.41295067526482,NR4A1,6.934210886929266
LINCS_L1000_Chem_Pert_Consensus_Sigs,Cercosporin Up,1/241,0.092446044133206,0.0957483995431995,0,0,11.757142857142858,27.99528688024924,EMP1,cercosporin,LINCS_L1000_Chem_Pert_Consensus_Sigs,Cercosporin Up,1/241,0.0813727295550968,0.0842981386900492,0,0,13.717361111111112,34.41295067526482,NR4A1,6.934210886929266
LINCS_L1000_Chem_Pert_Consensus_Sigs,Flunarizine Up,1/241,0.092446044133206,0.0957483995431995,0,0,11.757142857142858,27.99528688024924,HEXB,flunarizine,LINCS_L1000_Chem_Pert_Consensus_Sigs,Flunarizine Up,1/241,0.0813727295550968,0.0842981386900492,0,0,13.717361111111112,34.41295067526482,VWF,6.934210886929266
LINCS_L1000_Chem_Pert_Consensus_Sigs,Piroximone Down,1/241,0.092446044133206,0.0957483995431995,0,0,11.757142857142858,27.99528688024924,EMP1,piroximone,LINCS_L1000_Chem_Pert_Consensus_Sigs,Piroximone Down,1/241,0.0813727295550968,0.0842981386900492,0,0,13.717361111111112,34.41295067526482,MECOM,6.934210886929266
LINCS_L1000_Chem_Pert_Consensus_Sigs,Methylstat Down,1/241,0.092446044133206,0.0957483995431995,0,0,11.757142857142858,27.99528688024924,EMP1,methylstat,LINCS_L1000_Chem_Pert_Consensus_Sigs,Methylstat Down,1/241,0.0813727295550968,0.0842981386900492,0,0,13.717361111111112,34.41295067526482,MECOM,6.934210886929266
LINCS_L1000_Chem_Pert_Consensus_Sigs,Benfotiamine Down,1/241,0.092446044133206,0.0957483995431995,0,0,11.757142857142858,27.99528688024924,EMP1,benfotiamine,LINCS_L1000_Chem_Pert_Consensus_Sigs,Benfotiamine Down,1/241,0.0813727295550968,0.0842981386900492,0,0,13.717361111111112,34.41295067526482,NR4A1,6.934210886929266
LINCS_L1000_Chem_Pert_Consensus_Sigs,BI-D1870 Down,1/247,0.0946487846102068,0.0957483995431995,0,0,11.466898954703831,27.03415734979564,EMP1,bi-d1870,LINCS_L1000_Chem_Pert_Consensus_Sigs,BI-D1870 Up,1/236,0.0797440436207247,0.0842981386900492,0,0,14.012765957446808,35.43734944944773,NR4A1,6.9290180043997065
LINCS_L1000_Chem_Pert_Consensus_Sigs,1-Phenylbiguanide Up,1/239,0.0917107559627223,0.0957483995431995,0,0,11.857142857142858,28.328085107499632,FCN3,1-phenylbiguanide,LINCS_L1000_Chem_Pert_Consensus_Sigs,1-Phenylbiguanide Down,1/244,0.0823487547067955,0.0842981386900492,0,0,13.545953360768175,33.82142723079559,MECOM,6.928778515335207
LINCS_L1000_Chem_Pert_Consensus_Sigs,Eticlopride Down,1/236,0.0906068463642597,0.0957483995431995,0,0,12.01033434650456,28.83952111861742,EMP1,eticlopride,LINCS_L1000_Chem_Pert_Consensus_Sigs,Eticlopride Up,1/248,0.0836487388013027,0.0842981386900492,0,0,13.323886639676113,33.05828058514445,MECOM,6.9239069189239775
LINCS_L1000_Chem_Pert_Consensus_Sigs,KU-C103443N Up,1/245,0.0939150581317378,0.0957483995431995,0,0,11.562060889929745,27.348488863039687,EMP1,ku-c103443n,LINCS_L1000_Chem_Pert_Consensus_Sigs,KU-C103443N Down,1/239,0.0807215519095374,0.0842981386900492,0,0,13.834033613445378,34.816799632187255,MECOM,6.922990772667999
LINCS_L1000_Chem_Pert_Consensus_Sigs,Mitomycin-C Up,1/244,0.093547999824044,0.0957483995431995,0,0,11.610229276895945,27.507891072209866,EMP1,mitomycin-c,LINCS_L1000_Chem_Pert_Consensus_Sigs,Mitomycin-C Down,1/240,0.081047190165139,0.0842981386900492,0,0,13.775453277545328,34.613907919373425,ANGPT2,6.922917162135252
LINCS_L1000_Chem_Pert_Consensus_Sigs,Tcv-Cys Up,1/242,0.0928134928675034,0.0957483995431995,0,0,11.70776526378186,27.831269353724167,EMP1,tcv-cys,LINCS_L1000_Chem_Pert_Consensus_Sigs,Tcv-Cys Up,1/242,0.0816981700834687,0.0842981386900492,0,0,13.659751037344398,34.213901822844214,NR4A1,6.922901482385191
LINCS_L1000_Chem_Pert_Consensus_Sigs,Ro-90-7501 Down,1/242,0.0928134928675034,0.0957483995431995,0,0,11.70776526378186,27.831269353724167,EMP1,ro-90-7501,LINCS_L1000_Chem_Pert_Consensus_Sigs,Ro-90-7501 Down,1/242,0.0816981700834687,0.0842981386900492,0,0,13.659751037344398,34.213901822844214,NR4A1,6.922901482385191
LINCS_L1000_Chem_Pert_Consensus_Sigs,GS-9973 Down,1/242,0.0928134928675034,0.0957483995431995,0,0,11.70776526378186,27.831269353724167,EMP1,gs-9973,LINCS_L1000_Chem_Pert_Consensus_Sigs,GS-9973 Down,1/242,0.0816981700834687,0.0842981386900492,0,0,13.659751037344398,34.213901822844214,NR4A1,6.922901482385191
LINCS_L1000_Chem_Pert_Consensus_Sigs,KU-14R Down,1/242,0.0928134928675034,0.0957483995431995,0,0,11.70776526378186,27.831269353724167,EMP1,ku-14r,LINCS_L1000_Chem_Pert_Consensus_Sigs,KU-14R Down,1/242,0.0816981700834687,0.0842981386900492,0,0,13.659751037344398,34.213901822844214,VWF,6.922901482385191
LINCS_L1000_Chem_Pert_Consensus_Sigs,NCS-382 Down,1/242,0.0928134928675034,0.0957483995431995,0,0,11.70776526378186,27.831269353724167,HEXB,ncs-382,LINCS_L1000_Chem_Pert_Consensus_Sigs,NCS-382 Down,1/242,0.0816981700834687,0.0842981386900492,0,0,13.659751037344398,34.213901822844214,NR4A1,6.922901482385191
LINCS_L1000_Chem_Pert_Consensus_Sigs,Dimethadione Down,1/242,0.0928134928675034,0.0957483995431995,0,0,11.70776526378186,27.831269353724167,EMP1,dimethadione,LINCS_L1000_Chem_Pert_Consensus_Sigs,Dimethadione Down,1/242,0.0816981700834687,0.0842981386900492,0,0,13.659751037344398,34.213901822844214,MECOM,6.922901482385191
LINCS_L1000_Chem_Pert_Consensus_Sigs,T-0070907 Up,1/242,0.0928134928675034,0.0957483995431995,0,0,11.70776526378186,27.831269353724167,HEXB,t-0070907,LINCS_L1000_Chem_Pert_Consensus_Sigs,T-0070907 Up,1/242,0.0816981700834687,0.0842981386900492,0,0,13.659751037344398,34.213901822844214,MECOM,6.922901482385191
LINCS_L1000_Chem_Pert_Consensus_Sigs,Mannitol Down,1/242,0.0928134928675034,0.0957483995431995,0,0,11.70776526378186,27.831269353724167,FCN3,mannitol,LINCS_L1000_Chem_Pert_Consensus_Sigs,Mannitol Down,1/242,0.0816981700834687,0.0842981386900492,0,0,13.659751037344398,34.213901822844214,NR4A1,6.922901482385191
LINCS_L1000_Chem_Pert_Consensus_Sigs,Icilin Down,1/242,0.0928134928675034,0.0957483995431995,0,0,11.70776526378186,27.831269353724167,EMP1,icilin,LINCS_L1000_Chem_Pert_Consensus_Sigs,Icilin Down,1/242,0.0816981700834687,0.0842981386900492,0,0,13.659751037344398,34.213901822844214,VWF,6.922901482385191
LINCS_L1000_Chem_Pert_Consensus_Sigs,SA-90030 Down,1/242,0.0928134928675034,0.0957483995431995,0,0,11.70776526378186,27.831269353724167,EMP1,sa-90030,LINCS_L1000_Chem_Pert_Consensus_Sigs,SA-90030 Down,1/242,0.0816981700834687,0.0842981386900492,0,0,13.659751037344398,34.213901822844214,VWF,6.922901482385191
LINCS_L1000_Chem_Pert_Consensus_Sigs,CP-724714 Down,1/242,0.0928134928675034,0.0957483995431995,0,0,11.70776526378186,27.831269353724167,HEXB,cp-724714,LINCS_L1000_Chem_Pert_Consensus_Sigs,CP-724714 Down,1/242,0.0816981700834687,0.0842981386900492,0,0,13.659751037344398,34.213901822844214,NR4A1,6.922901482385191
LINCS_L1000_Chem_Pert_Consensus_Sigs,GALR3 ALARIN Up,1/243,0.0931808114265344,0.0957483995431995,0,0,11.65879574970484,27.66881105269825,EMP1,galr3,LINCS_L1000_Chem_Pert_Consensus_Sigs,GALR3 GALANIN Up,1/241,0.0813727295550968,0.0842981386900492,0,0,13.717361111111112,34.41295067526482,NR4A1,6.922887400473135
LINCS_L1000_Chem_Pert_Consensus_Sigs,Hydrocotarnine Down,1/243,0.0931808114265344,0.0957483995431995,0,0,11.65879574970484,27.66881105269825,EMP1,hydrocotarnine,LINCS_L1000_Chem_Pert_Consensus_Sigs,Hydrocotarnine Up,1/241,0.0813727295550968,0.0842981386900492,0,0,13.717361111111112,34.41295067526482,MECOM,6.922887400473135
LINCS_L1000_Chem_Pert_Consensus_Sigs,VU-0415011 Down,1/240,0.0920784651859131,0.0957483995431995,0,0,11.806933652121936,28.160884911121965,EMP1,vu-0415011,LINCS_L1000_Chem_Pert_Consensus_Sigs,VU-0415011 Up,1/245,0.0826738988226842,0.0842981386900492,0,0,13.489754098360656,33.62795157434762,VWF,6.917489458325216
LINCS_L1000_Chem_Pert_Consensus_Sigs,Broxuridine Up,1/244,0.093547999824044,0.0957483995431995,0,0,11.610229276895945,27.507891072209866,EMP1,broxuridine,LINCS_L1000_Chem_Pert_Consensus_Sigs,Broxuridine Down,1/241,0.0813727295550968,0.0842981386900492,0,0,13.717361111111112,34.41295067526482,MECOM,6.917258520198686
LINCS_L1000_Chem_Pert_Consensus_Sigs,Colistin Down,1/243,0.0931808114265344,0.0957483995431995,0,0,11.65879574970484,27.66881105269825,PROS1,colistin,LINCS_L1000_Chem_Pert_Consensus_Sigs,Colistin Up,1/242,0.0816981700834687,0.0842981386900492,0,0,13.659751037344398,34.213901822844214,VWF,6.91725075173709
LINCS_L1000_Chem_Pert_Consensus_Sigs,ZD-7155 Down,1/241,0.092446044133206,0.0957483995431995,0,0,11.757142857142858,27.99528688024924,EMP1,zd-7155,LINCS_L1000_Chem_Pert_Consensus_Sigs,ZD-7155 Up,1/245,0.0826738988226842,0.0842981386900492,0,0,13.489754098360656,33.62795157434762,MECOM,6.911794500306646
LINCS_L1000_Chem_Pert_Consensus_Sigs,Moxisylyte Down,1/241,0.092446044133206,0.0957483995431995,0,0,11.757142857142858,27.99528688024924,EMP1,moxisylyte,LINCS_L1000_Chem_Pert_Consensus_Sigs,Moxisylyte Up,1/245,0.0826738988226842,0.0842981386900492,0,0,13.489754098360656,33.62795157434762,MECOM,6.911794500306646
LINCS_L1000_Chem_Pert_Consensus_Sigs,FGFR3 GALP Down,1/246,0.0942819863760005,0.0957483995431995,0,0,11.514285714285714,27.190584236877303,EMP1,fgfr3,LINCS_L1000_Chem_Pert_Consensus_Sigs,FGFR3 FBS Down,1/240,0.081047190165139,0.0842981386900492,0,0,13.775453277545328,34.613907919373425,CKMT2,6.911724263338407
LINCS_L1000_Chem_Pert_Consensus_Sigs,KU-C104220 Down,1/245,0.0939150581317378,0.0957483995431995,0,0,11.562060889929745,27.348488863039687,EMP1,ku-c104220,LINCS_L1000_Chem_Pert_Consensus_Sigs,KU-C104220 Up,1/241,0.0813727295550968,0.0842981386900492,0,0,13.717361111111112,34.41295067526482,VWF,6.911651317383632
LINCS_L1000_Chem_Pert_Consensus_Sigs,Etomidate Down,1/243,0.0931808114265344,0.0957483995431995,0,0,11.65879574970484,27.66881105269825,EMP1,etomidate,LINCS_L1000_Chem_Pert_Consensus_Sigs,Etomidate Down,1/243,0.0820235117898582,0.0842981386900492,0,0,13.602617079889807,34.016735734758925,VWF,6.911635920007363
LINCS_L1000_Chem_Pert_Consensus_Sigs,Cilomilast Down,1/243,0.0931808114265344,0.0957483995431995,0,0,11.65879574970484,27.66881105269825,EMP1,cilomilast,LINCS_L1000_Chem_Pert_Consensus_Sigs,Cilomilast Up,1/243,0.0820235117898582,0.0842981386900492,0,0,13.602617079889807,34.016735734758925,NR4A1,6.911635920007363
LINCS_L1000_Chem_Pert_Consensus_Sigs,Salubrinal Up,1/243,0.0931808114265344,0.0957483995431995,0,0,11.65879574970484,27.66881105269825,EMP1,salubrinal,LINCS_L1000_Chem_Pert_Consensus_Sigs,Salubrinal Up,1/243,0.0820235117898582,0.0842981386900492,0,0,13.602617079889807,34.016735734758925,VWF,6.911635920007363
LINCS_L1000_Chem_Pert_Consensus_Sigs,Equilin Down,1/243,0.0931808114265344,0.0957483995431995,0,0,11.65879574970484,27.66881105269825,EMP1,equilin,LINCS_L1000_Chem_Pert_Consensus_Sigs,Equilin Down,1/243,0.0820235117898582,0.0842981386900492,0,0,13.602617079889807,34.016735734758925,VWF,6.911635920007363
LINCS_L1000_Chem_Pert_Consensus_Sigs,SB-258585 Up,1/243,0.0931808114265344,0.0957483995431995,0,0,11.65879574970484,27.66881105269825,SOHLH2,sb-258585,LINCS_L1000_Chem_Pert_Consensus_Sigs,SB-258585 Up,1/243,0.0820235117898582,0.0842981386900492,0,0,13.602617079889807,34.016735734758925,MECOM,6.911635920007363
LINCS_L1000_Chem_Pert_Consensus_Sigs,NSC-663284 Up,1/243,0.0931808114265344,0.0957483995431995,0,0,11.65879574970484,27.66881105269825,EMP1,nsc-663284,LINCS_L1000_Chem_Pert_Consensus_Sigs,NSC-663284 Up,1/243,0.0820235117898582,0.0842981386900492,0,0,13.602617079889807,34.016735734758925,NR4A1,6.911635920007363
LINCS_L1000_Chem_Pert_Consensus_Sigs,Carbacyclin Down,1/243,0.0931808114265344,0.0957483995431995,0,0,11.65879574970484,27.66881105269825,EMP1,carbacyclin,LINCS_L1000_Chem_Pert_Consensus_Sigs,Carbacyclin Down,1/243,0.0820235117898582,0.0842981386900492,0,0,13.602617079889807,34.016735734758925,MECOM,6.911635920007363
LINCS_L1000_Chem_Pert_Consensus_Sigs,SA-1922959 Down,1/243,0.0931808114265344,0.0957483995431995,0,0,11.65879574970484,27.66881105269825,EMP1,sa-1922959,LINCS_L1000_Chem_Pert_Consensus_Sigs,SA-1922959 Down,1/243,0.0820235117898582,0.0842981386900492,0,0,13.602617079889807,34.016735734758925,VWF,6.911635920007363
LINCS_L1000_Chem_Pert_Consensus_Sigs,Thenoyltrifluoroacetone Up,1/243,0.0931808114265344,0.0957483995431995,0,0,11.65879574970484,27.66881105269825,EMP1,thenoyltrifluoroacetone,LINCS_L1000_Chem_Pert_Consensus_Sigs,Thenoyltrifluoroacetone Up,1/243,0.0820235117898582,0.0842981386900492,0,0,13.602617079889807,34.016735734758925,MECOM,6.911635920007363
LINCS_L1000_Chem_Pert_Consensus_Sigs,Fenipentol Down,1/243,0.0931808114265344,0.0957483995431995,0,0,11.65879574970484,27.66881105269825,EMP1,fenipentol,LINCS_L1000_Chem_Pert_Consensus_Sigs,Fenipentol Down,1/243,0.0820235117898582,0.0842981386900492,0,0,13.602617079889807,34.016735734758925,VWF,6.911635920007363
LINCS_L1000_Chem_Pert_Consensus_Sigs,Canertinib Up,1/243,0.0931808114265344,0.0957483995431995,0,0,11.65879574970484,27.66881105269825,HEXB,canertinib,LINCS_L1000_Chem_Pert_Consensus_Sigs,Canertinib Up,1/243,0.0820235117898582,0.0842981386900492,0,0,13.602617079889807,34.016735734758925,MECOM,6.911635920007363
LINCS_L1000_Chem_Pert_Consensus_Sigs,L-692585 Down,1/243,0.0931808114265344,0.0957483995431995,0,0,11.65879574970484,27.66881105269825,HEXB,l-692585,LINCS_L1000_Chem_Pert_Consensus_Sigs,L-692585 Down,1/243,0.0820235117898582,0.0842981386900492,0,0,13.602617079889807,34.016735734758925,NR4A1,6.911635920007363
LINCS_L1000_Chem_Pert_Consensus_Sigs,VP-20629 Down,1/243,0.0931808114265344,0.0957483995431995,0,0,11.65879574970484,27.66881105269825,HEXB,vp-20629,LINCS_L1000_Chem_Pert_Consensus_Sigs,VP-20629 Down,1/243,0.0820235117898582,0.0842981386900492,0,0,13.602617079889807,34.016735734758925,MECOM,6.911635920007363
LINCS_L1000_Chem_Pert_Consensus_Sigs,SC-9 Down,1/243,0.0931808114265344,0.0957483995431995,0,0,11.65879574970484,27.66881105269825,EMP1,sc-9,LINCS_L1000_Chem_Pert_Consensus_Sigs,SC-9 Up,1/243,0.0820235117898582,0.0842981386900492,0,0,13.602617079889807,34.016735734758925,MECOM,6.911635920007363
LINCS_L1000_Chem_Pert_Consensus_Sigs,Kakonein Down,1/243,0.0931808114265344,0.0957483995431995,0,0,11.65879574970484,27.66881105269825,EMP1,kakonein,LINCS_L1000_Chem_Pert_Consensus_Sigs,Kakonein Down,1/243,0.0820235117898582,0.0842981386900492,0,0,13.602617079889807,34.016735734758925,VWF,6.911635920007363
LINCS_L1000_Chem_Pert_Consensus_Sigs,Hydrocotarnine Down,1/243,0.0931808114265344,0.0957483995431995,0,0,11.65879574970484,27.66881105269825,EMP1,hydrocotarnine,LINCS_L1000_Chem_Pert_Consensus_Sigs,Hydrocotarnine Down,1/243,0.0820235117898582,0.0842981386900492,0,0,13.602617079889807,34.016735734758925,VWF,6.911635920007363
LINCS_L1000_Chem_Pert_Consensus_Sigs,PP-110 Down,1/243,0.0931808114265344,0.0957483995431995,0,0,11.65879574970484,27.66881105269825,EMP1,pp-110,LINCS_L1000_Chem_Pert_Consensus_Sigs,PP-110 Down,1/243,0.0820235117898582,0.0842981386900492,0,0,13.602617079889807,34.016735734758925,NR4A1,6.911635920007363
LINCS_L1000_Chem_Pert_Consensus_Sigs,GALR3 ALARIN Up,1/243,0.0931808114265344,0.0957483995431995,0,0,11.65879574970484,27.66881105269825,EMP1,galr3,LINCS_L1000_Chem_Pert_Consensus_Sigs,GALR3 ALARIN Down,1/243,0.0820235117898582,0.0842981386900492,0,0,13.602617079889807,34.016735734758925,MECOM,6.911635920007363
LINCS_L1000_Chem_Pert_Consensus_Sigs,GALR3 ALARIN Up,1/243,0.0931808114265344,0.0957483995431995,0,0,11.65879574970484,27.66881105269825,EMP1,galr3,LINCS_L1000_Chem_Pert_Consensus_Sigs,GALR3 ALARIN Up,1/243,0.0820235117898582,0.0842981386900492,0,0,13.602617079889807,34.016735734758925,VWF,6.911635920007363
LINCS_L1000_Chem_Pert_Consensus_Sigs,GW-4064 Down,1/243,0.0931808114265344,0.0957483995431995,0,0,11.65879574970484,27.66881105269825,HEXB,gw-4064,LINCS_L1000_Chem_Pert_Consensus_Sigs,GW-4064 Down,1/243,0.0820235117898582,0.0842981386900492,0,0,13.602617079889807,34.016735734758925,ANGPT2,6.911635920007363
LINCS_L1000_Chem_Pert_Consensus_Sigs,Blebbistatin Down,1/243,0.0931808114265344,0.0957483995431995,0,0,11.65879574970484,27.66881105269825,EMP1,blebbistatin,LINCS_L1000_Chem_Pert_Consensus_Sigs,Blebbistatin Down,1/243,0.0820235117898582,0.0842981386900492,0,0,13.602617079889807,34.016735734758925,NR4A1,6.911635920007363
LINCS_L1000_Chem_Pert_Consensus_Sigs,Telenzepine Down,1/243,0.0931808114265344,0.0957483995431995,0,0,11.65879574970484,27.66881105269825,EMP1,telenzepine,LINCS_L1000_Chem_Pert_Consensus_Sigs,Telenzepine Down,1/243,0.0820235117898582,0.0842981386900492,0,0,13.602617079889807,34.016735734758925,VWF,6.911635920007363
LINCS_L1000_Chem_Pert_Consensus_Sigs,KUC103903N Down,1/243,0.0931808114265344,0.0957483995431995,0,0,11.65879574970484,27.66881105269825,HEXB,kuc103903n,LINCS_L1000_Chem_Pert_Consensus_Sigs,KUC103903N Down,1/243,0.0820235117898582,0.0842981386900492,0,0,13.602617079889807,34.016735734758925,NR4A1,6.911635920007363
LINCS_L1000_Chem_Pert_Consensus_Sigs,Bacampicilline Down,1/239,0.0917107559627223,0.0957483995431995,0,0,11.857142857142858,28.328085107499632,PROS1,bacampicilline,LINCS_L1000_Chem_Pert_Consensus_Sigs,Bacampicilline Up,1/248,0.0836487388013027,0.0842981386900492,0,0,13.323886639676113,33.05828058514445,NR4A1,6.906618785033691
LINCS_L1000_Chem_Pert_Consensus_Sigs,Ochratoxin-A Up,1/249,0.0953819911408738,0.0957483995431995,0,0,11.373271889400922,26.725659126474643,FCN3,ochratoxin-a,LINCS_L1000_Chem_Pert_Consensus_Sigs,Ochratoxin-A Down,1/238,0.0803958147435459,0.0842981386900492,0,0,13.893108298171589,35.021652363344536,NR4A1,6.9064785188691715
LINCS_L1000_Chem_Pert_Consensus_Sigs,MW-SHH-54 Down,1/240,0.0920784651859131,0.0957483995431995,0,0,11.806933652121936,28.160884911121965,EMP1,mw-shh-54,LINCS_L1000_Chem_Pert_Consensus_Sigs,MW-SHH-54 Up,1/247,0.0833238908529418,0.0842981386900492,0,0,13.378726287262872,33.24640194313252,MECOM,6.906409759860852
LINCS_L1000_Chem_Pert_Consensus_Sigs,Nifedipine Down,1/240,0.0920784651859131,0.0957483995431995,0,0,11.806933652121936,28.160884911121965,EMP1,nifedipine,LINCS_L1000_Chem_Pert_Consensus_Sigs,Nifedipine Up,1/247,0.0833238908529418,0.0842981386900492,0,0,13.378726287262872,33.24640194313252,MECOM,6.906409759860852
LINCS_L1000_Chem_Pert_Consensus_Sigs,SB-200646 Down,1/248,0.0950154528496176,0.0957483995431995,0,0,11.419895893580104,26.879188702856474,EMP1,sb-200646,LINCS_L1000_Chem_Pert_Consensus_Sigs,SB-200646 Up,1/239,0.0807215519095374,0.0842981386900492,0,0,13.834033613445378,34.816799632187255,VWF,6.906297532664226
LINCS_L1000_Chem_Pert_Consensus_Sigs,Clocortolone Up,1/241,0.092446044133206,0.0957483995431995,0,0,11.757142857142858,27.99528688024924,PROS1,clocortolone,LINCS_L1000_Chem_Pert_Consensus_Sigs,Clocortolone Down,1/246,0.0829989442057065,0.0842981386900492,0,0,13.434013605442177,33.4362844427817,MECOM,6.906244084210608
LINCS_L1000_Chem_Pert_Consensus_Sigs,MSX-122 Down,1/242,0.0928134928675034,0.0957483995431995,0,0,11.70776526378186,27.831269353724167,EMP1,msx-122,LINCS_L1000_Chem_Pert_Consensus_Sigs,MSX-122 Up,1/245,0.0826738988226842,0.0842981386900492,0,0,13.489754098360656,33.62795157434762,CKMT2,6.906121744498616
LINCS_L1000_Chem_Pert_Consensus_Sigs,Benzofuran Down,1/242,0.0928134928675034,0.0957483995431995,0,0,11.70776526378186,27.831269353724167,EMP1,benzofuran,LINCS_L1000_Chem_Pert_Consensus_Sigs,Benzofuran Up,1/245,0.0826738988226842,0.0842981386900492,0,0,13.489754098360656,33.62795157434762,VWF,6.906121744498616
LINCS_L1000_Chem_Pert_Consensus_Sigs,XMD-1150 Down,1/246,0.0942819863760005,0.0957483995431995,0,0,11.514285714285714,27.190584236877303,EMP1,xmd-1150,LINCS_L1000_Chem_Pert_Consensus_Sigs,XMD-1150 Up,1/241,0.0813727295550968,0.0842981386900492,0,0,13.717361111111112,34.41295067526482,NR4A1,6.906065621401841
LINCS_L1000_Chem_Pert_Consensus_Sigs,GALR3 GALP Up,1/246,0.0942819863760005,0.0957483995431995,0,0,11.514285714285714,27.190584236877303,EMP1,galr3,LINCS_L1000_Chem_Pert_Consensus_Sigs,GALR3 GALANIN Up,1/241,0.0813727295550968,0.0842981386900492,0,0,13.717361111111112,34.41295067526482,NR4A1,6.906065621401841
LINCS_L1000_Chem_Pert_Consensus_Sigs,Ginkgetin Down,1/243,0.0931808114265344,0.0957483995431995,0,0,11.65879574970484,27.66881105269825,FCN3,ginkgetin,LINCS_L1000_Chem_Pert_Consensus_Sigs,Ginkgetin Up,1/244,0.0823487547067955,0.0842981386900492,0,0,13.545953360768175,33.82142723079559,MECOM,6.906042731274011
LINCS_L1000_Chem_Pert_Consensus_Sigs,Rufloxacin Down,1/243,0.0931808114265344,0.0957483995431995,0,0,11.65879574970484,27.66881105269825,FCN3,rufloxacin,LINCS_L1000_Chem_Pert_Consensus_Sigs,Rufloxacin Up,1/244,0.0823487547067955,0.0842981386900492,0,0,13.545953360768175,33.82142723079559,VWF,6.906042731274011
LINCS_L1000_Chem_Pert_Consensus_Sigs,SCH-58261 Up,1/243,0.0931808114265344,0.0957483995431995,0,0,11.65879574970484,27.66881105269825,EMP1,sch-58261,LINCS_L1000_Chem_Pert_Consensus_Sigs,SCH-58261 Down,1/244,0.0823487547067955,0.0842981386900492,0,0,13.545953360768175,33.82142723079559,MECOM,6.906042731274011
LINCS_L1000_Chem_Pert_Consensus_Sigs,Dexchlorpheniramine Down,1/244,0.093547999824044,0.0957483995431995,0,0,11.610229276895945,27.507891072209866,FCN3,dexchlorpheniramine,LINCS_L1000_Chem_Pert_Consensus_Sigs,Dexchlorpheniramine Up,1/243,0.0820235117898582,0.0842981386900492,0,0,13.602617079889807,34.016735734758925,CLDN5,6.906007039732914
LINCS_L1000_Chem_Pert_Consensus_Sigs,Fenipentol Up,1/244,0.093547999824044,0.0957483995431995,0,0,11.610229276895945,27.507891072209866,HEXB,fenipentol,LINCS_L1000_Chem_Pert_Consensus_Sigs,Fenipentol Down,1/243,0.0820235117898582,0.0842981386900492,0,0,13.602617079889807,34.016735734758925,VWF,6.906007039732914
LINCS_L1000_Chem_Pert_Consensus_Sigs,Salubrinal Down,1/244,0.093547999824044,0.0957483995431995,0,0,11.610229276895945,27.507891072209866,FCN3,salubrinal,LINCS_L1000_Chem_Pert_Consensus_Sigs,Salubrinal Up,1/243,0.0820235117898582,0.0842981386900492,0,0,13.602617079889807,34.016735734758925,VWF,6.906007039732914
LINCS_L1000_Chem_Pert_Consensus_Sigs,Avermectin Up,1/240,0.0920784651859131,0.0957483995431995,0,0,11.806933652121936,28.160884911121965,PROS1,avermectin,LINCS_L1000_Chem_Pert_Consensus_Sigs,Avermectin Down,1/248,0.0836487388013027,0.0842981386900492,0,0,13.323886639676113,33.05828058514445,MECOM,6.9009014454471975
LINCS_L1000_Chem_Pert_Consensus_Sigs,Metatinib Up,1/248,0.0950154528496176,0.0957483995431995,0,0,11.419895893580104,26.879188702856474,EMP1,metatinib,LINCS_L1000_Chem_Pert_Consensus_Sigs,Metatinib Down,1/240,0.081047190165139,0.0842981386900492,0,0,13.775453277545328,34.613907919373425,NR4A1,6.9006167193164245
LINCS_L1000_Chem_Pert_Consensus_Sigs,Avermectin Down,1/248,0.0950154528496176,0.0957483995431995,0,0,11.419895893580104,26.879188702856474,EMP1,avermectin,LINCS_L1000_Chem_Pert_Consensus_Sigs,Avermectin Up,1/240,0.081047190165139,0.0842981386900492,0,0,13.775453277545328,34.613907919373425,NR4A1,6.9006167193164245
LINCS_L1000_Chem_Pert_Consensus_Sigs,Oxaprozin Up,1/242,0.0928134928675034,0.0957483995431995,0,0,11.70776526378186,27.831269353724167,FCN3,oxaprozin,LINCS_L1000_Chem_Pert_Consensus_Sigs,Oxaprozin Down,1/246,0.0829989442057065,0.0842981386900492,0,0,13.434013605442177,33.4362844427817,NR4A1,6.900571328402578
LINCS_L1000_Chem_Pert_Consensus_Sigs,Tetramisole Down,1/242,0.0928134928675034,0.0957483995431995,0,0,11.70776526378186,27.831269353724167,EMP1,tetramisole,LINCS_L1000_Chem_Pert_Consensus_Sigs,Tetramisole Up,1/246,0.0829989442057065,0.0842981386900492,0,0,13.434013605442177,33.4362844427817,MECOM,6.900571328402578
LINCS_L1000_Chem_Pert_Consensus_Sigs,FK-866 Down,1/243,0.0931808114265344,0.0957483995431995,0,0,11.65879574970484,27.66881105269825,HEXB,fk-866,LINCS_L1000_Chem_Pert_Consensus_Sigs,FK-866 Up,1/245,0.0826738988226842,0.0842981386900492,0,0,13.489754098360656,33.62795157434762,VWF,6.900471013850515
LINCS_L1000_Chem_Pert_Consensus_Sigs,PD-128907 Up,1/246,0.0942819863760005,0.0957483995431995,0,0,11.514285714285714,27.190584236877303,EMP1,pd-128907,LINCS_L1000_Chem_Pert_Consensus_Sigs,PD-128907 Down,1/242,0.0816981700834687,0.0842981386900492,0,0,13.659751037344398,34.213901822844214,NR4A1,6.900428972665796
LINCS_L1000_Chem_Pert_Consensus_Sigs,Cevimeline Up,1/246,0.0942819863760005,0.0957483995431995,0,0,11.514285714285714,27.190584236877303,HEXB,cevimeline,LINCS_L1000_Chem_Pert_Consensus_Sigs,Cevimeline Down,1/242,0.0816981700834687,0.0842981386900492,0,0,13.659751037344398,34.213901822844214,VWF,6.900428972665796
LINCS_L1000_Chem_Pert_Consensus_Sigs,FU-JMBII113B Up,1/246,0.0942819863760005,0.0957483995431995,0,0,11.514285714285714,27.190584236877303,FCN3,fu-jmbii113b,LINCS_L1000_Chem_Pert_Consensus_Sigs,FU-JMBII113B Down,1/242,0.0816981700834687,0.0842981386900492,0,0,13.659751037344398,34.213901822844214,NR4A1,6.900428972665796
LINCS_L1000_Chem_Pert_Consensus_Sigs,Androsterone Down,1/246,0.0942819863760005,0.0957483995431995,0,0,11.514285714285714,27.190584236877303,HEXB,androsterone,LINCS_L1000_Chem_Pert_Consensus_Sigs,Androsterone Up,1/242,0.0816981700834687,0.0842981386900492,0,0,13.659751037344398,34.213901822844214,VWF,6.900428972665796
LINCS_L1000_Chem_Pert_Consensus_Sigs,Indirubin Up,1/244,0.093547999824044,0.0957483995431995,0,0,11.610229276895945,27.507891072209866,EMP1,indirubin,LINCS_L1000_Chem_Pert_Consensus_Sigs,Indirubin Up,1/244,0.0823487547067955,0.0842981386900492,0,0,13.545953360768175,33.82142723079559,MECOM,6.900413850999563
LINCS_L1000_Chem_Pert_Consensus_Sigs,Canthaxanthin Down,1/244,0.093547999824044,0.0957483995431995,0,0,11.610229276895945,27.507891072209866,EMP1,canthaxanthin,LINCS_L1000_Chem_Pert_Consensus_Sigs,Canthaxanthin Down,1/244,0.0823487547067955,0.0842981386900492,0,0,13.545953360768175,33.82142723079559,MECOM,6.900413850999563
LINCS_L1000_Chem_Pert_Consensus_Sigs,Picolinic-Acid Up,1/244,0.093547999824044,0.0957483995431995,0,0,11.610229276895945,27.507891072209866,EMP1,picolinic-acid,LINCS_L1000_Chem_Pert_Consensus_Sigs,Picolinic-Acid Up,1/244,0.0823487547067955,0.0842981386900492,0,0,13.545953360768175,33.82142723079559,MECOM,6.900413850999563
LINCS_L1000_Chem_Pert_Consensus_Sigs,LIVF001-017 Down,1/244,0.093547999824044,0.0957483995431995,0,0,11.610229276895945,27.507891072209866,EMP1,livf001-017,LINCS_L1000_Chem_Pert_Consensus_Sigs,LIVF001-017 Down,1/244,0.0823487547067955,0.0842981386900492,0,0,13.545953360768175,33.82142723079559,VWF,6.900413850999563
LINCS_L1000_Chem_Pert_Consensus_Sigs,Sulfamerazine Down,1/244,0.093547999824044,0.0957483995431995,0,0,11.610229276895945,27.507891072209866,EMP1,sulfamerazine,LINCS_L1000_Chem_Pert_Consensus_Sigs,Sulfamerazine Down,1/244,0.0823487547067955,0.0842981386900492,0,0,13.545953360768175,33.82142723079559,VWF,6.900413850999563
LINCS_L1000_Chem_Pert_Consensus_Sigs,Methylphenidate Up,1/244,0.093547999824044,0.0957483995431995,0,0,11.610229276895945,27.507891072209866,EMP1,methylphenidate,LINCS_L1000_Chem_Pert_Consensus_Sigs,Methylphenidate Up,1/244,0.0823487547067955,0.0842981386900492,0,0,13.545953360768175,33.82142723079559,VWF,6.900413850999563
LINCS_L1000_Chem_Pert_Consensus_Sigs,EMD-84 Up,1/244,0.093547999824044,0.0957483995431995,0,0,11.610229276895945,27.507891072209866,EMP1,emd-84,LINCS_L1000_Chem_Pert_Consensus_Sigs,EMD-84 Up,1/244,0.0823487547067955,0.0842981386900492,0,0,13.545953360768175,33.82142723079559,VWF,6.900413850999563
LINCS_L1000_Chem_Pert_Consensus_Sigs,GALR2 GALP Down,1/244,0.093547999824044,0.0957483995431995,0,0,11.610229276895945,27.507891072209866,HEXB,galr2,LINCS_L1000_Chem_Pert_Consensus_Sigs,GALR2 GALP Down,1/244,0.0823487547067955,0.0842981386900492,0,0,13.545953360768175,33.82142723079559,MECOM,6.900413850999563
LINCS_L1000_Chem_Pert_Consensus_Sigs,MW-SHH-97 Up,1/244,0.093547999824044,0.0957483995431995,0,0,11.610229276895945,27.507891072209866,PROS1,mw-shh-97,LINCS_L1000_Chem_Pert_Consensus_Sigs,MW-SHH-97 Up,1/244,0.0823487547067955,0.0842981386900492,0,0,13.545953360768175,33.82142723079559,NR4A1,6.900413850999563
LINCS_L1000_Chem_Pert_Consensus_Sigs,Dimemorfan Down,1/244,0.093547999824044,0.0957483995431995,0,0,11.610229276895945,27.507891072209866,EMP1,dimemorfan,LINCS_L1000_Chem_Pert_Consensus_Sigs,Dimemorfan Down,1/244,0.0823487547067955,0.0842981386900492,0,0,13.545953360768175,33.82142723079559,NR4A1,6.900413850999563
LINCS_L1000_Chem_Pert_Consensus_Sigs,Cloperastine Down,1/244,0.093547999824044,0.0957483995431995,0,0,11.610229276895945,27.507891072209866,PROS1,cloperastine,LINCS_L1000_Chem_Pert_Consensus_Sigs,Cloperastine Down,1/244,0.0823487547067955,0.0842981386900492,0,0,13.545953360768175,33.82142723079559,MECOM,6.900413850999563
LINCS_L1000_Chem_Pert_Consensus_Sigs,Sulbactam Down,1/244,0.093547999824044,0.0957483995431995,0,0,11.610229276895945,27.507891072209866,EMP1,sulbactam,LINCS_L1000_Chem_Pert_Consensus_Sigs,Sulbactam Down,1/244,0.0823487547067955,0.0842981386900492,0,0,13.545953360768175,33.82142723079559,VWF,6.900413850999563
LINCS_L1000_Chem_Pert_Consensus_Sigs,Sirtinol Up,1/244,0.093547999824044,0.0957483995431995,0,0,11.610229276895945,27.507891072209866,EMP1,sirtinol,LINCS_L1000_Chem_Pert_Consensus_Sigs,Sirtinol Up,1/244,0.0823487547067955,0.0842981386900492,0,0,13.545953360768175,33.82142723079559,VWF,6.900413850999563
LINCS_L1000_Chem_Pert_Consensus_Sigs,GGTI-297 Up,1/244,0.093547999824044,0.0957483995431995,0,0,11.610229276895945,27.507891072209866,EMP1,ggti-297,LINCS_L1000_Chem_Pert_Consensus_Sigs,GGTI-297 Up,1/244,0.0823487547067955,0.0842981386900492,0,0,13.545953360768175,33.82142723079559,VWF,6.900413850999563
LINCS_L1000_Chem_Pert_Consensus_Sigs,Uracil-Mustard Down,1/244,0.093547999824044,0.0957483995431995,0,0,11.610229276895945,27.507891072209866,FCN3,uracil-mustard,LINCS_L1000_Chem_Pert_Consensus_Sigs,Uracil-Mustard Down,1/244,0.0823487547067955,0.0842981386900492,0,0,13.545953360768175,33.82142723079559,VWF,6.900413850999563
LINCS_L1000_Chem_Pert_Consensus_Sigs,Propyl-Gallate Down,1/244,0.093547999824044,0.0957483995431995,0,0,11.610229276895945,27.507891072209866,EMP1,propyl-gallate,LINCS_L1000_Chem_Pert_Consensus_Sigs,Propyl-Gallate Down,1/244,0.0823487547067955,0.0842981386900492,0,0,13.545953360768175,33.82142723079559,ANGPT2,6.900413850999563
LINCS_L1000_Chem_Pert_Consensus_Sigs,Lazabemide Up,1/244,0.093547999824044,0.0957483995431995,0,0,11.610229276895945,27.507891072209866,EMP1,lazabemide,LINCS_L1000_Chem_Pert_Consensus_Sigs,Lazabemide Up,1/244,0.0823487547067955,0.0842981386900492,0,0,13.545953360768175,33.82142723079559,NR4A1,6.900413850999563
LINCS_L1000_Chem_Pert_Consensus_Sigs,KU-0063794 Up,1/244,0.093547999824044,0.0957483995431995,0,0,11.610229276895945,27.507891072209866,EMP1,ku-0063794,LINCS_L1000_Chem_Pert_Consensus_Sigs,KU-0063794 Up,1/244,0.0823487547067955,0.0842981386900492,0,0,13.545953360768175,33.82142723079559,VWF,6.900413850999563
LINCS_L1000_Chem_Pert_Consensus_Sigs,NVP-BEZ235 Up,1/244,0.093547999824044,0.0957483995431995,0,0,11.610229276895945,27.507891072209866,EMP1,nvp-bez235,LINCS_L1000_Chem_Pert_Consensus_Sigs,NVP-BEZ235 Up,1/244,0.0823487547067955,0.0842981386900492,0,0,13.545953360768175,33.82142723079559,VWF,6.900413850999563
LINCS_L1000_Chem_Pert_Consensus_Sigs,Simvastatin Down,1/244,0.093547999824044,0.0957483995431995,0,0,11.610229276895945,27.507891072209866,EMP1,simvastatin,LINCS_L1000_Chem_Pert_Consensus_Sigs,Simvastatin Down,1/244,0.0823487547067955,0.0842981386900492,0,0,13.545953360768175,33.82142723079559,MECOM,6.900413850999563
LINCS_L1000_Chem_Pert_Consensus_Sigs,Rhapontin Up,1/244,0.093547999824044,0.0957483995431995,0,0,11.610229276895945,27.507891072209866,EMP1,rhapontin,LINCS_L1000_Chem_Pert_Consensus_Sigs,Rhapontin Up,1/244,0.0823487547067955,0.0842981386900492,0,0,13.545953360768175,33.82142723079559,MECOM,6.900413850999563
LINCS_L1000_Chem_Pert_Consensus_Sigs,CDC Down,1/244,0.093547999824044,0.0957483995431995,0,0,11.610229276895945,27.507891072209866,EMP1,cdc,LINCS_L1000_Chem_Pert_Consensus_Sigs,CDC Down,1/244,0.0823487547067955,0.0842981386900492,0,0,13.545953360768175,33.82142723079559,ANGPT2,6.900413850999563
LINCS_L1000_Chem_Pert_Consensus_Sigs,T-98475 Down,1/244,0.093547999824044,0.0957483995431995,0,0,11.610229276895945,27.507891072209866,EMP1,t-98475,LINCS_L1000_Chem_Pert_Consensus_Sigs,T-98475 Down,1/244,0.0823487547067955,0.0842981386900492,0,0,13.545953360768175,33.82142723079559,MECOM,6.900413850999563
LINCS_L1000_Chem_Pert_Consensus_Sigs,Oleamide Down,1/244,0.093547999824044,0.0957483995431995,0,0,11.610229276895945,27.507891072209866,EMP1,oleamide,LINCS_L1000_Chem_Pert_Consensus_Sigs,Oleamide Down,1/244,0.0823487547067955,0.0842981386900492,0,0,13.545953360768175,33.82142723079559,MECOM,6.900413850999563
LINCS_L1000_Chem_Pert_Consensus_Sigs,Pen Up,1/244,0.093547999824044,0.0957483995431995,0,0,11.610229276895945,27.507891072209866,EMP1,pen,LINCS_L1000_Chem_Pert_Consensus_Sigs,Pen Up,1/244,0.0823487547067955,0.0842981386900492,0,0,13.545953360768175,33.82142723079559,VWF,6.900413850999563
LINCS_L1000_Chem_Pert_Consensus_Sigs,JNK-9L Up,1/244,0.093547999824044,0.0957483995431995,0,0,11.610229276895945,27.507891072209866,EMP1,jnk-9l,LINCS_L1000_Chem_Pert_Consensus_Sigs,JNK-9L Up,1/244,0.0823487547067955,0.0842981386900492,0,0,13.545953360768175,33.82142723079559,VWF,6.900413850999563
LINCS_L1000_Chem_Pert_Consensus_Sigs,Mestanolone Down,1/244,0.093547999824044,0.0957483995431995,0,0,11.610229276895945,27.507891072209866,EMP1,mestanolone,LINCS_L1000_Chem_Pert_Consensus_Sigs,Mestanolone Down,1/244,0.0823487547067955,0.0842981386900492,0,0,13.545953360768175,33.82142723079559,NR4A1,6.900413850999563
LINCS_L1000_Chem_Pert_Consensus_Sigs,KIN001-055 Down,1/244,0.093547999824044,0.0957483995431995,0,0,11.610229276895945,27.507891072209866,HEXB,kin001-055,LINCS_L1000_Chem_Pert_Consensus_Sigs,KIN001-055 Down,1/244,0.0823487547067955,0.0842981386900492,0,0,13.545953360768175,33.82142723079559,VWF,6.900413850999563
LINCS_L1000_Chem_Pert_Consensus_Sigs,PSI-7976 Up,1/244,0.093547999824044,0.0957483995431995,0,0,11.610229276895945,27.507891072209866,EMP1,psi-7976,LINCS_L1000_Chem_Pert_Consensus_Sigs,PSI-7976 Up,1/244,0.0823487547067955,0.0842981386900492,0,0,13.545953360768175,33.82142723079559,NR4A1,6.900413850999563
LINCS_L1000_Chem_Pert_Consensus_Sigs,Methandriol Down,1/244,0.093547999824044,0.0957483995431995,0,0,11.610229276895945,27.507891072209866,EMP1,methandriol,LINCS_L1000_Chem_Pert_Consensus_Sigs,Methandriol Up,1/244,0.0823487547067955,0.0842981386900492,0,0,13.545953360768175,33.82142723079559,MECOM,6.900413850999563
LINCS_L1000_Chem_Pert_Consensus_Sigs,Nifekalant Down,1/244,0.093547999824044,0.0957483995431995,0,0,11.610229276895945,27.507891072209866,EMP1,nifekalant,LINCS_L1000_Chem_Pert_Consensus_Sigs,Nifekalant Down,1/244,0.0823487547067955,0.0842981386900492,0,0,13.545953360768175,33.82142723079559,VWF,6.900413850999563
LINCS_L1000_Chem_Pert_Consensus_Sigs,Oleanolic-Acid Down,1/244,0.093547999824044,0.0957483995431995,0,0,11.610229276895945,27.507891072209866,FCN3,oleanolic-acid,LINCS_L1000_Chem_Pert_Consensus_Sigs,Oleanolic-Acid Down,1/244,0.0823487547067955,0.0842981386900492,0,0,13.545953360768175,33.82142723079559,VWF,6.900413850999563
LINCS_L1000_Chem_Pert_Consensus_Sigs,Ranolazine Down,1/244,0.093547999824044,0.0957483995431995,0,0,11.610229276895945,27.507891072209866,EMP1,ranolazine,LINCS_L1000_Chem_Pert_Consensus_Sigs,Ranolazine Down,1/244,0.0823487547067955,0.0842981386900492,0,0,13.545953360768175,33.82142723079559,MECOM,6.900413850999563
LINCS_L1000_Chem_Pert_Consensus_Sigs,Gramine Down,1/244,0.093547999824044,0.0957483995431995,0,0,11.610229276895945,27.507891072209866,HEXB,gramine,LINCS_L1000_Chem_Pert_Consensus_Sigs,Gramine Down,1/244,0.0823487547067955,0.0842981386900492,0,0,13.545953360768175,33.82142723079559,NR4A1,6.900413850999563
LINCS_L1000_Chem_Pert_Consensus_Sigs,Cotinine Up,1/244,0.093547999824044,0.0957483995431995,0,0,11.610229276895945,27.507891072209866,EMP1,cotinine,LINCS_L1000_Chem_Pert_Consensus_Sigs,Cotinine Up,1/244,0.0823487547067955,0.0842981386900492,0,0,13.545953360768175,33.82142723079559,MECOM,6.900413850999563
LINCS_L1000_Chem_Pert_Consensus_Sigs,2-PMDQ Down,1/244,0.093547999824044,0.0957483995431995,0,0,11.610229276895945,27.507891072209866,EMP1,2-pmdq,LINCS_L1000_Chem_Pert_Consensus_Sigs,2-PMDQ Down,1/244,0.0823487547067955,0.0842981386900492,0,0,13.545953360768175,33.82142723079559,VWF,6.900413850999563
LINCS_L1000_Chem_Pert_Consensus_Sigs,620 7033 4267 Down,1/244,0.093547999824044,0.0957483995431995,0,0,11.610229276895945,27.507891072209866,EMP1,620,LINCS_L1000_Chem_Pert_Consensus_Sigs,620 7033 4251 Up,1/244,0.0823487547067955,0.0842981386900492,0,0,13.545953360768175,33.82142723079559,ANGPT2,6.900413850999563
LINCS_L1000_Chem_Pert_Consensus_Sigs,Boldine Down,1/244,0.093547999824044,0.0957483995431995,0,0,11.610229276895945,27.507891072209866,HEXB,boldine,LINCS_L1000_Chem_Pert_Consensus_Sigs,Boldine Down,1/244,0.0823487547067955,0.0842981386900492,0,0,13.545953360768175,33.82142723079559,MECOM,6.900413850999563
LINCS_L1000_Chem_Pert_Consensus_Sigs,Oleanolic-Acid Down,1/244,0.093547999824044,0.0957483995431995,0,0,11.610229276895945,27.507891072209866,FCN3,oleanolic-acid,LINCS_L1000_Chem_Pert_Consensus_Sigs,Oleanolic-Acid Up,1/244,0.0823487547067955,0.0842981386900492,0,0,13.545953360768175,33.82142723079559,MECOM,6.900413850999563
LINCS_L1000_Chem_Pert_Consensus_Sigs,Dipropyl-Dopamine Down,1/244,0.093547999824044,0.0957483995431995,0,0,11.610229276895945,27.507891072209866,EMP1,dipropyl-dopamine,LINCS_L1000_Chem_Pert_Consensus_Sigs,Dipropyl-Dopamine Down,1/244,0.0823487547067955,0.0842981386900492,0,0,13.545953360768175,33.82142723079559,VWF,6.900413850999563
LINCS_L1000_Chem_Pert_Consensus_Sigs,Diperodon Up,1/244,0.093547999824044,0.0957483995431995,0,0,11.610229276895945,27.507891072209866,FCN3,diperodon,LINCS_L1000_Chem_Pert_Consensus_Sigs,Diperodon Up,1/244,0.0823487547067955,0.0842981386900492,0,0,13.545953360768175,33.82142723079559,CLDN5,6.900413850999563
LINCS_L1000_Chem_Pert_Consensus_Sigs,BMS-299897 Down,1/244,0.093547999824044,0.0957483995431995,0,0,11.610229276895945,27.507891072209866,EMP1,bms-299897,LINCS_L1000_Chem_Pert_Consensus_Sigs,BMS-299897 Down,1/244,0.0823487547067955,0.0842981386900492,0,0,13.545953360768175,33.82142723079559,VWF,6.900413850999563
LINCS_L1000_Chem_Pert_Consensus_Sigs,MDL-11939 Down,1/244,0.093547999824044,0.0957483995431995,0,0,11.610229276895945,27.507891072209866,HEXB,mdl-11939,LINCS_L1000_Chem_Pert_Consensus_Sigs,MDL-11939 Down,1/244,0.0823487547067955,0.0842981386900492,0,0,13.545953360768175,33.82142723079559,VWF,6.900413850999563
LINCS_L1000_Chem_Pert_Consensus_Sigs,DM-161 Down,1/244,0.093547999824044,0.0957483995431995,0,0,11.610229276895945,27.507891072209866,EMP1,dm-161,LINCS_L1000_Chem_Pert_Consensus_Sigs,DM-161 Down,1/244,0.0823487547067955,0.0842981386900492,0,0,13.545953360768175,33.82142723079559,MECOM,6.900413850999563
LINCS_L1000_Chem_Pert_Consensus_Sigs,Palonosetron Down,1/244,0.093547999824044,0.0957483995431995,0,0,11.610229276895945,27.507891072209866,EMP1,palonosetron,LINCS_L1000_Chem_Pert_Consensus_Sigs,Palonosetron Down,1/244,0.0823487547067955,0.0842981386900492,0,0,13.545953360768175,33.82142723079559,VWF,6.900413850999563
LINCS_L1000_Chem_Pert_Consensus_Sigs,BML-266 Down,1/244,0.093547999824044,0.0957483995431995,0,0,11.610229276895945,27.507891072209866,EMP1,bml-266,LINCS_L1000_Chem_Pert_Consensus_Sigs,BML-266 Up,1/244,0.0823487547067955,0.0842981386900492,0,0,13.545953360768175,33.82142723079559,VWF,6.900413850999563
LINCS_L1000_Chem_Pert_Consensus_Sigs,AS-1949490 Down,1/244,0.093547999824044,0.0957483995431995,0,0,11.610229276895945,27.507891072209866,HEXB,as-1949490,LINCS_L1000_Chem_Pert_Consensus_Sigs,AS-1949490 Down,1/244,0.0823487547067955,0.0842981386900492,0,0,13.545953360768175,33.82142723079559,MECOM,6.900413850999563
LINCS_L1000_Chem_Pert_Consensus_Sigs,Bepridil Down,1/244,0.093547999824044,0.0957483995431995,0,0,11.610229276895945,27.507891072209866,FCN3,bepridil,LINCS_L1000_Chem_Pert_Consensus_Sigs,Bepridil Up,1/244,0.0823487547067955,0.0842981386900492,0,0,13.545953360768175,33.82142723079559,MECOM,6.900413850999563
LINCS_L1000_Chem_Pert_Consensus_Sigs,JNJ-17203212 Down,1/244,0.093547999824044,0.0957483995431995,0,0,11.610229276895945,27.507891072209866,EMP1,jnj-17203212,LINCS_L1000_Chem_Pert_Consensus_Sigs,JNJ-17203212 Down,1/244,0.0823487547067955,0.0842981386900492,0,0,13.545953360768175,33.82142723079559,MECOM,6.900413850999563
LINCS_L1000_Chem_Pert_Consensus_Sigs,SGX-523 Down,1/245,0.0939150581317378,0.0957483995431995,0,0,11.562060889929745,27.348488863039687,EMP1,sgx-523,LINCS_L1000_Chem_Pert_Consensus_Sigs,SGX-523 Up,1/243,0.0820235117898582,0.0842981386900492,0,0,13.602617079889807,34.016735734758925,VWF,6.90039983691786
LINCS_L1000_Chem_Pert_Consensus_Sigs,Daphnetin Up,1/245,0.0939150581317378,0.0957483995431995,0,0,11.562060889929745,27.348488863039687,SOHLH2,daphnetin,LINCS_L1000_Chem_Pert_Consensus_Sigs,Daphnetin Down,1/243,0.0820235117898582,0.0842981386900492,0,0,13.602617079889807,34.016735734758925,CKMT2,6.90039983691786
LINCS_L1000_Chem_Pert_Consensus_Sigs,SA-1457103 Up,1/245,0.0939150581317378,0.0957483995431995,0,0,11.562060889929745,27.348488863039687,EMP1,sa-1457103,LINCS_L1000_Chem_Pert_Consensus_Sigs,SA-1457103 Down,1/243,0.0820235117898582,0.0842981386900492,0,0,13.602617079889807,34.016735734758925,VWF,6.90039983691786
LINCS_L1000_Chem_Pert_Consensus_Sigs,CCMI Down,1/245,0.0939150581317378,0.0957483995431995,0,0,11.562060889929745,27.348488863039687,EMP1,ccmi,LINCS_L1000_Chem_Pert_Consensus_Sigs,CCMI Up,1/243,0.0820235117898582,0.0842981386900492,0,0,13.602617079889807,34.016735734758925,CKMT2,6.90039983691786
LINCS_L1000_Chem_Pert_Consensus_Sigs,IQ1 Down,1/245,0.0939150581317378,0.0957483995431995,0,0,11.562060889929745,27.348488863039687,EMP1,iq1,LINCS_L1000_Chem_Pert_Consensus_Sigs,IQ1 Up,1/243,0.0820235117898582,0.0842981386900492,0,0,13.602617079889807,34.016735734758925,MECOM,6.90039983691786
LINCS_L1000_Chem_Pert_Consensus_Sigs,Lomefloxacin Down,1/240,0.0920784651859131,0.0957483995431995,0,0,11.806933652121936,28.160884911121965,EMP1,lomefloxacin,LINCS_L1000_Chem_Pert_Consensus_Sigs,Lomefloxacin Up,1/249,0.0839734880768169,0.0842981386900492,0,0,13.269489247311828,32.87189728093677,MECOM,6.895413935248574
LINCS_L1000_Chem_Pert_Consensus_Sigs,GYKI-52466 Down,1/240,0.0920784651859131,0.0957483995431995,0,0,11.806933652121936,28.160884911121965,EMP1,gyki-52466,LINCS_L1000_Chem_Pert_Consensus_Sigs,GYKI-52466 Up,1/249,0.0839734880768169,0.0842981386900492,0,0,13.269489247311828,32.87189728093677,MECOM,6.895413935248574
LINCS_L1000_Chem_Pert_Consensus_Sigs,KU-C104233 Down,1/241,0.092446044133206,0.0957483995431995,0,0,11.757142857142858,27.99528688024924,FCN3,ku-c104233,LINCS_L1000_Chem_Pert_Consensus_Sigs,KU-C104233 Up,1/248,0.0836487388013027,0.0842981386900492,0,0,13.323886639676113,33.05828058514445,NR4A1,6.895206487428627
LINCS_L1000_Chem_Pert_Consensus_Sigs,Fusidic-Acid Down,1/241,0.092446044133206,0.0957483995431995,0,0,11.757142857142858,27.99528688024924,EMP1,fusidic-acid,LINCS_L1000_Chem_Pert_Consensus_Sigs,Fusidic-Acid Up,1/248,0.0836487388013027,0.0842981386900492,0,0,13.323886639676113,33.05828058514445,MECOM,6.895206487428627
LINCS_L1000_Chem_Pert_Consensus_Sigs,Piroximone Down,1/241,0.092446044133206,0.0957483995431995,0,0,11.757142857142858,27.99528688024924,EMP1,piroximone,LINCS_L1000_Chem_Pert_Consensus_Sigs,Piroximone Up,1/248,0.0836487388013027,0.0842981386900492,0,0,13.323886639676113,33.05828058514445,VWF,6.895206487428627
LINCS_L1000_Chem_Pert_Consensus_Sigs,MK-2206 Up,1/249,0.0953819911408738,0.0957483995431995,0,0,11.373271889400922,26.725659126474643,EMP1,mk-2206,LINCS_L1000_Chem_Pert_Consensus_Sigs,MK-2206 Down,1/240,0.081047190165139,0.0842981386900492,0,0,13.775453277545328,34.613907919373425,MECOM,6.895094540135104
LINCS_L1000_Chem_Pert_Consensus_Sigs,Ciclopirox Up,1/249,0.0953819911408738,0.0957483995431995,0,0,11.373271889400922,26.725659126474643,HEXB,ciclopirox,LINCS_L1000_Chem_Pert_Consensus_Sigs,Ciclopirox Down,1/240,0.081047190165139,0.0842981386900492,0,0,13.775453277545328,34.613907919373425,MECOM,6.895094540135104
LINCS_L1000_Chem_Pert_Consensus_Sigs,T-0070907 Up,1/242,0.0928134928675034,0.0957483995431995,0,0,11.70776526378186,27.831269353724167,HEXB,t-0070907,LINCS_L1000_Chem_Pert_Consensus_Sigs,T-0070907 Down,1/247,0.0833238908529418,0.0842981386900492,0,0,13.378726287262872,33.24640194313252,VWF,6.895042046034251
LINCS_L1000_Chem_Pert_Consensus_Sigs,FPL-12495 Down,1/242,0.0928134928675034,0.0957483995431995,0,0,11.70776526378186,27.831269353724167,EMP1,fpl-12495,LINCS_L1000_Chem_Pert_Consensus_Sigs,FPL-12495 Up,1/247,0.0833238908529418,0.0842981386900492,0,0,13.378726287262872,33.24640194313252,VWF,6.895042046034251
LINCS_L1000_Chem_Pert_Consensus_Sigs,Salsolinol Down,1/248,0.0950154528496176,0.0957483995431995,0,0,11.419895893580104,26.879188702856474,EMP1,salsolinol,LINCS_L1000_Chem_Pert_Consensus_Sigs,Salsolinol Up,1/241,0.0813727295550968,0.0842981386900492,0,0,13.717361111111112,34.41295067526482,ANGPT2,6.894958077379858
LINCS_L1000_Chem_Pert_Consensus_Sigs,Exalamide Down,1/243,0.0931808114265344,0.0957483995431995,0,0,11.65879574970484,27.66881105269825,EMP1,exalamide,LINCS_L1000_Chem_Pert_Consensus_Sigs,Exalamide Up,1/246,0.0829989442057065,0.0842981386900492,0,0,13.434013605442177,33.4362844427817,MECOM,6.894920597754478
LINCS_L1000_Chem_Pert_Consensus_Sigs,GALR3 ALARIN Up,1/243,0.0931808114265344,0.0957483995431995,0,0,11.65879574970484,27.66881105269825,EMP1,galr3,LINCS_L1000_Chem_Pert_Consensus_Sigs,GALR3 GALP Up,1/246,0.0829989442057065,0.0842981386900492,0,0,13.434013605442177,33.4362844427817,NR4A1,6.894920597754478
LINCS_L1000_Chem_Pert_Consensus_Sigs,Roflumilast Down,1/243,0.0931808114265344,0.0957483995431995,0,0,11.65879574970484,27.66881105269825,EMP1,roflumilast,LINCS_L1000_Chem_Pert_Consensus_Sigs,Roflumilast Up,1/246,0.0829989442057065,0.0842981386900492,0,0,13.434013605442177,33.4362844427817,MECOM,6.894920597754478
LINCS_L1000_Chem_Pert_Consensus_Sigs,Dictamnine Up,1/243,0.0931808114265344,0.0957483995431995,0,0,11.65879574970484,27.66881105269825,FCN3,dictamnine,LINCS_L1000_Chem_Pert_Consensus_Sigs,Dictamnine Down,1/246,0.0829989442057065,0.0842981386900492,0,0,13.434013605442177,33.4362844427817,VWF,6.894920597754478
LINCS_L1000_Chem_Pert_Consensus_Sigs,KISS1R FBS Down,1/247,0.0946487846102068,0.0957483995431995,0,0,11.466898954703831,27.03415734979564,EMP1,kiss1r,LINCS_L1000_Chem_Pert_Consensus_Sigs,KISS1R GALANIN Up,1/242,0.0816981700834687,0.0842981386900492,0,0,13.659751037344398,34.213901822844214,VWF,6.894864614830597
LINCS_L1000_Chem_Pert_Consensus_Sigs,Serdemetan Up,1/247,0.0946487846102068,0.0957483995431995,0,0,11.466898954703831,27.03415734979564,EMP1,serdemetan,LINCS_L1000_Chem_Pert_Consensus_Sigs,Serdemetan Down,1/242,0.0816981700834687,0.0842981386900492,0,0,13.659751037344398,34.213901822844214,VWF,6.894864614830597
LINCS_L1000_Chem_Pert_Consensus_Sigs,Diazepam Down,1/244,0.093547999824044,0.0957483995431995,0,0,11.610229276895945,27.507891072209866,EMP1,diazepam,LINCS_L1000_Chem_Pert_Consensus_Sigs,Diazepam Up,1/245,0.0826738988226842,0.0842981386900492,0,0,13.489754098360656,33.62795157434762,MECOM,6.894842133576066
LINCS_L1000_Chem_Pert_Consensus_Sigs,Tubastatin-A Up,1/244,0.093547999824044,0.0957483995431995,0,0,11.610229276895945,27.507891072209866,PROS1,tubastatin-a,LINCS_L1000_Chem_Pert_Consensus_Sigs,Tubastatin-A Down,1/245,0.0826738988226842,0.0842981386900492,0,0,13.489754098360656,33.62795157434762,VWF,6.894842133576066
LINCS_L1000_Chem_Pert_Consensus_Sigs,GALR3 GALP Up,1/246,0.0942819863760005,0.0957483995431995,0,0,11.514285714285714,27.190584236877303,EMP1,galr3,LINCS_L1000_Chem_Pert_Consensus_Sigs,GALR3 ALARIN Up,1/243,0.0820235117898582,0.0842981386900492,0,0,13.602617079889807,34.016735734758925,VWF,6.894814140936068
LINCS_L1000_Chem_Pert_Consensus_Sigs,TC-H-106 Up,1/246,0.0942819863760005,0.0957483995431995,0,0,11.514285714285714,27.190584236877303,EMP1,tc-h-106,LINCS_L1000_Chem_Pert_Consensus_Sigs,TC-H-106 Down,1/243,0.0820235117898582,0.0842981386900492,0,0,13.602617079889807,34.016735734758925,NR4A1,6.894814140936068
LINCS_L1000_Chem_Pert_Consensus_Sigs,Dithiothreitol Down,1/246,0.0942819863760005,0.0957483995431995,0,0,11.514285714285714,27.190584236877303,FCN3,dithiothreitol,LINCS_L1000_Chem_Pert_Consensus_Sigs,Dithiothreitol Up,1/243,0.0820235117898582,0.0842981386900492,0,0,13.602617079889807,34.016735734758925,MECOM,6.894814140936068
LINCS_L1000_Chem_Pert_Consensus_Sigs,GALR3 GALP Up,1/246,0.0942819863760005,0.0957483995431995,0,0,11.514285714285714,27.190584236877303,EMP1,galr3,LINCS_L1000_Chem_Pert_Consensus_Sigs,GALR3 ALARIN Down,1/243,0.0820235117898582,0.0842981386900492,0,0,13.602617079889807,34.016735734758925,MECOM,6.894814140936068
LINCS_L1000_Chem_Pert_Consensus_Sigs,ARG-CSC-26 Up,1/245,0.0939150581317378,0.0957483995431995,0,0,11.562060889929745,27.348488863039687,HEXB,arg-csc-26,LINCS_L1000_Chem_Pert_Consensus_Sigs,ARG-CSC-26 Down,1/244,0.0823487547067955,0.0842981386900492,0,0,13.545953360768175,33.82142723079559,NR4A1,6.894806648184509
LINCS_L1000_Chem_Pert_Consensus_Sigs,Tirasemtiv Down,1/245,0.0939150581317378,0.0957483995431995,0,0,11.562060889929745,27.348488863039687,EMP1,tirasemtiv,LINCS_L1000_Chem_Pert_Consensus_Sigs,Tirasemtiv Up,1/244,0.0823487547067955,0.0842981386900492,0,0,13.545953360768175,33.82142723079559,VWF,6.894806648184509
LINCS_L1000_Chem_Pert_Consensus_Sigs,JAS07-002 Down,1/245,0.0939150581317378,0.0957483995431995,0,0,11.562060889929745,27.348488863039687,EMP1,jas07-002,LINCS_L1000_Chem_Pert_Consensus_Sigs,JAS07-002 Up,1/244,0.0823487547067955,0.0842981386900492,0,0,13.545953360768175,33.82142723079559,NR4A1,6.894806648184509
LINCS_L1000_Chem_Pert_Consensus_Sigs,KM-04644SC Down,1/245,0.0939150581317378,0.0957483995431995,0,0,11.562060889929745,27.348488863039687,EMP1,km-04644sc,LINCS_L1000_Chem_Pert_Consensus_Sigs,KM-04644SC Up,1/244,0.0823487547067955,0.0842981386900492,0,0,13.545953360768175,33.82142723079559,ANGPT2,6.894806648184509
LINCS_L1000_Chem_Pert_Consensus_Sigs,RS-45041-190 Down,1/245,0.0939150581317378,0.0957483995431995,0,0,11.562060889929745,27.348488863039687,EMP1,rs-45041-190,LINCS_L1000_Chem_Pert_Consensus_Sigs,RS-45041-190 Up,1/244,0.0823487547067955,0.0842981386900492,0,0,13.545953360768175,33.82142723079559,MECOM,6.894806648184509
LINCS_L1000_Chem_Pert_Consensus_Sigs,UGISS-451 Down,1/245,0.0939150581317378,0.0957483995431995,0,0,11.562060889929745,27.348488863039687,EMP1,ugiss-451,LINCS_L1000_Chem_Pert_Consensus_Sigs,UGISS-451 Up,1/244,0.0823487547067955,0.0842981386900492,0,0,13.545953360768175,33.82142723079559,MECOM,6.894806648184509
LINCS_L1000_Chem_Pert_Consensus_Sigs,GALR2 FBS Down,1/245,0.0939150581317378,0.0957483995431995,0,0,11.562060889929745,27.348488863039687,FCN3,galr2,LINCS_L1000_Chem_Pert_Consensus_Sigs,GALR2 GALP Down,1/244,0.0823487547067955,0.0842981386900492,0,0,13.545953360768175,33.82142723079559,MECOM,6.894806648184509
LINCS_L1000_Chem_Pert_Consensus_Sigs,ZK-93423 Up,1/240,0.0920784651859131,0.0957483995431995,0,0,11.806933652121936,28.160884911121965,EMP1,zk-93423,LINCS_L1000_Chem_Pert_Consensus_Sigs,ZK-93423 Down,1/250,0.0842981386900492,0.0842981386900492,0,0,13.21552878179384,32.68722933726048,MECOM,6.88994706754778
LINCS_L1000_Chem_Pert_Consensus_Sigs,CVF-SUMO-11 Up,1/241,0.092446044133206,0.0957483995431995,0,0,11.757142857142858,27.99528688024924,EMP1,cvf-sumo-11,LINCS_L1000_Chem_Pert_Consensus_Sigs,CVF-SUMO-11 Down,1/249,0.0839734880768169,0.0842981386900492,0,0,13.269489247311828,32.87189728093677,MECOM,6.889718977230004
LINCS_L1000_Chem_Pert_Consensus_Sigs,Mannitol Down,1/242,0.0928134928675034,0.0957483995431995,0,0,11.70776526378186,27.831269353724167,FCN3,mannitol,LINCS_L1000_Chem_Pert_Consensus_Sigs,Mannitol Up,1/248,0.0836487388013027,0.0842981386900492,0,0,13.323886639676113,33.05828058514445,ANGPT2,6.889533731620597
LINCS_L1000_Chem_Pert_Consensus_Sigs,Merimepodib Up,1/242,0.0928134928675034,0.0957483995431995,0,0,11.70776526378186,27.831269353724167,EMP1,merimepodib,LINCS_L1000_Chem_Pert_Consensus_Sigs,Merimepodib Down,1/248,0.0836487388013027,0.0842981386900492,0,0,13.323886639676113,33.05828058514445,ANGPT2,6.889533731620597
LINCS_L1000_Chem_Pert_Consensus_Sigs,Itdac-1 Down,1/242,0.0928134928675034,0.0957483995431995,0,0,11.70776526378186,27.831269353724167,EMP1,itdac-1,LINCS_L1000_Chem_Pert_Consensus_Sigs,Itdac-1 Up,1/248,0.0836487388013027,0.0842981386900492,0,0,13.323886639676113,33.05828058514445,VWF,6.889533731620597
LINCS_L1000_Chem_Pert_Consensus_Sigs,Almotriptan Up,1/249,0.0953819911408738,0.0957483995431995,0,0,11.373271889400922,26.725659126474643,PROS1,almotriptan,LINCS_L1000_Chem_Pert_Consensus_Sigs,Almotriptan Down,1/241,0.0813727295550968,0.0842981386900492,0,0,13.717361111111112,34.41295067526482,ANGPT2,6.889435898198538
LINCS_L1000_Chem_Pert_Consensus_Sigs,MW-SHH-28 Up,1/249,0.0953819911408738,0.0957483995431995,0,0,11.373271889400922,26.725659126474643,FCN3,mw-shh-28,LINCS_L1000_Chem_Pert_Consensus_Sigs,MW-SHH-28 Down,1/241,0.0813727295550968,0.0842981386900492,0,0,13.717361111111112,34.41295067526482,NR4A1,6.889435898198538
LINCS_L1000_Chem_Pert_Consensus_Sigs,Piceid Down,1/243,0.0931808114265344,0.0957483995431995,0,0,11.65879574970484,27.66881105269825,HEXB,piceid,LINCS_L1000_Chem_Pert_Consensus_Sigs,Piceid Up,1/247,0.0833238908529418,0.0842981386900492,0,0,13.378726287262872,33.24640194313252,MECOM,6.889391315386151
LINCS_L1000_Chem_Pert_Consensus_Sigs,SR-59230A Down,1/243,0.0931808114265344,0.0957483995431995,0,0,11.65879574970484,27.66881105269825,EMP1,sr-59230a,LINCS_L1000_Chem_Pert_Consensus_Sigs,SR-59230A Up,1/247,0.0833238908529418,0.0842981386900492,0,0,13.378726287262872,33.24640194313252,MECOM,6.889391315386151
LINCS_L1000_Chem_Pert_Consensus_Sigs,Telenzepine Down,1/243,0.0931808114265344,0.0957483995431995,0,0,11.65879574970484,27.66881105269825,EMP1,telenzepine,LINCS_L1000_Chem_Pert_Consensus_Sigs,Telenzepine Up,1/247,0.0833238908529418,0.0842981386900492,0,0,13.378726287262872,33.24640194313252,MECOM,6.889391315386151
LINCS_L1000_Chem_Pert_Consensus_Sigs,SA-423167 Down,1/243,0.0931808114265344,0.0957483995431995,0,0,11.65879574970484,27.66881105269825,EMP1,sa-423167,LINCS_L1000_Chem_Pert_Consensus_Sigs,SA-423167 Up,1/247,0.0833238908529418,0.0842981386900492,0,0,13.378726287262872,33.24640194313252,MECOM,6.889391315386151
LINCS_L1000_Chem_Pert_Consensus_Sigs,Omecamtiv-Mecarbil Up,1/243,0.0931808114265344,0.0957483995431995,0,0,11.65879574970484,27.66881105269825,SOHLH2,omecamtiv-mecarbil,LINCS_L1000_Chem_Pert_Consensus_Sigs,Omecamtiv-Mecarbil Down,1/247,0.0833238908529418,0.0842981386900492,0,0,13.378726287262872,33.24640194313252,MECOM,6.889391315386151
LINCS_L1000_Chem_Pert_Consensus_Sigs,Phthalylsulfathiazole Up,1/248,0.0950154528496176,0.0957483995431995,0,0,11.419895893580104,26.879188702856474,PROS1,phthalylsulfathiazole,LINCS_L1000_Chem_Pert_Consensus_Sigs,Phthalylsulfathiazole Down,1/242,0.0816981700834687,0.0842981386900492,0,0,13.659751037344398,34.213901822844214,NR4A1,6.889321428643813
LINCS_L1000_Chem_Pert_Consensus_Sigs,LY-278584 Down,1/244,0.093547999824044,0.0957483995431995,0,0,11.610229276895945,27.507891072209866,HEXB,ly-278584,LINCS_L1000_Chem_Pert_Consensus_Sigs,LY-278584 Up,1/246,0.0829989442057065,0.0842981386900492,0,0,13.434013605442177,33.4362844427817,MECOM,6.889291717480029
LINCS_L1000_Chem_Pert_Consensus_Sigs,MW-SHH-97 Up,1/244,0.093547999824044,0.0957483995431995,0,0,11.610229276895945,27.507891072209866,PROS1,mw-shh-97,LINCS_L1000_Chem_Pert_Consensus_Sigs,MW-SHH-97 Down,1/246,0.0829989442057065,0.0842981386900492,0,0,13.434013605442177,33.4362844427817,MECOM,6.889291717480029
LINCS_L1000_Chem_Pert_Consensus_Sigs,TUL XIX002 Up,1/244,0.093547999824044,0.0957483995431995,0,0,11.610229276895945,27.507891072209866,EMP1,tul,LINCS_L1000_Chem_Pert_Consensus_Sigs,TUL XX087 Up,1/246,0.0829989442057065,0.0842981386900492,0,0,13.434013605442177,33.4362844427817,CLDN5,6.889291717480029
LINCS_L1000_Chem_Pert_Consensus_Sigs,TUL XX087 Down,1/244,0.093547999824044,0.0957483995431995,0,0,11.610229276895945,27.507891072209866,EMP1,tul,LINCS_L1000_Chem_Pert_Consensus_Sigs,TUL XX087 Up,1/246,0.0829989442057065,0.0842981386900492,0,0,13.434013605442177,33.4362844427817,CLDN5,6.889291717480029
LINCS_L1000_Chem_Pert_Consensus_Sigs,Levonorgestrel Down,1/244,0.093547999824044,0.0957483995431995,0,0,11.610229276895945,27.507891072209866,EMP1,levonorgestrel,LINCS_L1000_Chem_Pert_Consensus_Sigs,Levonorgestrel Up,1/246,0.0829989442057065,0.0842981386900492,0,0,13.434013605442177,33.4362844427817,MECOM,6.889291717480029
LINCS_L1000_Chem_Pert_Consensus_Sigs,GALR2 GALP Down,1/244,0.093547999824044,0.0957483995431995,0,0,11.610229276895945,27.507891072209866,HEXB,galr2,LINCS_L1000_Chem_Pert_Consensus_Sigs,GALR2 GALANIN Up,1/246,0.0829989442057065,0.0842981386900492,0,0,13.434013605442177,33.4362844427817,NR4A1,6.889291717480029
LINCS_L1000_Chem_Pert_Consensus_Sigs,Tenatoprazole Down,1/244,0.093547999824044,0.0957483995431995,0,0,11.610229276895945,27.507891072209866,PROS1,tenatoprazole,LINCS_L1000_Chem_Pert_Consensus_Sigs,Tenatoprazole Up,1/246,0.0829989442057065,0.0842981386900492,0,0,13.434013605442177,33.4362844427817,ANGPT2,6.889291717480029
LINCS_L1000_Chem_Pert_Consensus_Sigs,Bromoethane Down,1/244,0.093547999824044,0.0957483995431995,0,0,11.610229276895945,27.507891072209866,SOHLH2,bromoethane,LINCS_L1000_Chem_Pert_Consensus_Sigs,Bromoethane Up,1/246,0.0829989442057065,0.0842981386900492,0,0,13.434013605442177,33.4362844427817,VWF,6.889291717480029
LINCS_L1000_Chem_Pert_Consensus_Sigs,SA-86418 Down,1/244,0.093547999824044,0.0957483995431995,0,0,11.610229276895945,27.507891072209866,EMP1,sa-86418,LINCS_L1000_Chem_Pert_Consensus_Sigs,SA-86418 Up,1/246,0.0829989442057065,0.0842981386900492,0,0,13.434013605442177,33.4362844427817,NR4A1,6.889291717480029
LINCS_L1000_Chem_Pert_Consensus_Sigs,GALR2 GALP Down,1/244,0.093547999824044,0.0957483995431995,0,0,11.610229276895945,27.507891072209866,HEXB,galr2,LINCS_L1000_Chem_Pert_Consensus_Sigs,GALR2 M617 Up,1/246,0.0829989442057065,0.0842981386900492,0,0,13.434013605442177,33.4362844427817,NR4A1,6.889291717480029
LINCS_L1000_Chem_Pert_Consensus_Sigs,I-585855 Down,1/244,0.093547999824044,0.0957483995431995,0,0,11.610229276895945,27.507891072209866,EMP1,i-585855,LINCS_L1000_Chem_Pert_Consensus_Sigs,I-585855 Up,1/246,0.0829989442057065,0.0842981386900492,0,0,13.434013605442177,33.4362844427817,VWF,6.889291717480029
LINCS_L1000_Chem_Pert_Consensus_Sigs,LY-83583 Up,1/247,0.0946487846102068,0.0957483995431995,0,0,11.466898954703831,27.03415734979564,EMP1,ly-83583,LINCS_L1000_Chem_Pert_Consensus_Sigs,LY-83583 Down,1/243,0.0820235117898582,0.0842981386900492,0,0,13.602617079889807,34.016735734758925,CLDN5,6.88924978310087
LINCS_L1000_Chem_Pert_Consensus_Sigs,Lorcaserin Down,1/245,0.0939150581317378,0.0957483995431995,0,0,11.562060889929745,27.348488863039687,FCN3,lorcaserin,LINCS_L1000_Chem_Pert_Consensus_Sigs,Lorcaserin Down,1/245,0.0826738988226842,0.0842981386900492,0,0,13.489754098360656,33.62795157434762,MECOM,6.889234930761012
LINCS_L1000_Chem_Pert_Consensus_Sigs,SB-590885 Up,1/245,0.0939150581317378,0.0957483995431995,0,0,11.562060889929745,27.348488863039687,EMP1,sb-590885,LINCS_L1000_Chem_Pert_Consensus_Sigs,SB-590885 Up,1/245,0.0826738988226842,0.0842981386900492,0,0,13.489754098360656,33.62795157434762,NR4A1,6.889234930761012
LINCS_L1000_Chem_Pert_Consensus_Sigs,Rathyronine Down,1/245,0.0939150581317378,0.0957483995431995,0,0,11.562060889929745,27.348488863039687,HEXB,rathyronine,LINCS_L1000_Chem_Pert_Consensus_Sigs,Rathyronine Down,1/245,0.0826738988226842,0.0842981386900492,0,0,13.489754098360656,33.62795157434762,NR4A1,6.889234930761012
LINCS_L1000_Chem_Pert_Consensus_Sigs,CAM-9-027-3 Down,1/245,0.0939150581317378,0.0957483995431995,0,0,11.562060889929745,27.348488863039687,EMP1,cam-9-027-3,LINCS_L1000_Chem_Pert_Consensus_Sigs,CAM-9-027-3 Down,1/245,0.0826738988226842,0.0842981386900492,0,0,13.489754098360656,33.62795157434762,MECOM,6.889234930761012
LINCS_L1000_Chem_Pert_Consensus_Sigs,Alendronic-Acid Up,1/245,0.0939150581317378,0.0957483995431995,0,0,11.562060889929745,27.348488863039687,PROS1,alendronic-acid,LINCS_L1000_Chem_Pert_Consensus_Sigs,Alendronic-Acid Up,1/245,0.0826738988226842,0.0842981386900492,0,0,13.489754098360656,33.62795157434762,MECOM,6.889234930761012
LINCS_L1000_Chem_Pert_Consensus_Sigs,Rivastigmine Up,1/245,0.0939150581317378,0.0957483995431995,0,0,11.562060889929745,27.348488863039687,SOHLH2,rivastigmine,LINCS_L1000_Chem_Pert_Consensus_Sigs,Rivastigmine Up,1/245,0.0826738988226842,0.0842981386900492,0,0,13.489754098360656,33.62795157434762,MECOM,6.889234930761012
LINCS_L1000_Chem_Pert_Consensus_Sigs,SA-1457472 Up,1/245,0.0939150581317378,0.0957483995431995,0,0,11.562060889929745,27.348488863039687,FCN3,sa-1457472,LINCS_L1000_Chem_Pert_Consensus_Sigs,SA-1457472 Up,1/245,0.0826738988226842,0.0842981386900492,0,0,13.489754098360656,33.62795157434762,MECOM,6.889234930761012
LINCS_L1000_Chem_Pert_Consensus_Sigs,RG-108 Down,1/245,0.0939150581317378,0.0957483995431995,0,0,11.562060889929745,27.348488863039687,HEXB,rg-108,LINCS_L1000_Chem_Pert_Consensus_Sigs,RG-108 Down,1/245,0.0826738988226842,0.0842981386900492,0,0,13.489754098360656,33.62795157434762,CLDN5,6.889234930761012
LINCS_L1000_Chem_Pert_Consensus_Sigs,KU-C104248 Down,1/245,0.0939150581317378,0.0957483995431995,0,0,11.562060889929745,27.348488863039687,HEXB,ku-c104248,LINCS_L1000_Chem_Pert_Consensus_Sigs,KU-C104248 Down,1/245,0.0826738988226842,0.0842981386900492,0,0,13.489754098360656,33.62795157434762,VWF,6.889234930761012
LINCS_L1000_Chem_Pert_Consensus_Sigs,JAS07-002 Down,1/245,0.0939150581317378,0.0957483995431995,0,0,11.562060889929745,27.348488863039687,EMP1,jas07-002,LINCS_L1000_Chem_Pert_Consensus_Sigs,JAS07-002 Down,1/245,0.0826738988226842,0.0842981386900492,0,0,13.489754098360656,33.62795157434762,ANGPT2,6.889234930761012
LINCS_L1000_Chem_Pert_Consensus_Sigs,PSH-022 Down,1/245,0.0939150581317378,0.0957483995431995,0,0,11.562060889929745,27.348488863039687,HEXB,psh-022,LINCS_L1000_Chem_Pert_Consensus_Sigs,PSH-022 Down,1/245,0.0826738988226842,0.0842981386900492,0,0,13.489754098360656,33.62795157434762,CLDN5,6.889234930761012
LINCS_L1000_Chem_Pert_Consensus_Sigs,Teriflunomide Up,1/245,0.0939150581317378,0.0957483995431995,0,0,11.562060889929745,27.348488863039687,PROS1,teriflunomide,LINCS_L1000_Chem_Pert_Consensus_Sigs,Teriflunomide Up,1/245,0.0826738988226842,0.0842981386900492,0,0,13.489754098360656,33.62795157434762,ANGPT2,6.889234930761012
LINCS_L1000_Chem_Pert_Consensus_Sigs,Lomifylline Down,1/245,0.0939150581317378,0.0957483995431995,0,0,11.562060889929745,27.348488863039687,EMP1,lomifylline,LINCS_L1000_Chem_Pert_Consensus_Sigs,Lomifylline Down,1/245,0.0826738988226842,0.0842981386900492,0,0,13.489754098360656,33.62795157434762,MECOM,6.889234930761012
LINCS_L1000_Chem_Pert_Consensus_Sigs,Hydrastine Down,1/245,0.0939150581317378,0.0957483995431995,0,0,11.562060889929745,27.348488863039687,EMP1,hydrastine,LINCS_L1000_Chem_Pert_Consensus_Sigs,Hydrastine Down,1/245,0.0826738988226842,0.0842981386900492,0,0,13.489754098360656,33.62795157434762,MECOM,6.889234930761012
LINCS_L1000_Chem_Pert_Consensus_Sigs,Bendamustine Down,1/245,0.0939150581317378,0.0957483995431995,0,0,11.562060889929745,27.348488863039687,EMP1,bendamustine,LINCS_L1000_Chem_Pert_Consensus_Sigs,Bendamustine Down,1/245,0.0826738988226842,0.0842981386900492,0,0,13.489754098360656,33.62795157434762,MECOM,6.889234930761012
LINCS_L1000_Chem_Pert_Consensus_Sigs,Cefuroxime Down,1/245,0.0939150581317378,0.0957483995431995,0,0,11.562060889929745,27.348488863039687,HEXB,cefuroxime,LINCS_L1000_Chem_Pert_Consensus_Sigs,Cefuroxime Down,1/245,0.0826738988226842,0.0842981386900492,0,0,13.489754098360656,33.62795157434762,NR4A1,6.889234930761012
LINCS_L1000_Chem_Pert_Consensus_Sigs,YL-53 Down,1/245,0.0939150581317378,0.0957483995431995,0,0,11.562060889929745,27.348488863039687,EMP1,yl-53,LINCS_L1000_Chem_Pert_Consensus_Sigs,YL-53 Down,1/245,0.0826738988226842,0.0842981386900492,0,0,13.489754098360656,33.62795157434762,VWF,6.889234930761012
LINCS_L1000_Chem_Pert_Consensus_Sigs,SD-6-035-A8 Down,1/245,0.0939150581317378,0.0957483995431995,0,0,11.562060889929745,27.348488863039687,EMP1,sd-6-035-a8,LINCS_L1000_Chem_Pert_Consensus_Sigs,SD-6-035-A8 Down,1/245,0.0826738988226842,0.0842981386900492,0,0,13.489754098360656,33.62795157434762,MECOM,6.889234930761012
LINCS_L1000_Chem_Pert_Consensus_Sigs,GW-7647 Down,1/245,0.0939150581317378,0.0957483995431995,0,0,11.562060889929745,27.348488863039687,HEXB,gw-7647,LINCS_L1000_Chem_Pert_Consensus_Sigs,GW-7647 Down,1/245,0.0826738988226842,0.0842981386900492,0,0,13.489754098360656,33.62795157434762,NR4A1,6.889234930761012
LINCS_L1000_Chem_Pert_Consensus_Sigs,RS-45041-190 Down,1/245,0.0939150581317378,0.0957483995431995,0,0,11.562060889929745,27.348488863039687,EMP1,rs-45041-190,LINCS_L1000_Chem_Pert_Consensus_Sigs,RS-45041-190 Down,1/245,0.0826738988226842,0.0842981386900492,0,0,13.489754098360656,33.62795157434762,NR4A1,6.889234930761012
LINCS_L1000_Chem_Pert_Consensus_Sigs,Betamethasone-Valerate Down,1/245,0.0939150581317378,0.0957483995431995,0,0,11.562060889929745,27.348488863039687,EMP1,betamethasone-valerate,LINCS_L1000_Chem_Pert_Consensus_Sigs,Betamethasone-Valerate Down,1/245,0.0826738988226842,0.0842981386900492,0,0,13.489754098360656,33.62795157434762,MECOM,6.889234930761012
LINCS_L1000_Chem_Pert_Consensus_Sigs,WYE-125132 Up,1/245,0.0939150581317378,0.0957483995431995,0,0,11.562060889929745,27.348488863039687,EMP1,wye-125132,LINCS_L1000_Chem_Pert_Consensus_Sigs,WYE-125132 Up,1/245,0.0826738988226842,0.0842981386900492,0,0,13.489754098360656,33.62795157434762,VWF,6.889234930761012
LINCS_L1000_Chem_Pert_Consensus_Sigs,Piperidolate Down,1/245,0.0939150581317378,0.0957483995431995,0,0,11.562060889929745,27.348488863039687,EMP1,piperidolate,LINCS_L1000_Chem_Pert_Consensus_Sigs,Piperidolate Down,1/245,0.0826738988226842,0.0842981386900492,0,0,13.489754098360656,33.62795157434762,MECOM,6.889234930761012
LINCS_L1000_Chem_Pert_Consensus_Sigs,KM-03439 Down,1/245,0.0939150581317378,0.0957483995431995,0,0,11.562060889929745,27.348488863039687,EMP1,km-03439,LINCS_L1000_Chem_Pert_Consensus_Sigs,KM-03439 Up,1/245,0.0826738988226842,0.0842981386900492,0,0,13.489754098360656,33.62795157434762,MECOM,6.889234930761012
LINCS_L1000_Chem_Pert_Consensus_Sigs,Lomofungin Up,1/245,0.0939150581317378,0.0957483995431995,0,0,11.562060889929745,27.348488863039687,EMP1,lomofungin,LINCS_L1000_Chem_Pert_Consensus_Sigs,Lomofungin Up,1/245,0.0826738988226842,0.0842981386900492,0,0,13.489754098360656,33.62795157434762,MECOM,6.889234930761012
LINCS_L1000_Chem_Pert_Consensus_Sigs,KM-03439 Down,1/245,0.0939150581317378,0.0957483995431995,0,0,11.562060889929745,27.348488863039687,EMP1,km-03439,LINCS_L1000_Chem_Pert_Consensus_Sigs,KM-03439 Down,1/245,0.0826738988226842,0.0842981386900492,0,0,13.489754098360656,33.62795157434762,CLDN5,6.889234930761012
LINCS_L1000_Chem_Pert_Consensus_Sigs,SC-19220 Down,1/245,0.0939150581317378,0.0957483995431995,0,0,11.562060889929745,27.348488863039687,HEXB,sc-19220,LINCS_L1000_Chem_Pert_Consensus_Sigs,SC-19220 Down,1/245,0.0826738988226842,0.0842981386900492,0,0,13.489754098360656,33.62795157434762,NR4A1,6.889234930761012
LINCS_L1000_Chem_Pert_Consensus_Sigs,Enoximone Up,1/245,0.0939150581317378,0.0957483995431995,0,0,11.562060889929745,27.348488863039687,EMP1,enoximone,LINCS_L1000_Chem_Pert_Consensus_Sigs,Enoximone Up,1/245,0.0826738988226842,0.0842981386900492,0,0,13.489754098360656,33.62795157434762,MECOM,6.889234930761012
LINCS_L1000_Chem_Pert_Consensus_Sigs,Compound-E Up,1/245,0.0939150581317378,0.0957483995431995,0,0,11.562060889929745,27.348488863039687,EMP1,compound-e,LINCS_L1000_Chem_Pert_Consensus_Sigs,Compound-E Up,1/245,0.0826738988226842,0.0842981386900492,0,0,13.489754098360656,33.62795157434762,MECOM,6.889234930761012
LINCS_L1000_Chem_Pert_Consensus_Sigs,Fisetinidol Down,1/245,0.0939150581317378,0.0957483995431995,0,0,11.562060889929745,27.348488863039687,EMP1,fisetinidol,LINCS_L1000_Chem_Pert_Consensus_Sigs,Fisetinidol Down,1/245,0.0826738988226842,0.0842981386900492,0,0,13.489754098360656,33.62795157434762,MECOM,6.889234930761012
LINCS_L1000_Chem_Pert_Consensus_Sigs,Isotretinoin Down,1/245,0.0939150581317378,0.0957483995431995,0,0,11.562060889929745,27.348488863039687,EMP1,isotretinoin,LINCS_L1000_Chem_Pert_Consensus_Sigs,Isotretinoin Down,1/245,0.0826738988226842,0.0842981386900492,0,0,13.489754098360656,33.62795157434762,NR4A1,6.889234930761012
LINCS_L1000_Chem_Pert_Consensus_Sigs,WZ-3146 Down,1/245,0.0939150581317378,0.0957483995431995,0,0,11.562060889929745,27.348488863039687,EMP1,wz-3146,LINCS_L1000_Chem_Pert_Consensus_Sigs,WZ-3146 Down,1/245,0.0826738988226842,0.0842981386900492,0,0,13.489754098360656,33.62795157434762,NR4A1,6.889234930761012
LINCS_L1000_Chem_Pert_Consensus_Sigs,LIVF001-028 Up,1/245,0.0939150581317378,0.0957483995431995,0,0,11.562060889929745,27.348488863039687,EMP1,livf001-028,LINCS_L1000_Chem_Pert_Consensus_Sigs,LIVF001-028 Up,1/245,0.0826738988226842,0.0842981386900492,0,0,13.489754098360656,33.62795157434762,VWF,6.889234930761012
LINCS_L1000_Chem_Pert_Consensus_Sigs,EMF-sumo1-7 Down,1/245,0.0939150581317378,0.0957483995431995,0,0,11.562060889929745,27.348488863039687,SOHLH2,emf-sumo1-7,LINCS_L1000_Chem_Pert_Consensus_Sigs,EMF-sumo1-7 Down,1/245,0.0826738988226842,0.0842981386900492,0,0,13.489754098360656,33.62795157434762,NR4A1,6.889234930761012
LINCS_L1000_Chem_Pert_Consensus_Sigs,Mefenamic-Acid Up,1/245,0.0939150581317378,0.0957483995431995,0,0,11.562060889929745,27.348488863039687,EMP1,mefenamic-acid,LINCS_L1000_Chem_Pert_Consensus_Sigs,Mefenamic-Acid Up,1/245,0.0826738988226842,0.0842981386900492,0,0,13.489754098360656,33.62795157434762,VWF,6.889234930761012
LINCS_L1000_Chem_Pert_Consensus_Sigs,SA-247592 Up,1/245,0.0939150581317378,0.0957483995431995,0,0,11.562060889929745,27.348488863039687,PROS1,sa-247592,LINCS_L1000_Chem_Pert_Consensus_Sigs,SA-247592 Up,1/245,0.0826738988226842,0.0842981386900492,0,0,13.489754098360656,33.62795157434762,CLDN5,6.889234930761012
LINCS_L1000_Chem_Pert_Consensus_Sigs,Altrenogest Up,1/245,0.0939150581317378,0.0957483995431995,0,0,11.562060889929745,27.348488863039687,EMP1,altrenogest,LINCS_L1000_Chem_Pert_Consensus_Sigs,Altrenogest Up,1/245,0.0826738988226842,0.0842981386900492,0,0,13.489754098360656,33.62795157434762,NR4A1,6.889234930761012
LINCS_L1000_Chem_Pert_Consensus_Sigs,Tetrachloroethylene Down,1/245,0.0939150581317378,0.0957483995431995,0,0,11.562060889929745,27.348488863039687,EMP1,tetrachloroethylene,LINCS_L1000_Chem_Pert_Consensus_Sigs,Tetrachloroethylene Down,1/245,0.0826738988226842,0.0842981386900492,0,0,13.489754098360656,33.62795157434762,VWF,6.889234930761012
LINCS_L1000_Chem_Pert_Consensus_Sigs,MK-0812 Down,1/245,0.0939150581317378,0.0957483995431995,0,0,11.562060889929745,27.348488863039687,EMP1,mk-0812,LINCS_L1000_Chem_Pert_Consensus_Sigs,MK-0812 Down,1/245,0.0826738988226842,0.0842981386900492,0,0,13.489754098360656,33.62795157434762,CLDN5,6.889234930761012
LINCS_L1000_Chem_Pert_Consensus_Sigs,Sodium-Butyrate Down,1/245,0.0939150581317378,0.0957483995431995,0,0,11.562060889929745,27.348488863039687,EMP1,sodium-butyrate,LINCS_L1000_Chem_Pert_Consensus_Sigs,Sodium-Butyrate Down,1/245,0.0826738988226842,0.0842981386900492,0,0,13.489754098360656,33.62795157434762,CLDN5,6.889234930761012
LINCS_L1000_Chem_Pert_Consensus_Sigs,Cinobufagin Up,1/245,0.0939150581317378,0.0957483995431995,0,0,11.562060889929745,27.348488863039687,EMP1,cinobufagin,LINCS_L1000_Chem_Pert_Consensus_Sigs,Cinobufagin Up,1/245,0.0826738988226842,0.0842981386900492,0,0,13.489754098360656,33.62795157434762,NR4A1,6.889234930761012
LINCS_L1000_Chem_Pert_Consensus_Sigs,Rolitetracycline Up,1/245,0.0939150581317378,0.0957483995431995,0,0,11.562060889929745,27.348488863039687,EMP1,rolitetracycline,LINCS_L1000_Chem_Pert_Consensus_Sigs,Rolitetracycline Down,1/245,0.0826738988226842,0.0842981386900492,0,0,13.489754098360656,33.62795157434762,NR4A1,6.889234930761012
LINCS_L1000_Chem_Pert_Consensus_Sigs,Tolcapone Down,1/245,0.0939150581317378,0.0957483995431995,0,0,11.562060889929745,27.348488863039687,EMP1,tolcapone,LINCS_L1000_Chem_Pert_Consensus_Sigs,Tolcapone Down,1/245,0.0826738988226842,0.0842981386900492,0,0,13.489754098360656,33.62795157434762,VWF,6.889234930761012
LINCS_L1000_Chem_Pert_Consensus_Sigs,Quinethazone Up,1/245,0.0939150581317378,0.0957483995431995,0,0,11.562060889929745,27.348488863039687,PROS1,quinethazone,LINCS_L1000_Chem_Pert_Consensus_Sigs,Quinethazone Down,1/245,0.0826738988226842,0.0842981386900492,0,0,13.489754098360656,33.62795157434762,MECOM,6.889234930761012
LINCS_L1000_Chem_Pert_Consensus_Sigs,Megestrol-Acetate Up,1/245,0.0939150581317378,0.0957483995431995,0,0,11.562060889929745,27.348488863039687,EMP1,megestrol-acetate,LINCS_L1000_Chem_Pert_Consensus_Sigs,Megestrol-Acetate Down,1/245,0.0826738988226842,0.0842981386900492,0,0,13.489754098360656,33.62795157434762,MECOM,6.889234930761012
LINCS_L1000_Chem_Pert_Consensus_Sigs,Y-134 Down,1/245,0.0939150581317378,0.0957483995431995,0,0,11.562060889929745,27.348488863039687,EMP1,y-134,LINCS_L1000_Chem_Pert_Consensus_Sigs,Y-134 Down,1/245,0.0826738988226842,0.0842981386900492,0,0,13.489754098360656,33.62795157434762,MECOM,6.889234930761012
LINCS_L1000_Chem_Pert_Consensus_Sigs,IQ1 Down,1/245,0.0939150581317378,0.0957483995431995,0,0,11.562060889929745,27.348488863039687,EMP1,iq1,LINCS_L1000_Chem_Pert_Consensus_Sigs,IQ1 Down,1/245,0.0826738988226842,0.0842981386900492,0,0,13.489754098360656,33.62795157434762,NR4A1,6.889234930761012
LINCS_L1000_Chem_Pert_Consensus_Sigs,Procaine Up,1/245,0.0939150581317378,0.0957483995431995,0,0,11.562060889929745,27.348488863039687,FCN3,procaine,LINCS_L1000_Chem_Pert_Consensus_Sigs,Procaine Up,1/245,0.0826738988226842,0.0842981386900492,0,0,13.489754098360656,33.62795157434762,VWF,6.889234930761012
LINCS_L1000_Chem_Pert_Consensus_Sigs,Levcromakalim Down,1/245,0.0939150581317378,0.0957483995431995,0,0,11.562060889929745,27.348488863039687,HEXB,levcromakalim,LINCS_L1000_Chem_Pert_Consensus_Sigs,Levcromakalim Down,1/245,0.0826738988226842,0.0842981386900492,0,0,13.489754098360656,33.62795157434762,VWF,6.889234930761012
LINCS_L1000_Chem_Pert_Consensus_Sigs,ST-4029010 Down,1/245,0.0939150581317378,0.0957483995431995,0,0,11.562060889929745,27.348488863039687,EMP1,st-4029010,LINCS_L1000_Chem_Pert_Consensus_Sigs,ST-4029010 Down,1/245,0.0826738988226842,0.0842981386900492,0,0,13.489754098360656,33.62795157434762,VWF,6.889234930761012
LINCS_L1000_Chem_Pert_Consensus_Sigs,SA-1919667 Up,1/245,0.0939150581317378,0.0957483995431995,0,0,11.562060889929745,27.348488863039687,EMP1,sa-1919667,LINCS_L1000_Chem_Pert_Consensus_Sigs,SA-1919667 Up,1/245,0.0826738988226842,0.0842981386900492,0,0,13.489754098360656,33.62795157434762,MECOM,6.889234930761012
LINCS_L1000_Chem_Pert_Consensus_Sigs,Propyleneimine Down,1/245,0.0939150581317378,0.0957483995431995,0,0,11.562060889929745,27.348488863039687,EMP1,propyleneimine,LINCS_L1000_Chem_Pert_Consensus_Sigs,Propyleneimine Up,1/245,0.0826738988226842,0.0842981386900492,0,0,13.489754098360656,33.62795157434762,MECOM,6.889234930761012
LINCS_L1000_Chem_Pert_Consensus_Sigs,SA-1973497 Down,1/245,0.0939150581317378,0.0957483995431995,0,0,11.562060889929745,27.348488863039687,EMP1,sa-1973497,LINCS_L1000_Chem_Pert_Consensus_Sigs,SA-1973497 Down,1/245,0.0826738988226842,0.0842981386900492,0,0,13.489754098360656,33.62795157434762,MECOM,6.889234930761012
LINCS_L1000_Chem_Pert_Consensus_Sigs,SA-1457103 Up,1/245,0.0939150581317378,0.0957483995431995,0,0,11.562060889929745,27.348488863039687,EMP1,sa-1457103,LINCS_L1000_Chem_Pert_Consensus_Sigs,SA-1457103 Up,1/245,0.0826738988226842,0.0842981386900492,0,0,13.489754098360656,33.62795157434762,NR4A1,6.889234930761012
LINCS_L1000_Chem_Pert_Consensus_Sigs,HP-163 Down,1/245,0.0939150581317378,0.0957483995431995,0,0,11.562060889929745,27.348488863039687,EMP1,hp-163,LINCS_L1000_Chem_Pert_Consensus_Sigs,HP-163 Up,1/245,0.0826738988226842,0.0842981386900492,0,0,13.489754098360656,33.62795157434762,VWF,6.889234930761012
LINCS_L1000_Chem_Pert_Consensus_Sigs,Isoxicam Down,1/245,0.0939150581317378,0.0957483995431995,0,0,11.562060889929745,27.348488863039687,EMP1,isoxicam,LINCS_L1000_Chem_Pert_Consensus_Sigs,Isoxicam Down,1/245,0.0826738988226842,0.0842981386900492,0,0,13.489754098360656,33.62795157434762,NR4A1,6.889234930761012
LINCS_L1000_Chem_Pert_Consensus_Sigs,IOWH-032 Down,1/245,0.0939150581317378,0.0957483995431995,0,0,11.562060889929745,27.348488863039687,EMP1,iowh-032,LINCS_L1000_Chem_Pert_Consensus_Sigs,IOWH-032 Down,1/245,0.0826738988226842,0.0842981386900492,0,0,13.489754098360656,33.62795157434762,VWF,6.889234930761012
LINCS_L1000_Chem_Pert_Consensus_Sigs,LY-2090314 Down,1/245,0.0939150581317378,0.0957483995431995,0,0,11.562060889929745,27.348488863039687,EMP1,ly-2090314,LINCS_L1000_Chem_Pert_Consensus_Sigs,LY-2090314 Down,1/245,0.0826738988226842,0.0842981386900492,0,0,13.489754098360656,33.62795157434762,CLDN5,6.889234930761012
LINCS_L1000_Chem_Pert_Consensus_Sigs,KM-01366 Up,1/245,0.0939150581317378,0.0957483995431995,0,0,11.562060889929745,27.348488863039687,EMP1,km-01366,LINCS_L1000_Chem_Pert_Consensus_Sigs,KM-01366 Down,1/245,0.0826738988226842,0.0842981386900492,0,0,13.489754098360656,33.62795157434762,VWF,6.889234930761012
LINCS_L1000_Chem_Pert_Consensus_Sigs,P-5091 Down,1/245,0.0939150581317378,0.0957483995431995,0,0,11.562060889929745,27.348488863039687,FCN3,p-5091,LINCS_L1000_Chem_Pert_Consensus_Sigs,P-5091 Down,1/245,0.0826738988226842,0.0842981386900492,0,0,13.489754098360656,33.62795157434762,MECOM,6.889234930761012
LINCS_L1000_Chem_Pert_Consensus_Sigs,Digitoxigenin Up,1/245,0.0939150581317378,0.0957483995431995,0,0,11.562060889929745,27.348488863039687,EMP1,digitoxigenin,LINCS_L1000_Chem_Pert_Consensus_Sigs,Digitoxigenin Up,1/245,0.0826738988226842,0.0842981386900492,0,0,13.489754098360656,33.62795157434762,NR4A1,6.889234930761012
LINCS_L1000_Chem_Pert_Consensus_Sigs,Isradipine Down,1/245,0.0939150581317378,0.0957483995431995,0,0,11.562060889929745,27.348488863039687,EMP1,isradipine,LINCS_L1000_Chem_Pert_Consensus_Sigs,Isradipine Up,1/245,0.0826738988226842,0.0842981386900492,0,0,13.489754098360656,33.62795157434762,MECOM,6.889234930761012
LINCS_L1000_Chem_Pert_Consensus_Sigs,Rimcazole Down,1/245,0.0939150581317378,0.0957483995431995,0,0,11.562060889929745,27.348488863039687,EMP1,rimcazole,LINCS_L1000_Chem_Pert_Consensus_Sigs,Rimcazole Down,1/245,0.0826738988226842,0.0842981386900492,0,0,13.489754098360656,33.62795157434762,MECOM,6.889234930761012
LINCS_L1000_Chem_Pert_Consensus_Sigs,HDAC1-selective Down,1/245,0.0939150581317378,0.0957483995431995,0,0,11.562060889929745,27.348488863039687,EMP1,hdac1-selective,LINCS_L1000_Chem_Pert_Consensus_Sigs,HDAC1-selective Down,1/245,0.0826738988226842,0.0842981386900492,0,0,13.489754098360656,33.62795157434762,VWF,6.889234930761012
LINCS_L1000_Chem_Pert_Consensus_Sigs,Talniflumate Down,1/245,0.0939150581317378,0.0957483995431995,0,0,11.562060889929745,27.348488863039687,EMP1,talniflumate,LINCS_L1000_Chem_Pert_Consensus_Sigs,Talniflumate Down,1/245,0.0826738988226842,0.0842981386900492,0,0,13.489754098360656,33.62795157434762,NR4A1,6.889234930761012
LINCS_L1000_Chem_Pert_Consensus_Sigs,Helveticoside Up,1/245,0.0939150581317378,0.0957483995431995,0,0,11.562060889929745,27.348488863039687,EMP1,helveticoside,LINCS_L1000_Chem_Pert_Consensus_Sigs,Helveticoside Up,1/245,0.0826738988226842,0.0842981386900492,0,0,13.489754098360656,33.62795157434762,NR4A1,6.889234930761012
LINCS_L1000_Chem_Pert_Consensus_Sigs,Daphnetin Up,1/245,0.0939150581317378,0.0957483995431995,0,0,11.562060889929745,27.348488863039687,SOHLH2,daphnetin,LINCS_L1000_Chem_Pert_Consensus_Sigs,Daphnetin Up,1/245,0.0826738988226842,0.0842981386900492,0,0,13.489754098360656,33.62795157434762,MECOM,6.889234930761012
LINCS_L1000_Chem_Pert_Consensus_Sigs,Edoxaban Up,1/245,0.0939150581317378,0.0957483995431995,0,0,11.562060889929745,27.348488863039687,FCN3,edoxaban,LINCS_L1000_Chem_Pert_Consensus_Sigs,Edoxaban Up,1/245,0.0826738988226842,0.0842981386900492,0,0,13.489754098360656,33.62795157434762,MECOM,6.889234930761012
LINCS_L1000_Chem_Pert_Consensus_Sigs,GALR2 M617 Up,1/246,0.0942819863760005,0.0957483995431995,0,0,11.514285714285714,27.190584236877303,EMP1,galr2,LINCS_L1000_Chem_Pert_Consensus_Sigs,GALR2 GALP Down,1/244,0.0823487547067955,0.0842981386900492,0,0,13.545953360768175,33.82142723079559,MECOM,6.8892209522027175
LINCS_L1000_Chem_Pert_Consensus_Sigs,Methylphenidate Down,1/246,0.0942819863760005,0.0957483995431995,0,0,11.514285714285714,27.190584236877303,HEXB,methylphenidate,LINCS_L1000_Chem_Pert_Consensus_Sigs,Methylphenidate Up,1/244,0.0823487547067955,0.0842981386900492,0,0,13.545953360768175,33.82142723079559,VWF,6.8892209522027175
LINCS_L1000_Chem_Pert_Consensus_Sigs,Gramine Up,1/246,0.0942819863760005,0.0957483995431995,0,0,11.514285714285714,27.190584236877303,FCN3,gramine,LINCS_L1000_Chem_Pert_Consensus_Sigs,Gramine Down,1/244,0.0823487547067955,0.0842981386900492,0,0,13.545953360768175,33.82142723079559,NR4A1,6.8892209522027175
LINCS_L1000_Chem_Pert_Consensus_Sigs,MW-SHH-97 Down,1/246,0.0942819863760005,0.0957483995431995,0,0,11.514285714285714,27.190584236877303,EMP1,mw-shh-97,LINCS_L1000_Chem_Pert_Consensus_Sigs,MW-SHH-97 Up,1/244,0.0823487547067955,0.0842981386900492,0,0,13.545953360768175,33.82142723079559,NR4A1,6.8892209522027175
LINCS_L1000_Chem_Pert_Consensus_Sigs,Sulfabenzamide Down,1/246,0.0942819863760005,0.0957483995431995,0,0,11.514285714285714,27.190584236877303,EMP1,sulfabenzamide,LINCS_L1000_Chem_Pert_Consensus_Sigs,Sulfabenzamide Up,1/244,0.0823487547067955,0.0842981386900492,0,0,13.545953360768175,33.82142723079559,MECOM,6.8892209522027175
LINCS_L1000_Chem_Pert_Consensus_Sigs,SB-415286 Up,1/246,0.0942819863760005,0.0957483995431995,0,0,11.514285714285714,27.190584236877303,EMP1,sb-415286,LINCS_L1000_Chem_Pert_Consensus_Sigs,SB-415286 Down,1/244,0.0823487547067955,0.0842981386900492,0,0,13.545953360768175,33.82142723079559,NR4A1,6.8892209522027175
LINCS_L1000_Chem_Pert_Consensus_Sigs,Clorsulon Up,1/242,0.0928134928675034,0.0957483995431995,0,0,11.70776526378186,27.831269353724167,EMP1,clorsulon,LINCS_L1000_Chem_Pert_Consensus_Sigs,Clorsulon Down,1/249,0.0839734880768169,0.0842981386900492,0,0,13.269489247311828,32.87189728093677,MECOM,6.884046221421974
LINCS_L1000_Chem_Pert_Consensus_Sigs,LM-1685 Down,1/242,0.0928134928675034,0.0957483995431995,0,0,11.70776526378186,27.831269353724167,FCN3,lm-1685,LINCS_L1000_Chem_Pert_Consensus_Sigs,LM-1685 Up,1/249,0.0839734880768169,0.0842981386900492,0,0,13.269489247311828,32.87189728093677,NR4A1,6.884046221421974
LINCS_L1000_Chem_Pert_Consensus_Sigs,L-732138 Down,1/243,0.0931808114265344,0.0957483995431995,0,0,11.65879574970484,27.66881105269825,EMP1,l-732138,LINCS_L1000_Chem_Pert_Consensus_Sigs,L-732138 Up,1/248,0.0836487388013027,0.0842981386900492,0,0,13.323886639676113,33.05828058514445,MECOM,6.883883000972497
LINCS_L1000_Chem_Pert_Consensus_Sigs,GALR3 ALARIN Up,1/243,0.0931808114265344,0.0957483995431995,0,0,11.65879574970484,27.66881105269825,EMP1,galr3,LINCS_L1000_Chem_Pert_Consensus_Sigs,GALR3 M617 Up,1/248,0.0836487388013027,0.0842981386900492,0,0,13.323886639676113,33.05828058514445,NR4A1,6.883883000972497
LINCS_L1000_Chem_Pert_Consensus_Sigs,TUL XIX002 Up,1/244,0.093547999824044,0.0957483995431995,0,0,11.610229276895945,27.507891072209866,EMP1,tul,LINCS_L1000_Chem_Pert_Consensus_Sigs,TUL XXI035 Down,1/247,0.0833238908529418,0.0842981386900492,0,0,13.378726287262872,33.24640194313252,NR4A1,6.883762435111702
LINCS_L1000_Chem_Pert_Consensus_Sigs,TL-HRAS-27 Down,1/244,0.093547999824044,0.0957483995431995,0,0,11.610229276895945,27.507891072209866,EMP1,tl-hras-27,LINCS_L1000_Chem_Pert_Consensus_Sigs,TL-HRAS-27 Up,1/247,0.0833238908529418,0.0842981386900492,0,0,13.378726287262872,33.24640194313252,VWF,6.883762435111702
LINCS_L1000_Chem_Pert_Consensus_Sigs,SB-221284 Down,1/244,0.093547999824044,0.0957483995431995,0,0,11.610229276895945,27.507891072209866,FCN3,sb-221284,LINCS_L1000_Chem_Pert_Consensus_Sigs,SB-221284 Up,1/247,0.0833238908529418,0.0842981386900492,0,0,13.378726287262872,33.24640194313252,VWF,6.883762435111702
LINCS_L1000_Chem_Pert_Consensus_Sigs,SMI-4a Up,1/244,0.093547999824044,0.0957483995431995,0,0,11.610229276895945,27.507891072209866,EMP1,smi-4a,LINCS_L1000_Chem_Pert_Consensus_Sigs,SMI-4a Down,1/247,0.0833238908529418,0.0842981386900492,0,0,13.378726287262872,33.24640194313252,MECOM,6.883762435111702
LINCS_L1000_Chem_Pert_Consensus_Sigs,TUL XX087 Down,1/244,0.093547999824044,0.0957483995431995,0,0,11.610229276895945,27.507891072209866,EMP1,tul,LINCS_L1000_Chem_Pert_Consensus_Sigs,TUL XXI035 Down,1/247,0.0833238908529418,0.0842981386900492,0,0,13.378726287262872,33.24640194313252,NR4A1,6.883762435111702
LINCS_L1000_Chem_Pert_Consensus_Sigs,Pranoprofen Up,1/244,0.093547999824044,0.0957483995431995,0,0,11.610229276895945,27.507891072209866,PROS1,pranoprofen,LINCS_L1000_Chem_Pert_Consensus_Sigs,Pranoprofen Down,1/247,0.0833238908529418,0.0842981386900492,0,0,13.378726287262872,33.24640194313252,VWF,6.883762435111702
LINCS_L1000_Chem_Pert_Consensus_Sigs,Fomocaine Down,1/244,0.093547999824044,0.0957483995431995,0,0,11.610229276895945,27.507891072209866,EMP1,fomocaine,LINCS_L1000_Chem_Pert_Consensus_Sigs,Fomocaine Up,1/247,0.0833238908529418,0.0842981386900492,0,0,13.378726287262872,33.24640194313252,NR4A1,6.883762435111702
LINCS_L1000_Chem_Pert_Consensus_Sigs,YL-54 Up,1/244,0.093547999824044,0.0957483995431995,0,0,11.610229276895945,27.507891072209866,EMP1,yl-54,LINCS_L1000_Chem_Pert_Consensus_Sigs,YL-54 Down,1/247,0.0833238908529418,0.0842981386900492,0,0,13.378726287262872,33.24640194313252,MECOM,6.883762435111702
LINCS_L1000_Chem_Pert_Consensus_Sigs,Cyclopamine Up,1/248,0.0950154528496176,0.0957483995431995,0,0,11.419895893580104,26.879188702856474,EMP1,cyclopamine,LINCS_L1000_Chem_Pert_Consensus_Sigs,Cyclopamine Down,1/243,0.0820235117898582,0.0842981386900492,0,0,13.602617079889807,34.016735734758925,MECOM,6.883706596914086
LINCS_L1000_Chem_Pert_Consensus_Sigs,Canertinib Down,1/248,0.0950154528496176,0.0957483995431995,0,0,11.419895893580104,26.879188702856474,EMP1,canertinib,LINCS_L1000_Chem_Pert_Consensus_Sigs,Canertinib Up,1/243,0.0820235117898582,0.0842981386900492,0,0,13.602617079889807,34.016735734758925,MECOM,6.883706596914086
LINCS_L1000_Chem_Pert_Consensus_Sigs,TUL Up,1/245,0.0939150581317378,0.0957483995431995,0,0,11.562060889929745,27.348488863039687,FCN3,tul,LINCS_L1000_Chem_Pert_Consensus_Sigs,TUL XX087 Up,1/246,0.0829989442057065,0.0842981386900492,0,0,13.434013605442177,33.4362844427817,CLDN5,6.883684514664974
LINCS_L1000_Chem_Pert_Consensus_Sigs,Secoisolariciresinol Down,1/245,0.0939150581317378,0.0957483995431995,0,0,11.562060889929745,27.348488863039687,EMP1,secoisolariciresinol,LINCS_L1000_Chem_Pert_Consensus_Sigs,Secoisolariciresinol Up,1/246,0.0829989442057065,0.0842981386900492,0,0,13.434013605442177,33.4362844427817,MECOM,6.883684514664974
LINCS_L1000_Chem_Pert_Consensus_Sigs,RU-28318 Down,1/245,0.0939150581317378,0.0957483995431995,0,0,11.562060889929745,27.348488863039687,EMP1,ru-28318,LINCS_L1000_Chem_Pert_Consensus_Sigs,RU-28318 Up,1/246,0.0829989442057065,0.0842981386900492,0,0,13.434013605442177,33.4362844427817,MECOM,6.883684514664974
LINCS_L1000_Chem_Pert_Consensus_Sigs,GALR2 FBS Down,1/245,0.0939150581317378,0.0957483995431995,0,0,11.562060889929745,27.348488863039687,FCN3,galr2,LINCS_L1000_Chem_Pert_Consensus_Sigs,GALR2 GALANIN Up,1/246,0.0829989442057065,0.0842981386900492,0,0,13.434013605442177,33.4362844427817,NR4A1,6.883684514664974
LINCS_L1000_Chem_Pert_Consensus_Sigs,PSH-024 Up,1/245,0.0939150581317378,0.0957483995431995,0,0,11.562060889929745,27.348488863039687,EMP1,psh-024,LINCS_L1000_Chem_Pert_Consensus_Sigs,PSH-024 Down,1/246,0.0829989442057065,0.0842981386900492,0,0,13.434013605442177,33.4362844427817,NR4A1,6.883684514664974
LINCS_L1000_Chem_Pert_Consensus_Sigs,Levcromakalim Down,1/245,0.0939150581317378,0.0957483995431995,0,0,11.562060889929745,27.348488863039687,HEXB,levcromakalim,LINCS_L1000_Chem_Pert_Consensus_Sigs,Levcromakalim Up,1/246,0.0829989442057065,0.0842981386900492,0,0,13.434013605442177,33.4362844427817,MECOM,6.883684514664974
LINCS_L1000_Chem_Pert_Consensus_Sigs,GALR2 FBS Down,1/245,0.0939150581317378,0.0957483995431995,0,0,11.562060889929745,27.348488863039687,FCN3,galr2,LINCS_L1000_Chem_Pert_Consensus_Sigs,GALR2 M617 Up,1/246,0.0829989442057065,0.0842981386900492,0,0,13.434013605442177,33.4362844427817,NR4A1,6.883684514664974
LINCS_L1000_Chem_Pert_Consensus_Sigs,Vindesine Up,1/245,0.0939150581317378,0.0957483995431995,0,0,11.562060889929745,27.348488863039687,EMP1,vindesine,LINCS_L1000_Chem_Pert_Consensus_Sigs,Vindesine Down,1/246,0.0829989442057065,0.0842981386900492,0,0,13.434013605442177,33.4362844427817,ANGPT2,6.883684514664974
LINCS_L1000_Chem_Pert_Consensus_Sigs,RG-7388 Up,1/245,0.0939150581317378,0.0957483995431995,0,0,11.562060889929745,27.348488863039687,PROS1,rg-7388,LINCS_L1000_Chem_Pert_Consensus_Sigs,RG-7388 Down,1/246,0.0829989442057065,0.0842981386900492,0,0,13.434013605442177,33.4362844427817,NR4A1,6.883684514664974
LINCS_L1000_Chem_Pert_Consensus_Sigs,Methyl-Fasudil Down,1/245,0.0939150581317378,0.0957483995431995,0,0,11.562060889929745,27.348488863039687,EMP1,methyl-fasudil,LINCS_L1000_Chem_Pert_Consensus_Sigs,Methyl-Fasudil Up,1/246,0.0829989442057065,0.0842981386900492,0,0,13.434013605442177,33.4362844427817,CLDN5,6.883684514664974
LINCS_L1000_Chem_Pert_Consensus_Sigs,ML-89-9 Down,1/247,0.0946487846102068,0.0957483995431995,0,0,11.466898954703831,27.03415734979564,EMP1,ml-89-9,LINCS_L1000_Chem_Pert_Consensus_Sigs,ML-89-9 Up,1/244,0.0823487547067955,0.0842981386900492,0,0,13.545953360768175,33.82142723079559,VWF,6.883656594367519
LINCS_L1000_Chem_Pert_Consensus_Sigs,BMS-599626 Up,1/247,0.0946487846102068,0.0957483995431995,0,0,11.466898954703831,27.03415734979564,EMP1,bms-599626,LINCS_L1000_Chem_Pert_Consensus_Sigs,BMS-599626 Down,1/244,0.0823487547067955,0.0842981386900492,0,0,13.545953360768175,33.82142723079559,VWF,6.883656594367519
LINCS_L1000_Chem_Pert_Consensus_Sigs,Prothionamide Up,1/247,0.0946487846102068,0.0957483995431995,0,0,11.466898954703831,27.03415734979564,HEXB,prothionamide,LINCS_L1000_Chem_Pert_Consensus_Sigs,Prothionamide Down,1/244,0.0823487547067955,0.0842981386900492,0,0,13.545953360768175,33.82142723079559,VWF,6.883656594367519
LINCS_L1000_Chem_Pert_Consensus_Sigs,GALR2 GALP Up,1/247,0.0946487846102068,0.0957483995431995,0,0,11.466898954703831,27.03415734979564,EMP1,galr2,LINCS_L1000_Chem_Pert_Consensus_Sigs,GALR2 GALP Down,1/244,0.0823487547067955,0.0842981386900492,0,0,13.545953360768175,33.82142723079559,MECOM,6.883656594367519
LINCS_L1000_Chem_Pert_Consensus_Sigs,SA-1459291 Down,1/247,0.0946487846102068,0.0957483995431995,0,0,11.466898954703831,27.03415734979564,PROS1,sa-1459291,LINCS_L1000_Chem_Pert_Consensus_Sigs,SA-1459291 Up,1/244,0.0823487547067955,0.0842981386900492,0,0,13.545953360768175,33.82142723079559,MECOM,6.883656594367519
LINCS_L1000_Chem_Pert_Consensus_Sigs,MC-1293 Down,1/247,0.0946487846102068,0.0957483995431995,0,0,11.466898954703831,27.03415734979564,EMP1,mc-1293,LINCS_L1000_Chem_Pert_Consensus_Sigs,MC-1293 Up,1/244,0.0823487547067955,0.0842981386900492,0,0,13.545953360768175,33.82142723079559,VWF,6.883656594367519
LINCS_L1000_Chem_Pert_Consensus_Sigs,CDC Up,1/247,0.0946487846102068,0.0957483995431995,0,0,11.466898954703831,27.03415734979564,FCN3,cdc,LINCS_L1000_Chem_Pert_Consensus_Sigs,CDC Down,1/244,0.0823487547067955,0.0842981386900492,0,0,13.545953360768175,33.82142723079559,ANGPT2,6.883656594367519
LINCS_L1000_Chem_Pert_Consensus_Sigs,Dibenzepin Up,1/246,0.0942819863760005,0.0957483995431995,0,0,11.514285714285714,27.190584236877303,EMP1,dibenzepin,LINCS_L1000_Chem_Pert_Consensus_Sigs,Dibenzepin Down,1/245,0.0826738988226842,0.0842981386900492,0,0,13.489754098360656,33.62795157434762,VWF,6.883649234779221
LINCS_L1000_Chem_Pert_Consensus_Sigs,Rebastinib Up,1/246,0.0942819863760005,0.0957483995431995,0,0,11.514285714285714,27.190584236877303,HEXB,rebastinib,LINCS_L1000_Chem_Pert_Consensus_Sigs,Rebastinib Down,1/245,0.0826738988226842,0.0842981386900492,0,0,13.489754098360656,33.62795157434762,NR4A1,6.883649234779221
LINCS_L1000_Chem_Pert_Consensus_Sigs,Glycopyrrolate Down,1/246,0.0942819863760005,0.0957483995431995,0,0,11.514285714285714,27.190584236877303,EMP1,glycopyrrolate,LINCS_L1000_Chem_Pert_Consensus_Sigs,Glycopyrrolate Up,1/245,0.0826738988226842,0.0842981386900492,0,0,13.489754098360656,33.62795157434762,MECOM,6.883649234779221
LINCS_L1000_Chem_Pert_Consensus_Sigs,MY-5445 Up,1/246,0.0942819863760005,0.0957483995431995,0,0,11.514285714285714,27.190584236877303,FCN3,my-5445,LINCS_L1000_Chem_Pert_Consensus_Sigs,MY-5445 Down,1/245,0.0826738988226842,0.0842981386900492,0,0,13.489754098360656,33.62795157434762,CKMT2,6.883649234779221
LINCS_L1000_Chem_Pert_Consensus_Sigs,BG-1001 Up,1/246,0.0942819863760005,0.0957483995431995,0,0,11.514285714285714,27.190584236877303,EMP1,bg-1001,LINCS_L1000_Chem_Pert_Consensus_Sigs,BG-1001 Down,1/245,0.0826738988226842,0.0842981386900492,0,0,13.489754098360656,33.62795157434762,MECOM,6.883649234779221
LINCS_L1000_Chem_Pert_Consensus_Sigs,Isobutyraldehyde Up,1/246,0.0942819863760005,0.0957483995431995,0,0,11.514285714285714,27.190584236877303,FCN3,isobutyraldehyde,LINCS_L1000_Chem_Pert_Consensus_Sigs,Isobutyraldehyde Down,1/245,0.0826738988226842,0.0842981386900492,0,0,13.489754098360656,33.62795157434762,NR4A1,6.883649234779221
LINCS_L1000_Chem_Pert_Consensus_Sigs,Acamprosate Up,1/246,0.0942819863760005,0.0957483995431995,0,0,11.514285714285714,27.190584236877303,PROS1,acamprosate,LINCS_L1000_Chem_Pert_Consensus_Sigs,Acamprosate Down,1/245,0.0826738988226842,0.0842981386900492,0,0,13.489754098360656,33.62795157434762,VWF,6.883649234779221
LINCS_L1000_Chem_Pert_Consensus_Sigs,KU-C103868 Up,1/246,0.0942819863760005,0.0957483995431995,0,0,11.514285714285714,27.190584236877303,EMP1,ku-c103868,LINCS_L1000_Chem_Pert_Consensus_Sigs,KU-C103868 Down,1/245,0.0826738988226842,0.0842981386900492,0,0,13.489754098360656,33.62795157434762,NR4A1,6.883649234779221
LINCS_L1000_Chem_Pert_Consensus_Sigs,BG-1020 Down,1/246,0.0942819863760005,0.0957483995431995,0,0,11.514285714285714,27.190584236877303,EMP1,bg-1020,LINCS_L1000_Chem_Pert_Consensus_Sigs,BG-1020 Up,1/245,0.0826738988226842,0.0842981386900492,0,0,13.489754098360656,33.62795157434762,MECOM,6.883649234779221
LINCS_L1000_Chem_Pert_Consensus_Sigs,Levomepromazine Down,1/243,0.0931808114265344,0.0957483995431995,0,0,11.65879574970484,27.66881105269825,PROS1,levomepromazine,LINCS_L1000_Chem_Pert_Consensus_Sigs,Levomepromazine Up,1/249,0.0839734880768169,0.0842981386900492,0,0,13.269489247311828,32.87189728093677,MECOM,6.878395490773873
LINCS_L1000_Chem_Pert_Consensus_Sigs,Vismodegib Down,1/243,0.0931808114265344,0.0957483995431995,0,0,11.65879574970484,27.66881105269825,EMP1,vismodegib,LINCS_L1000_Chem_Pert_Consensus_Sigs,Vismodegib Up,1/249,0.0839734880768169,0.0842981386900492,0,0,13.269489247311828,32.87189728093677,MECOM,6.878395490773873
LINCS_L1000_Chem_Pert_Consensus_Sigs,GALR3 ALARIN Up,1/243,0.0931808114265344,0.0957483995431995,0,0,11.65879574970484,27.66881105269825,EMP1,galr3,LINCS_L1000_Chem_Pert_Consensus_Sigs,GALR3 FBS Up,1/249,0.0839734880768169,0.0842981386900492,0,0,13.269489247311828,32.87189728093677,NR4A1,6.878395490773873
LINCS_L1000_Chem_Pert_Consensus_Sigs,GS-6201 Up,1/244,0.093547999824044,0.0957483995431995,0,0,11.610229276895945,27.507891072209866,EMP1,gs-6201,LINCS_L1000_Chem_Pert_Consensus_Sigs,GS-6201 Down,1/248,0.0836487388013027,0.0842981386900492,0,0,13.323886639676113,33.05828058514445,MECOM,6.878254120698047
LINCS_L1000_Chem_Pert_Consensus_Sigs,BAY-11-7085 Down,1/244,0.093547999824044,0.0957483995431995,0,0,11.610229276895945,27.507891072209866,PROS1,bay-11-7085,LINCS_L1000_Chem_Pert_Consensus_Sigs,BAY-11-7085 Up,1/248,0.0836487388013027,0.0842981386900492,0,0,13.323886639676113,33.05828058514445,NR4A1,6.878254120698047
LINCS_L1000_Chem_Pert_Consensus_Sigs,Phenylbutyrate Down,1/244,0.093547999824044,0.0957483995431995,0,0,11.610229276895945,27.507891072209866,HEXB,phenylbutyrate,LINCS_L1000_Chem_Pert_Consensus_Sigs,Phenylbutyrate Up,1/248,0.0836487388013027,0.0842981386900492,0,0,13.323886639676113,33.05828058514445,MECOM,6.878254120698047
LINCS_L1000_Chem_Pert_Consensus_Sigs,3-Matida Up,1/244,0.093547999824044,0.0957483995431995,0,0,11.610229276895945,27.507891072209866,EMP1,3-matida,LINCS_L1000_Chem_Pert_Consensus_Sigs,3-Matida Down,1/248,0.0836487388013027,0.0842981386900492,0,0,13.323886639676113,33.05828058514445,MECOM,6.878254120698047
LINCS_L1000_Chem_Pert_Consensus_Sigs,SA-1457797 Down,1/245,0.0939150581317378,0.0957483995431995,0,0,11.562060889929745,27.348488863039687,HEXB,sa-1457797,LINCS_L1000_Chem_Pert_Consensus_Sigs,SA-1457797 Up,1/247,0.0833238908529418,0.0842981386900492,0,0,13.378726287262872,33.24640194313252,VWF,6.878155232296647
LINCS_L1000_Chem_Pert_Consensus_Sigs,Iocetamic-Acid Up,1/245,0.0939150581317378,0.0957483995431995,0,0,11.562060889929745,27.348488863039687,FCN3,iocetamic-acid,LINCS_L1000_Chem_Pert_Consensus_Sigs,Iocetamic-Acid Down,1/247,0.0833238908529418,0.0842981386900492,0,0,13.378726287262872,33.24640194313252,NR4A1,6.878155232296647
LINCS_L1000_Chem_Pert_Consensus_Sigs,TUL Up,1/245,0.0939150581317378,0.0957483995431995,0,0,11.562060889929745,27.348488863039687,FCN3,tul,LINCS_L1000_Chem_Pert_Consensus_Sigs,TUL XXI035 Down,1/247,0.0833238908529418,0.0842981386900492,0,0,13.378726287262872,33.24640194313252,NR4A1,6.878155232296647
LINCS_L1000_Chem_Pert_Consensus_Sigs,LY-3000328 Down,1/245,0.0939150581317378,0.0957483995431995,0,0,11.562060889929745,27.348488863039687,EMP1,ly-3000328,LINCS_L1000_Chem_Pert_Consensus_Sigs,LY-3000328 Up,1/247,0.0833238908529418,0.0842981386900492,0,0,13.378726287262872,33.24640194313252,VWF,6.878155232296647
LINCS_L1000_Chem_Pert_Consensus_Sigs,SMER-3 Up,1/245,0.0939150581317378,0.0957483995431995,0,0,11.562060889929745,27.348488863039687,EMP1,smer-3,LINCS_L1000_Chem_Pert_Consensus_Sigs,SMER-3 Down,1/247,0.0833238908529418,0.0842981386900492,0,0,13.378726287262872,33.24640194313252,VWF,6.878155232296647
LINCS_L1000_Chem_Pert_Consensus_Sigs,Amanitin Up,1/245,0.0939150581317378,0.0957483995431995,0,0,11.562060889929745,27.348488863039687,PROS1,amanitin,LINCS_L1000_Chem_Pert_Consensus_Sigs,Amanitin Down,1/247,0.0833238908529418,0.0842981386900492,0,0,13.378726287262872,33.24640194313252,NR4A1,6.878155232296647
LINCS_L1000_Chem_Pert_Consensus_Sigs,Medroxyprogesterone-Acetate Down,1/245,0.0939150581317378,0.0957483995431995,0,0,11.562060889929745,27.348488863039687,HEXB,medroxyprogesterone-acetate,LINCS_L1000_Chem_Pert_Consensus_Sigs,Medroxyprogesterone-Acetate Up,1/247,0.0833238908529418,0.0842981386900492,0,0,13.378726287262872,33.24640194313252,ANGPT2,6.878155232296647
LINCS_L1000_Chem_Pert_Consensus_Sigs,Methenamine Up,1/245,0.0939150581317378,0.0957483995431995,0,0,11.562060889929745,27.348488863039687,FCN3,methenamine,LINCS_L1000_Chem_Pert_Consensus_Sigs,Methenamine Down,1/247,0.0833238908529418,0.0842981386900492,0,0,13.378726287262872,33.24640194313252,VWF,6.878155232296647
LINCS_L1000_Chem_Pert_Consensus_Sigs,Daidzein Down,1/245,0.0939150581317378,0.0957483995431995,0,0,11.562060889929745,27.348488863039687,EMP1,daidzein,LINCS_L1000_Chem_Pert_Consensus_Sigs,Daidzein Up,1/247,0.0833238908529418,0.0842981386900492,0,0,13.378726287262872,33.24640194313252,VWF,6.878155232296647
LINCS_L1000_Chem_Pert_Consensus_Sigs,Isoxicam Down,1/245,0.0939150581317378,0.0957483995431995,0,0,11.562060889929745,27.348488863039687,EMP1,isoxicam,LINCS_L1000_Chem_Pert_Consensus_Sigs,Isoxicam Up,1/247,0.0833238908529418,0.0842981386900492,0,0,13.378726287262872,33.24640194313252,MECOM,6.878155232296647
LINCS_L1000_Chem_Pert_Consensus_Sigs,EO-1428 Up,1/248,0.0950154528496176,0.0957483995431995,0,0,11.419895893580104,26.879188702856474,HEXB,eo-1428,LINCS_L1000_Chem_Pert_Consensus_Sigs,EO-1428 Down,1/244,0.0823487547067955,0.0842981386900492,0,0,13.545953360768175,33.82142723079559,NR4A1,6.8781134081807345
LINCS_L1000_Chem_Pert_Consensus_Sigs,SA-441350 Up,1/248,0.0950154528496176,0.0957483995431995,0,0,11.419895893580104,26.879188702856474,EMP1,sa-441350,LINCS_L1000_Chem_Pert_Consensus_Sigs,SA-441350 Down,1/244,0.0823487547067955,0.0842981386900492,0,0,13.545953360768175,33.82142723079559,VWF,6.8781134081807345
LINCS_L1000_Chem_Pert_Consensus_Sigs,Cyclopentanone-Oxime Up,1/248,0.0950154528496176,0.0957483995431995,0,0,11.419895893580104,26.879188702856474,EMP1,cyclopentanone-oxime,LINCS_L1000_Chem_Pert_Consensus_Sigs,Cyclopentanone-Oxime Down,1/244,0.0823487547067955,0.0842981386900492,0,0,13.545953360768175,33.82142723079559,VWF,6.8781134081807345
LINCS_L1000_Chem_Pert_Consensus_Sigs,Boldine Up,1/248,0.0950154528496176,0.0957483995431995,0,0,11.419895893580104,26.879188702856474,EMP1,boldine,LINCS_L1000_Chem_Pert_Consensus_Sigs,Boldine Down,1/244,0.0823487547067955,0.0842981386900492,0,0,13.545953360768175,33.82142723079559,MECOM,6.8781134081807345
LINCS_L1000_Chem_Pert_Consensus_Sigs,Nadolol Up,1/248,0.0950154528496176,0.0957483995431995,0,0,11.419895893580104,26.879188702856474,EMP1,nadolol,LINCS_L1000_Chem_Pert_Consensus_Sigs,Nadolol Down,1/244,0.0823487547067955,0.0842981386900492,0,0,13.545953360768175,33.82142723079559,VWF,6.8781134081807345
LINCS_L1000_Chem_Pert_Consensus_Sigs,Oleamide Up,1/248,0.0950154528496176,0.0957483995431995,0,0,11.419895893580104,26.879188702856474,PROS1,oleamide,LINCS_L1000_Chem_Pert_Consensus_Sigs,Oleamide Down,1/244,0.0823487547067955,0.0842981386900492,0,0,13.545953360768175,33.82142723079559,MECOM,6.8781134081807345
LINCS_L1000_Chem_Pert_Consensus_Sigs,Mebhydrolin Down,1/248,0.0950154528496176,0.0957483995431995,0,0,11.419895893580104,26.879188702856474,PROS1,mebhydrolin,LINCS_L1000_Chem_Pert_Consensus_Sigs,Mebhydrolin Up,1/244,0.0823487547067955,0.0842981386900492,0,0,13.545953360768175,33.82142723079559,MECOM,6.8781134081807345
LINCS_L1000_Chem_Pert_Consensus_Sigs,Ricinine Down,1/248,0.0950154528496176,0.0957483995431995,0,0,11.419895893580104,26.879188702856474,EMP1,ricinine,LINCS_L1000_Chem_Pert_Consensus_Sigs,Ricinine Up,1/244,0.0823487547067955,0.0842981386900492,0,0,13.545953360768175,33.82142723079559,MECOM,6.8781134081807345
LINCS_L1000_Chem_Pert_Consensus_Sigs,Ergocryptine Down,1/248,0.0950154528496176,0.0957483995431995,0,0,11.419895893580104,26.879188702856474,EMP1,ergocryptine,LINCS_L1000_Chem_Pert_Consensus_Sigs,Ergocryptine Up,1/244,0.0823487547067955,0.0842981386900492,0,0,13.545953360768175,33.82142723079559,ANGPT2,6.8781134081807345
LINCS_L1000_Chem_Pert_Consensus_Sigs,Miglitol Up,1/246,0.0942819863760005,0.0957483995431995,0,0,11.514285714285714,27.190584236877303,PROS1,miglitol,LINCS_L1000_Chem_Pert_Consensus_Sigs,Miglitol Up,1/246,0.0829989442057065,0.0842981386900492,0,0,13.434013605442177,33.4362844427817,VWF,6.878098818683183
LINCS_L1000_Chem_Pert_Consensus_Sigs,Senicapoc Down,1/246,0.0942819863760005,0.0957483995431995,0,0,11.514285714285714,27.190584236877303,EMP1,senicapoc,LINCS_L1000_Chem_Pert_Consensus_Sigs,Senicapoc Down,1/246,0.0829989442057065,0.0842981386900492,0,0,13.434013605442177,33.4362844427817,VWF,6.878098818683183
LINCS_L1000_Chem_Pert_Consensus_Sigs,Anacetrapib Down,1/246,0.0942819863760005,0.0957483995431995,0,0,11.514285714285714,27.190584236877303,SOHLH2,anacetrapib,LINCS_L1000_Chem_Pert_Consensus_Sigs,Anacetrapib Down,1/246,0.0829989442057065,0.0842981386900492,0,0,13.434013605442177,33.4362844427817,MECOM,6.878098818683183
LINCS_L1000_Chem_Pert_Consensus_Sigs,Urapidil Up,1/246,0.0942819863760005,0.0957483995431995,0,0,11.514285714285714,27.190584236877303,FCN3,urapidil,LINCS_L1000_Chem_Pert_Consensus_Sigs,Urapidil Up,1/246,0.0829989442057065,0.0842981386900492,0,0,13.434013605442177,33.4362844427817,MECOM,6.878098818683183
LINCS_L1000_Chem_Pert_Consensus_Sigs,JAS07-003 Down,1/246,0.0942819863760005,0.0957483995431995,0,0,11.514285714285714,27.190584236877303,EMP1,jas07-003,LINCS_L1000_Chem_Pert_Consensus_Sigs,JAS07-003 Down,1/246,0.0829989442057065,0.0842981386900492,0,0,13.434013605442177,33.4362844427817,MECOM,6.878098818683183
LINCS_L1000_Chem_Pert_Consensus_Sigs,Bromodichloromethane Up,1/246,0.0942819863760005,0.0957483995431995,0,0,11.514285714285714,27.190584236877303,EMP1,bromodichloromethane,LINCS_L1000_Chem_Pert_Consensus_Sigs,Bromodichloromethane Up,1/246,0.0829989442057065,0.0842981386900492,0,0,13.434013605442177,33.4362844427817,VWF,6.878098818683183
LINCS_L1000_Chem_Pert_Consensus_Sigs,Methacrylonitrile Up,1/246,0.0942819863760005,0.0957483995431995,0,0,11.514285714285714,27.190584236877303,EMP1,methacrylonitrile,LINCS_L1000_Chem_Pert_Consensus_Sigs,Methacrylonitrile Up,1/246,0.0829989442057065,0.0842981386900492,0,0,13.434013605442177,33.4362844427817,MECOM,6.878098818683183
LINCS_L1000_Chem_Pert_Consensus_Sigs,G-Butyrolactone Up,1/246,0.0942819863760005,0.0957483995431995,0,0,11.514285714285714,27.190584236877303,EMP1,g-butyrolactone,LINCS_L1000_Chem_Pert_Consensus_Sigs,G-Butyrolactone Up,1/246,0.0829989442057065,0.0842981386900492,0,0,13.434013605442177,33.4362844427817,VWF,6.878098818683183
LINCS_L1000_Chem_Pert_Consensus_Sigs,Isobutyraldehyde Up,1/246,0.0942819863760005,0.0957483995431995,0,0,11.514285714285714,27.190584236877303,FCN3,isobutyraldehyde,LINCS_L1000_Chem_Pert_Consensus_Sigs,Isobutyraldehyde Up,1/246,0.0829989442057065,0.0842981386900492,0,0,13.434013605442177,33.4362844427817,MECOM,6.878098818683183
LINCS_L1000_Chem_Pert_Consensus_Sigs,Cadmium Up,1/246,0.0942819863760005,0.0957483995431995,0,0,11.514285714285714,27.190584236877303,EMP1,cadmium,LINCS_L1000_Chem_Pert_Consensus_Sigs,Cadmium Up,1/246,0.0829989442057065,0.0842981386900492,0,0,13.434013605442177,33.4362844427817,NR4A1,6.878098818683183
LINCS_L1000_Chem_Pert_Consensus_Sigs,XMD-1150 Down,1/246,0.0942819863760005,0.0957483995431995,0,0,11.514285714285714,27.190584236877303,EMP1,xmd-1150,LINCS_L1000_Chem_Pert_Consensus_Sigs,XMD-1150 Down,1/246,0.0829989442057065,0.0842981386900492,0,0,13.434013605442177,33.4362844427817,MECOM,6.878098818683183
LINCS_L1000_Chem_Pert_Consensus_Sigs,KUC107191N Down,1/246,0.0942819863760005,0.0957483995431995,0,0,11.514285714285714,27.190584236877303,EMP1,kuc107191n,LINCS_L1000_Chem_Pert_Consensus_Sigs,KUC107191N Down,1/246,0.0829989442057065,0.0842981386900492,0,0,13.434013605442177,33.4362844427817,MECOM,6.878098818683183
LINCS_L1000_Chem_Pert_Consensus_Sigs,Glycocholic-Acid Up,1/246,0.0942819863760005,0.0957483995431995,0,0,11.514285714285714,27.190584236877303,EMP1,glycocholic-acid,LINCS_L1000_Chem_Pert_Consensus_Sigs,Glycocholic-Acid Up,1/246,0.0829989442057065,0.0842981386900492,0,0,13.434013605442177,33.4362844427817,VWF,6.878098818683183
LINCS_L1000_Chem_Pert_Consensus_Sigs,Mead-Acid Down,1/246,0.0942819863760005,0.0957483995431995,0,0,11.514285714285714,27.190584236877303,HEXB,mead-acid,LINCS_L1000_Chem_Pert_Consensus_Sigs,Mead-Acid Down,1/246,0.0829989442057065,0.0842981386900492,0,0,13.434013605442177,33.4362844427817,NR4A1,6.878098818683183
LINCS_L1000_Chem_Pert_Consensus_Sigs,KU-C103656 Up,1/246,0.0942819863760005,0.0957483995431995,0,0,11.514285714285714,27.190584236877303,EMP1,ku-c103656,LINCS_L1000_Chem_Pert_Consensus_Sigs,KU-C103656 Up,1/246,0.0829989442057065,0.0842981386900492,0,0,13.434013605442177,33.4362844427817,VWF,6.878098818683183
LINCS_L1000_Chem_Pert_Consensus_Sigs,Sulfasalazine Up,1/246,0.0942819863760005,0.0957483995431995,0,0,11.514285714285714,27.190584236877303,HEXB,sulfasalazine,LINCS_L1000_Chem_Pert_Consensus_Sigs,Sulfasalazine Up,1/246,0.0829989442057065,0.0842981386900492,0,0,13.434013605442177,33.4362844427817,MECOM,6.878098818683183
LINCS_L1000_Chem_Pert_Consensus_Sigs,Fluperlapine Down,1/246,0.0942819863760005,0.0957483995431995,0,0,11.514285714285714,27.190584236877303,EMP1,fluperlapine,LINCS_L1000_Chem_Pert_Consensus_Sigs,Fluperlapine Down,1/246,0.0829989442057065,0.0842981386900492,0,0,13.434013605442177,33.4362844427817,CLDN5,6.878098818683183
LINCS_L1000_Chem_Pert_Consensus_Sigs,BCI-hydrochloride Up,1/246,0.0942819863760005,0.0957483995431995,0,0,11.514285714285714,27.190584236877303,EMP1,bci-hydrochloride,LINCS_L1000_Chem_Pert_Consensus_Sigs,BCI-hydrochloride Up,1/246,0.0829989442057065,0.0842981386900492,0,0,13.434013605442177,33.4362844427817,NR4A1,6.878098818683183
LINCS_L1000_Chem_Pert_Consensus_Sigs,F-1566-0341 Up,1/246,0.0942819863760005,0.0957483995431995,0,0,11.514285714285714,27.190584236877303,EMP1,f-1566-0341,LINCS_L1000_Chem_Pert_Consensus_Sigs,F-1566-0341 Up,1/246,0.0829989442057065,0.0842981386900492,0,0,13.434013605442177,33.4362844427817,NR4A1,6.878098818683183
LINCS_L1000_Chem_Pert_Consensus_Sigs,GNF-2 Up,1/246,0.0942819863760005,0.0957483995431995,0,0,11.514285714285714,27.190584236877303,FCN3,gnf-2,LINCS_L1000_Chem_Pert_Consensus_Sigs,GNF-2 Up,1/246,0.0829989442057065,0.0842981386900492,0,0,13.434013605442177,33.4362844427817,MECOM,6.878098818683183
LINCS_L1000_Chem_Pert_Consensus_Sigs,5-Iodotubercidin Up,1/246,0.0942819863760005,0.0957483995431995,0,0,11.514285714285714,27.190584236877303,EMP1,5-iodotubercidin,LINCS_L1000_Chem_Pert_Consensus_Sigs,5-Iodotubercidin Up,1/246,0.0829989442057065,0.0842981386900492,0,0,13.434013605442177,33.4362844427817,VWF,6.878098818683183
LINCS_L1000_Chem_Pert_Consensus_Sigs,Oxaprozin Down,1/246,0.0942819863760005,0.0957483995431995,0,0,11.514285714285714,27.190584236877303,EMP1,oxaprozin,LINCS_L1000_Chem_Pert_Consensus_Sigs,Oxaprozin Down,1/246,0.0829989442057065,0.0842981386900492,0,0,13.434013605442177,33.4362844427817,NR4A1,6.878098818683183
LINCS_L1000_Chem_Pert_Consensus_Sigs,Fluocinonide Up,1/246,0.0942819863760005,0.0957483995431995,0,0,11.514285714285714,27.190584236877303,EMP1,fluocinonide,LINCS_L1000_Chem_Pert_Consensus_Sigs,Fluocinonide Up,1/246,0.0829989442057065,0.0842981386900492,0,0,13.434013605442177,33.4362844427817,VWF,6.878098818683183
LINCS_L1000_Chem_Pert_Consensus_Sigs,Liothyronine Down,1/246,0.0942819863760005,0.0957483995431995,0,0,11.514285714285714,27.190584236877303,EMP1,liothyronine,LINCS_L1000_Chem_Pert_Consensus_Sigs,Liothyronine Down,1/246,0.0829989442057065,0.0842981386900492,0,0,13.434013605442177,33.4362844427817,VWF,6.878098818683183
LINCS_L1000_Chem_Pert_Consensus_Sigs,VU-0405166-2 Up,1/246,0.0942819863760005,0.0957483995431995,0,0,11.514285714285714,27.190584236877303,EMP1,vu-0405166-2,LINCS_L1000_Chem_Pert_Consensus_Sigs,VU-0405166-2 Up,1/246,0.0829989442057065,0.0842981386900492,0,0,13.434013605442177,33.4362844427817,MECOM,6.878098818683183
LINCS_L1000_Chem_Pert_Consensus_Sigs,Adatanserin Down,1/246,0.0942819863760005,0.0957483995431995,0,0,11.514285714285714,27.190584236877303,EMP1,adatanserin,LINCS_L1000_Chem_Pert_Consensus_Sigs,Adatanserin Down,1/246,0.0829989442057065,0.0842981386900492,0,0,13.434013605442177,33.4362844427817,MECOM,6.878098818683183
LINCS_L1000_Chem_Pert_Consensus_Sigs,Midodrine Down,1/246,0.0942819863760005,0.0957483995431995,0,0,11.514285714285714,27.190584236877303,HEXB,midodrine,LINCS_L1000_Chem_Pert_Consensus_Sigs,Midodrine Down,1/246,0.0829989442057065,0.0842981386900492,0,0,13.434013605442177,33.4362844427817,VWF,6.878098818683183
LINCS_L1000_Chem_Pert_Consensus_Sigs,Regadenoson Down,1/246,0.0942819863760005,0.0957483995431995,0,0,11.514285714285714,27.190584236877303,EMP1,regadenoson,LINCS_L1000_Chem_Pert_Consensus_Sigs,Regadenoson Down,1/246,0.0829989442057065,0.0842981386900492,0,0,13.434013605442177,33.4362844427817,MECOM,6.878098818683183
LINCS_L1000_Chem_Pert_Consensus_Sigs,GALR2 M617 Up,1/246,0.0942819863760005,0.0957483995431995,0,0,11.514285714285714,27.190584236877303,EMP1,galr2,LINCS_L1000_Chem_Pert_Consensus_Sigs,GALR2 M617 Up,1/246,0.0829989442057065,0.0842981386900492,0,0,13.434013605442177,33.4362844427817,NR4A1,6.878098818683183
LINCS_L1000_Chem_Pert_Consensus_Sigs,GALR2 M617 Up,1/246,0.0942819863760005,0.0957483995431995,0,0,11.514285714285714,27.190584236877303,EMP1,galr2,LINCS_L1000_Chem_Pert_Consensus_Sigs,GALR2 GALANIN Up,1/246,0.0829989442057065,0.0842981386900492,0,0,13.434013605442177,33.4362844427817,NR4A1,6.878098818683183
LINCS_L1000_Chem_Pert_Consensus_Sigs,Perospirone Down,1/246,0.0942819863760005,0.0957483995431995,0,0,11.514285714285714,27.190584236877303,HEXB,perospirone,LINCS_L1000_Chem_Pert_Consensus_Sigs,Perospirone Down,1/246,0.0829989442057065,0.0842981386900492,0,0,13.434013605442177,33.4362844427817,NR4A1,6.878098818683183
LINCS_L1000_Chem_Pert_Consensus_Sigs,Sodium-Acetate Up,1/246,0.0942819863760005,0.0957483995431995,0,0,11.514285714285714,27.190584236877303,EMP1,sodium-acetate,LINCS_L1000_Chem_Pert_Consensus_Sigs,Sodium-Acetate Up,1/246,0.0829989442057065,0.0842981386900492,0,0,13.434013605442177,33.4362844427817,ANGPT2,6.878098818683183
LINCS_L1000_Chem_Pert_Consensus_Sigs,Cerivastatin Down,1/246,0.0942819863760005,0.0957483995431995,0,0,11.514285714285714,27.190584236877303,SOHLH2,cerivastatin,LINCS_L1000_Chem_Pert_Consensus_Sigs,Cerivastatin Down,1/246,0.0829989442057065,0.0842981386900492,0,0,13.434013605442177,33.4362844427817,MECOM,6.878098818683183
LINCS_L1000_Chem_Pert_Consensus_Sigs,Acarbose Down,1/246,0.0942819863760005,0.0957483995431995,0,0,11.514285714285714,27.190584236877303,EMP1,acarbose,LINCS_L1000_Chem_Pert_Consensus_Sigs,Acarbose Down,1/246,0.0829989442057065,0.0842981386900492,0,0,13.434013605442177,33.4362844427817,CLDN5,6.878098818683183
LINCS_L1000_Chem_Pert_Consensus_Sigs,Azelastine Down,1/246,0.0942819863760005,0.0957483995431995,0,0,11.514285714285714,27.190584236877303,FCN3,azelastine,LINCS_L1000_Chem_Pert_Consensus_Sigs,Azelastine Up,1/246,0.0829989442057065,0.0842981386900492,0,0,13.434013605442177,33.4362844427817,VWF,6.878098818683183
LINCS_L1000_Chem_Pert_Consensus_Sigs,DAC-009 Up,1/246,0.0942819863760005,0.0957483995431995,0,0,11.514285714285714,27.190584236877303,EMP1,dac-009,LINCS_L1000_Chem_Pert_Consensus_Sigs,DAC-009 Up,1/246,0.0829989442057065,0.0842981386900492,0,0,13.434013605442177,33.4362844427817,MECOM,6.878098818683183
LINCS_L1000_Chem_Pert_Consensus_Sigs,FU-JMBII113B Up,1/246,0.0942819863760005,0.0957483995431995,0,0,11.514285714285714,27.190584236877303,FCN3,fu-jmbii113b,LINCS_L1000_Chem_Pert_Consensus_Sigs,FU-JMBII113B Up,1/246,0.0829989442057065,0.0842981386900492,0,0,13.434013605442177,33.4362844427817,VWF,6.878098818683183
LINCS_L1000_Chem_Pert_Consensus_Sigs,Acamprosate Up,1/246,0.0942819863760005,0.0957483995431995,0,0,11.514285714285714,27.190584236877303,PROS1,acamprosate,LINCS_L1000_Chem_Pert_Consensus_Sigs,Acamprosate Up,1/246,0.0829989442057065,0.0842981386900492,0,0,13.434013605442177,33.4362844427817,MECOM,6.878098818683183
LINCS_L1000_Chem_Pert_Consensus_Sigs,Pindolol Down,1/246,0.0942819863760005,0.0957483995431995,0,0,11.514285714285714,27.190584236877303,EMP1,pindolol,LINCS_L1000_Chem_Pert_Consensus_Sigs,Pindolol Down,1/246,0.0829989442057065,0.0842981386900492,0,0,13.434013605442177,33.4362844427817,CKMT2,6.878098818683183
LINCS_L1000_Chem_Pert_Consensus_Sigs,6-Benzylaminopurine Up,1/246,0.0942819863760005,0.0957483995431995,0,0,11.514285714285714,27.190584236877303,FCN3,6-benzylaminopurine,LINCS_L1000_Chem_Pert_Consensus_Sigs,6-Benzylaminopurine Up,1/246,0.0829989442057065,0.0842981386900492,0,0,13.434013605442177,33.4362844427817,MECOM,6.878098818683183
LINCS_L1000_Chem_Pert_Consensus_Sigs,Riluzole Down,1/246,0.0942819863760005,0.0957483995431995,0,0,11.514285714285714,27.190584236877303,HEXB,riluzole,LINCS_L1000_Chem_Pert_Consensus_Sigs,Riluzole Down,1/246,0.0829989442057065,0.0842981386900492,0,0,13.434013605442177,33.4362844427817,CLDN5,6.878098818683183
LINCS_L1000_Chem_Pert_Consensus_Sigs,5-BDBD Down,1/246,0.0942819863760005,0.0957483995431995,0,0,11.514285714285714,27.190584236877303,FCN3,5-bdbd,LINCS_L1000_Chem_Pert_Consensus_Sigs,5-BDBD Down,1/246,0.0829989442057065,0.0842981386900492,0,0,13.434013605442177,33.4362844427817,MECOM,6.878098818683183
LINCS_L1000_Chem_Pert_Consensus_Sigs,Anagrelide Down,1/246,0.0942819863760005,0.0957483995431995,0,0,11.514285714285714,27.190584236877303,HEXB,anagrelide,LINCS_L1000_Chem_Pert_Consensus_Sigs,Anagrelide Down,1/246,0.0829989442057065,0.0842981386900492,0,0,13.434013605442177,33.4362844427817,NR4A1,6.878098818683183
LINCS_L1000_Chem_Pert_Consensus_Sigs,Suvorexant Up,1/246,0.0942819863760005,0.0957483995431995,0,0,11.514285714285714,27.190584236877303,EMP1,suvorexant,LINCS_L1000_Chem_Pert_Consensus_Sigs,Suvorexant Up,1/246,0.0829989442057065,0.0842981386900492,0,0,13.434013605442177,33.4362844427817,VWF,6.878098818683183
LINCS_L1000_Chem_Pert_Consensus_Sigs,Brimonidine Up,1/246,0.0942819863760005,0.0957483995431995,0,0,11.514285714285714,27.190584236877303,SOHLH2,brimonidine,LINCS_L1000_Chem_Pert_Consensus_Sigs,Brimonidine Down,1/246,0.0829989442057065,0.0842981386900492,0,0,13.434013605442177,33.4362844427817,MECOM,6.878098818683183
LINCS_L1000_Chem_Pert_Consensus_Sigs,PD-128907 Up,1/246,0.0942819863760005,0.0957483995431995,0,0,11.514285714285714,27.190584236877303,EMP1,pd-128907,LINCS_L1000_Chem_Pert_Consensus_Sigs,PD-128907 Up,1/246,0.0829989442057065,0.0842981386900492,0,0,13.434013605442177,33.4362844427817,MECOM,6.878098818683183
LINCS_L1000_Chem_Pert_Consensus_Sigs,MDL-72832 Up,1/246,0.0942819863760005,0.0957483995431995,0,0,11.514285714285714,27.190584236877303,EMP1,mdl-72832,LINCS_L1000_Chem_Pert_Consensus_Sigs,MDL-72832 Up,1/246,0.0829989442057065,0.0842981386900492,0,0,13.434013605442177,33.4362844427817,VWF,6.878098818683183
LINCS_L1000_Chem_Pert_Consensus_Sigs,Brivudine Up,1/246,0.0942819863760005,0.0957483995431995,0,0,11.514285714285714,27.190584236877303,EMP1,brivudine,LINCS_L1000_Chem_Pert_Consensus_Sigs,Brivudine Down,1/246,0.0829989442057065,0.0842981386900492,0,0,13.434013605442177,33.4362844427817,VWF,6.878098818683183
LINCS_L1000_Chem_Pert_Consensus_Sigs,A-205804 Down,1/246,0.0942819863760005,0.0957483995431995,0,0,11.514285714285714,27.190584236877303,EMP1,a-205804,LINCS_L1000_Chem_Pert_Consensus_Sigs,A-205804 Down,1/246,0.0829989442057065,0.0842981386900492,0,0,13.434013605442177,33.4362844427817,CLDN5,6.878098818683183
LINCS_L1000_Chem_Pert_Consensus_Sigs,NVP-TAE684 Down,1/246,0.0942819863760005,0.0957483995431995,0,0,11.514285714285714,27.190584236877303,EMP1,nvp-tae684,LINCS_L1000_Chem_Pert_Consensus_Sigs,NVP-TAE684 Down,1/246,0.0829989442057065,0.0842981386900492,0,0,13.434013605442177,33.4362844427817,NR4A1,6.878098818683183
LINCS_L1000_Chem_Pert_Consensus_Sigs,MW-SHH-97 Down,1/246,0.0942819863760005,0.0957483995431995,0,0,11.514285714285714,27.190584236877303,EMP1,mw-shh-97,LINCS_L1000_Chem_Pert_Consensus_Sigs,MW-SHH-97 Down,1/246,0.0829989442057065,0.0842981386900492,0,0,13.434013605442177,33.4362844427817,MECOM,6.878098818683183
LINCS_L1000_Chem_Pert_Consensus_Sigs,Masoprocol Down,1/246,0.0942819863760005,0.0957483995431995,0,0,11.514285714285714,27.190584236877303,EMP1,masoprocol,LINCS_L1000_Chem_Pert_Consensus_Sigs,Masoprocol Down,1/246,0.0829989442057065,0.0842981386900492,0,0,13.434013605442177,33.4362844427817,MECOM,6.878098818683183
LINCS_L1000_Chem_Pert_Consensus_Sigs,Pentylenetetrazol Down,1/246,0.0942819863760005,0.0957483995431995,0,0,11.514285714285714,27.190584236877303,EMP1,pentylenetetrazol,LINCS_L1000_Chem_Pert_Consensus_Sigs,Pentylenetetrazol Down,1/246,0.0829989442057065,0.0842981386900492,0,0,13.434013605442177,33.4362844427817,CLDN5,6.878098818683183
LINCS_L1000_Chem_Pert_Consensus_Sigs,Cefatrizine Up,1/246,0.0942819863760005,0.0957483995431995,0,0,11.514285714285714,27.190584236877303,EMP1,cefatrizine,LINCS_L1000_Chem_Pert_Consensus_Sigs,Cefatrizine Up,1/246,0.0829989442057065,0.0842981386900492,0,0,13.434013605442177,33.4362844427817,VWF,6.878098818683183
LINCS_L1000_Chem_Pert_Consensus_Sigs,GALR3 GALP Up,1/246,0.0942819863760005,0.0957483995431995,0,0,11.514285714285714,27.190584236877303,EMP1,galr3,LINCS_L1000_Chem_Pert_Consensus_Sigs,GALR3 GALP Up,1/246,0.0829989442057065,0.0842981386900492,0,0,13.434013605442177,33.4362844427817,NR4A1,6.878098818683183
LINCS_L1000_Chem_Pert_Consensus_Sigs,Rebastinib Up,1/246,0.0942819863760005,0.0957483995431995,0,0,11.514285714285714,27.190584236877303,HEXB,rebastinib,LINCS_L1000_Chem_Pert_Consensus_Sigs,Rebastinib Up,1/246,0.0829989442057065,0.0842981386900492,0,0,13.434013605442177,33.4362844427817,MECOM,6.878098818683183
LINCS_L1000_Chem_Pert_Consensus_Sigs,III606050 Down,1/246,0.0942819863760005,0.0957483995431995,0,0,11.514285714285714,27.190584236877303,FCN3,iii606050,LINCS_L1000_Chem_Pert_Consensus_Sigs,III606050 Up,1/246,0.0829989442057065,0.0842981386900492,0,0,13.434013605442177,33.4362844427817,MECOM,6.878098818683183
LINCS_L1000_Chem_Pert_Consensus_Sigs,Aminolevulinic-Acid Down,1/246,0.0942819863760005,0.0957483995431995,0,0,11.514285714285714,27.190584236877303,EMP1,aminolevulinic-acid,LINCS_L1000_Chem_Pert_Consensus_Sigs,Aminolevulinic-Acid Down,1/246,0.0829989442057065,0.0842981386900492,0,0,13.434013605442177,33.4362844427817,MECOM,6.878098818683183
LINCS_L1000_Chem_Pert_Consensus_Sigs,SA-1459963 Down,1/246,0.0942819863760005,0.0957483995431995,0,0,11.514285714285714,27.190584236877303,EMP1,sa-1459963,LINCS_L1000_Chem_Pert_Consensus_Sigs,SA-1459963 Up,1/246,0.0829989442057065,0.0842981386900492,0,0,13.434013605442177,33.4362844427817,VWF,6.878098818683183
LINCS_L1000_Chem_Pert_Consensus_Sigs,Ketanserin Up,1/246,0.0942819863760005,0.0957483995431995,0,0,11.514285714285714,27.190584236877303,EMP1,ketanserin,LINCS_L1000_Chem_Pert_Consensus_Sigs,Ketanserin Up,1/246,0.0829989442057065,0.0842981386900492,0,0,13.434013605442177,33.4362844427817,VWF,6.878098818683183
LINCS_L1000_Chem_Pert_Consensus_Sigs,S-206352 Down,1/246,0.0942819863760005,0.0957483995431995,0,0,11.514285714285714,27.190584236877303,HEXB,s-206352,LINCS_L1000_Chem_Pert_Consensus_Sigs,S-206352 Down,1/246,0.0829989442057065,0.0842981386900492,0,0,13.434013605442177,33.4362844427817,NR4A1,6.878098818683183
LINCS_L1000_Chem_Pert_Consensus_Sigs,Methyl-Fasudil Up,1/246,0.0942819863760005,0.0957483995431995,0,0,11.514285714285714,27.190584236877303,FCN3,methyl-fasudil,LINCS_L1000_Chem_Pert_Consensus_Sigs,Methyl-Fasudil Up,1/246,0.0829989442057065,0.0842981386900492,0,0,13.434013605442177,33.4362844427817,CLDN5,6.878098818683183
LINCS_L1000_Chem_Pert_Consensus_Sigs,2-AMINOFLUORENE Up,1/246,0.0942819863760005,0.0957483995431995,0,0,11.514285714285714,27.190584236877303,EMP1,2-aminofluorene,LINCS_L1000_Chem_Pert_Consensus_Sigs,2-AMINOFLUORENE Up,1/246,0.0829989442057065,0.0842981386900492,0,0,13.434013605442177,33.4362844427817,NR4A1,6.878098818683183
LINCS_L1000_Chem_Pert_Consensus_Sigs,Glycopyrrolate Down,1/246,0.0942819863760005,0.0957483995431995,0,0,11.514285714285714,27.190584236877303,EMP1,glycopyrrolate,LINCS_L1000_Chem_Pert_Consensus_Sigs,Glycopyrrolate Down,1/246,0.0829989442057065,0.0842981386900492,0,0,13.434013605442177,33.4362844427817,NR4A1,6.878098818683183
LINCS_L1000_Chem_Pert_Consensus_Sigs,Brivudine Up,1/246,0.0942819863760005,0.0957483995431995,0,0,11.514285714285714,27.190584236877303,EMP1,brivudine,LINCS_L1000_Chem_Pert_Consensus_Sigs,Brivudine Up,1/246,0.0829989442057065,0.0842981386900492,0,0,13.434013605442177,33.4362844427817,MECOM,6.878098818683183
LINCS_L1000_Chem_Pert_Consensus_Sigs,DY-131 Down,1/246,0.0942819863760005,0.0957483995431995,0,0,11.514285714285714,27.190584236877303,EMP1,dy-131,LINCS_L1000_Chem_Pert_Consensus_Sigs,DY-131 Down,1/246,0.0829989442057065,0.0842981386900492,0,0,13.434013605442177,33.4362844427817,NR4A1,6.878098818683183
LINCS_L1000_Chem_Pert_Consensus_Sigs,Periplocymarin Up,1/246,0.0942819863760005,0.0957483995431995,0,0,11.514285714285714,27.190584236877303,EMP1,periplocymarin,LINCS_L1000_Chem_Pert_Consensus_Sigs,Periplocymarin Up,1/246,0.0829989442057065,0.0842981386900492,0,0,13.434013605442177,33.4362844427817,NR4A1,6.878098818683183
LINCS_L1000_Chem_Pert_Consensus_Sigs,NSC-3852 Up,1/246,0.0942819863760005,0.0957483995431995,0,0,11.514285714285714,27.190584236877303,EMP1,nsc-3852,LINCS_L1000_Chem_Pert_Consensus_Sigs,NSC-3852 Up,1/246,0.0829989442057065,0.0842981386900492,0,0,13.434013605442177,33.4362844427817,VWF,6.878098818683183
LINCS_L1000_Chem_Pert_Consensus_Sigs,AM-630 Up,1/246,0.0942819863760005,0.0957483995431995,0,0,11.514285714285714,27.190584236877303,EMP1,am-630,LINCS_L1000_Chem_Pert_Consensus_Sigs,AM-630 Up,1/246,0.0829989442057065,0.0842981386900492,0,0,13.434013605442177,33.4362844427817,VWF,6.878098818683183
LINCS_L1000_Chem_Pert_Consensus_Sigs,Donitriptan Up,1/246,0.0942819863760005,0.0957483995431995,0,0,11.514285714285714,27.190584236877303,EMP1,donitriptan,LINCS_L1000_Chem_Pert_Consensus_Sigs,Donitriptan Up,1/246,0.0829989442057065,0.0842981386900492,0,0,13.434013605442177,33.4362844427817,MECOM,6.878098818683183
LINCS_L1000_Chem_Pert_Consensus_Sigs,MW-MITF24 Up,1/246,0.0942819863760005,0.0957483995431995,0,0,11.514285714285714,27.190584236877303,EMP1,mw-mitf24,LINCS_L1000_Chem_Pert_Consensus_Sigs,MW-MITF24 Up,1/246,0.0829989442057065,0.0842981386900492,0,0,13.434013605442177,33.4362844427817,CKMT2,6.878098818683183
LINCS_L1000_Chem_Pert_Consensus_Sigs,FGFR3 GALP Down,1/246,0.0942819863760005,0.0957483995431995,0,0,11.514285714285714,27.190584236877303,EMP1,fgfr3,LINCS_L1000_Chem_Pert_Consensus_Sigs,FGFR3 GALP Up,1/246,0.0829989442057065,0.0842981386900492,0,0,13.434013605442177,33.4362844427817,NR4A1,6.878098818683183
LINCS_L1000_Chem_Pert_Consensus_Sigs,MW-SHH-151 Up,1/246,0.0942819863760005,0.0957483995431995,0,0,11.514285714285714,27.190584236877303,EMP1,mw-shh-151,LINCS_L1000_Chem_Pert_Consensus_Sigs,MW-SHH-151 Up,1/246,0.0829989442057065,0.0842981386900492,0,0,13.434013605442177,33.4362844427817,MECOM,6.878098818683183
LINCS_L1000_Chem_Pert_Consensus_Sigs,Fomepizole Down,1/246,0.0942819863760005,0.0957483995431995,0,0,11.514285714285714,27.190584236877303,EMP1,fomepizole,LINCS_L1000_Chem_Pert_Consensus_Sigs,Fomepizole Up,1/246,0.0829989442057065,0.0842981386900492,0,0,13.434013605442177,33.4362844427817,NR4A1,6.878098818683183
LINCS_L1000_Chem_Pert_Consensus_Sigs,SB-415286 Up,1/246,0.0942819863760005,0.0957483995431995,0,0,11.514285714285714,27.190584236877303,EMP1,sb-415286,LINCS_L1000_Chem_Pert_Consensus_Sigs,SB-415286 Up,1/246,0.0829989442057065,0.0842981386900492,0,0,13.434013605442177,33.4362844427817,VWF,6.878098818683183
LINCS_L1000_Chem_Pert_Consensus_Sigs,Piracetam Down,1/246,0.0942819863760005,0.0957483995431995,0,0,11.514285714285714,27.190584236877303,EMP1,piracetam,LINCS_L1000_Chem_Pert_Consensus_Sigs,Piracetam Down,1/246,0.0829989442057065,0.0842981386900492,0,0,13.434013605442177,33.4362844427817,TINAGL1,6.878098818683183
LINCS_L1000_Chem_Pert_Consensus_Sigs,Cilastatin Up,1/246,0.0942819863760005,0.0957483995431995,0,0,11.514285714285714,27.190584236877303,EMP1,cilastatin,LINCS_L1000_Chem_Pert_Consensus_Sigs,Cilastatin Up,1/246,0.0829989442057065,0.0842981386900492,0,0,13.434013605442177,33.4362844427817,MECOM,6.878098818683183
LINCS_L1000_Chem_Pert_Consensus_Sigs,Exisulind Up,1/246,0.0942819863760005,0.0957483995431995,0,0,11.514285714285714,27.190584236877303,EMP1,exisulind,LINCS_L1000_Chem_Pert_Consensus_Sigs,Exisulind Up,1/246,0.0829989442057065,0.0842981386900492,0,0,13.434013605442177,33.4362844427817,NR4A1,6.878098818683183
LINCS_L1000_Chem_Pert_Consensus_Sigs,Pronetalol Down,1/246,0.0942819863760005,0.0957483995431995,0,0,11.514285714285714,27.190584236877303,EMP1,pronetalol,LINCS_L1000_Chem_Pert_Consensus_Sigs,Pronetalol Down,1/246,0.0829989442057065,0.0842981386900492,0,0,13.434013605442177,33.4362844427817,NR4A1,6.878098818683183
LINCS_L1000_Chem_Pert_Consensus_Sigs,Prenylamine Down,1/246,0.0942819863760005,0.0957483995431995,0,0,11.514285714285714,27.190584236877303,PROS1,prenylamine,LINCS_L1000_Chem_Pert_Consensus_Sigs,Prenylamine Down,1/246,0.0829989442057065,0.0842981386900492,0,0,13.434013605442177,33.4362844427817,NR4A1,6.878098818683183
LINCS_L1000_Chem_Pert_Consensus_Sigs,SR-33805 Up,1/246,0.0942819863760005,0.0957483995431995,0,0,11.514285714285714,27.190584236877303,HEXB,sr-33805,LINCS_L1000_Chem_Pert_Consensus_Sigs,SR-33805 Up,1/246,0.0829989442057065,0.0842981386900492,0,0,13.434013605442177,33.4362844427817,MECOM,6.878098818683183
LINCS_L1000_Chem_Pert_Consensus_Sigs,LY-278584 Up,1/246,0.0942819863760005,0.0957483995431995,0,0,11.514285714285714,27.190584236877303,FCN3,ly-278584,LINCS_L1000_Chem_Pert_Consensus_Sigs,LY-278584 Up,1/246,0.0829989442057065,0.0842981386900492,0,0,13.434013605442177,33.4362844427817,MECOM,6.878098818683183
LINCS_L1000_Chem_Pert_Consensus_Sigs,Clofarabine Up,1/246,0.0942819863760005,0.0957483995431995,0,0,11.514285714285714,27.190584236877303,EMP1,clofarabine,LINCS_L1000_Chem_Pert_Consensus_Sigs,Clofarabine Up,1/246,0.0829989442057065,0.0842981386900492,0,0,13.434013605442177,33.4362844427817,NR4A1,6.878098818683183
LINCS_L1000_Chem_Pert_Consensus_Sigs,SA-440772 Up,1/246,0.0942819863760005,0.0957483995431995,0,0,11.514285714285714,27.190584236877303,EMP1,sa-440772,LINCS_L1000_Chem_Pert_Consensus_Sigs,SA-440772 Up,1/246,0.0829989442057065,0.0842981386900492,0,0,13.434013605442177,33.4362844427817,VWF,6.878098818683183
LINCS_L1000_Chem_Pert_Consensus_Sigs,Adapalene Up,1/246,0.0942819863760005,0.0957483995431995,0,0,11.514285714285714,27.190584236877303,HEXB,adapalene,LINCS_L1000_Chem_Pert_Consensus_Sigs,Adapalene Up,1/246,0.0829989442057065,0.0842981386900492,0,0,13.434013605442177,33.4362844427817,VWF,6.878098818683183
LINCS_L1000_Chem_Pert_Consensus_Sigs,Protoporphyrin-Ix Up,1/246,0.0942819863760005,0.0957483995431995,0,0,11.514285714285714,27.190584236877303,EMP1,protoporphyrin-ix,LINCS_L1000_Chem_Pert_Consensus_Sigs,Protoporphyrin-Ix Up,1/246,0.0829989442057065,0.0842981386900492,0,0,13.434013605442177,33.4362844427817,ANGPT2,6.878098818683183
LINCS_L1000_Chem_Pert_Consensus_Sigs,Hydroxyprogesterone-Caproate Down,1/246,0.0942819863760005,0.0957483995431995,0,0,11.514285714285714,27.190584236877303,FCN3,hydroxyprogesterone-caproate,LINCS_L1000_Chem_Pert_Consensus_Sigs,Hydroxyprogesterone-Caproate Down,1/246,0.0829989442057065,0.0842981386900492,0,0,13.434013605442177,33.4362844427817,MECOM,6.878098818683183
LINCS_L1000_Chem_Pert_Consensus_Sigs,Phenazopyridine Up,1/246,0.0942819863760005,0.0957483995431995,0,0,11.514285714285714,27.190584236877303,PROS1,phenazopyridine,LINCS_L1000_Chem_Pert_Consensus_Sigs,Phenazopyridine Up,1/246,0.0829989442057065,0.0842981386900492,0,0,13.434013605442177,33.4362844427817,VWF,6.878098818683183
LINCS_L1000_Chem_Pert_Consensus_Sigs,Sulfaphenazole Up,1/246,0.0942819863760005,0.0957483995431995,0,0,11.514285714285714,27.190584236877303,EMP1,sulfaphenazole,LINCS_L1000_Chem_Pert_Consensus_Sigs,Sulfaphenazole Up,1/246,0.0829989442057065,0.0842981386900492,0,0,13.434013605442177,33.4362844427817,MECOM,6.878098818683183
LINCS_L1000_Chem_Pert_Consensus_Sigs,KPT-185 Up,1/246,0.0942819863760005,0.0957483995431995,0,0,11.514285714285714,27.190584236877303,EMP1,kpt-185,LINCS_L1000_Chem_Pert_Consensus_Sigs,KPT-185 Up,1/246,0.0829989442057065,0.0842981386900492,0,0,13.434013605442177,33.4362844427817,MECOM,6.878098818683183
LINCS_L1000_Chem_Pert_Consensus_Sigs,Istradefylline Up,1/246,0.0942819863760005,0.0957483995431995,0,0,11.514285714285714,27.190584236877303,FCN3,istradefylline,LINCS_L1000_Chem_Pert_Consensus_Sigs,Istradefylline Up,1/246,0.0829989442057065,0.0842981386900492,0,0,13.434013605442177,33.4362844427817,VWF,6.878098818683183
LINCS_L1000_Chem_Pert_Consensus_Sigs,Dinaciclib Up,1/246,0.0942819863760005,0.0957483995431995,0,0,11.514285714285714,27.190584236877303,EMP1,dinaciclib,LINCS_L1000_Chem_Pert_Consensus_Sigs,Dinaciclib Up,1/246,0.0829989442057065,0.0842981386900492,0,0,13.434013605442177,33.4362844427817,NR4A1,6.878098818683183
LINCS_L1000_Chem_Pert_Consensus_Sigs,Bongkrek-Acid Up,1/247,0.0946487846102068,0.0957483995431995,0,0,11.466898954703831,27.03415734979564,EMP1,bongkrek-acid,LINCS_L1000_Chem_Pert_Consensus_Sigs,Bongkrek-Acid Down,1/245,0.0826738988226842,0.0842981386900492,0,0,13.489754098360656,33.62795157434762,VWF,6.878084876944023
LINCS_L1000_Chem_Pert_Consensus_Sigs,Lomofungin Down,1/247,0.0946487846102068,0.0957483995431995,0,0,11.466898954703831,27.03415734979564,SOHLH2,lomofungin,LINCS_L1000_Chem_Pert_Consensus_Sigs,Lomofungin Up,1/245,0.0826738988226842,0.0842981386900492,0,0,13.489754098360656,33.62795157434762,MECOM,6.878084876944023
LINCS_L1000_Chem_Pert_Consensus_Sigs,KUC103423N Down,1/247,0.0946487846102068,0.0957483995431995,0,0,11.466898954703831,27.03415734979564,EMP1,kuc103423n,LINCS_L1000_Chem_Pert_Consensus_Sigs,KUC103423N Up,1/245,0.0826738988226842,0.0842981386900492,0,0,13.489754098360656,33.62795157434762,VWF,6.878084876944023
LINCS_L1000_Chem_Pert_Consensus_Sigs,Ceritinib Up,1/247,0.0946487846102068,0.0957483995431995,0,0,11.466898954703831,27.03415734979564,EMP1,ceritinib,LINCS_L1000_Chem_Pert_Consensus_Sigs,Ceritinib Down,1/245,0.0826738988226842,0.0842981386900492,0,0,13.489754098360656,33.62795157434762,MECOM,6.878084876944023
LINCS_L1000_Chem_Pert_Consensus_Sigs,6-Hydroxytropinone Up,1/247,0.0946487846102068,0.0957483995431995,0,0,11.466898954703831,27.03415734979564,FCN3,6-hydroxytropinone,LINCS_L1000_Chem_Pert_Consensus_Sigs,6-Hydroxytropinone Down,1/245,0.0826738988226842,0.0842981386900492,0,0,13.489754098360656,33.62795157434762,MECOM,6.878084876944023
LINCS_L1000_Chem_Pert_Consensus_Sigs,Butirosin Down,1/247,0.0946487846102068,0.0957483995431995,0,0,11.466898954703831,27.03415734979564,PROS1,butirosin,LINCS_L1000_Chem_Pert_Consensus_Sigs,Butirosin Up,1/245,0.0826738988226842,0.0842981386900492,0,0,13.489754098360656,33.62795157434762,MECOM,6.878084876944023
LINCS_L1000_Chem_Pert_Consensus_Sigs,Tetrachloroethylene Up,1/247,0.0946487846102068,0.0957483995431995,0,0,11.466898954703831,27.03415734979564,PROS1,tetrachloroethylene,LINCS_L1000_Chem_Pert_Consensus_Sigs,Tetrachloroethylene Down,1/245,0.0826738988226842,0.0842981386900492,0,0,13.489754098360656,33.62795157434762,VWF,6.878084876944023
LINCS_L1000_Chem_Pert_Consensus_Sigs,Dinoprostone Down,1/243,0.0931808114265344,0.0957483995431995,0,0,11.65879574970484,27.66881105269825,EMP1,dinoprostone,LINCS_L1000_Chem_Pert_Consensus_Sigs,Dinoprostone Up,1/250,0.0842981386900492,0.0842981386900492,0,0,13.21552878179384,32.68722933726048,NR4A1,6.872928623073079
LINCS_L1000_Chem_Pert_Consensus_Sigs,ZK-811752 Up,1/243,0.0931808114265344,0.0957483995431995,0,0,11.65879574970484,27.66881105269825,EMP1,zk-811752,LINCS_L1000_Chem_Pert_Consensus_Sigs,ZK-811752 Down,1/250,0.0842981386900492,0.0842981386900492,0,0,13.21552878179384,32.68722933726048,VWF,6.872928623073079
LINCS_L1000_Chem_Pert_Consensus_Sigs,Benserazide Up,1/244,0.093547999824044,0.0957483995431995,0,0,11.610229276895945,27.507891072209866,HEXB,benserazide,LINCS_L1000_Chem_Pert_Consensus_Sigs,Benserazide Down,1/249,0.0839734880768169,0.0842981386900492,0,0,13.269489247311828,32.87189728093677,NR4A1,6.872766610499424
LINCS_L1000_Chem_Pert_Consensus_Sigs,TUL XX087 Down,1/244,0.093547999824044,0.0957483995431995,0,0,11.610229276895945,27.507891072209866,EMP1,tul,LINCS_L1000_Chem_Pert_Consensus_Sigs,TUL XIX003 Up,1/249,0.0839734880768169,0.0842981386900492,0,0,13.269489247311828,32.87189728093677,MECOM,6.872766610499424
LINCS_L1000_Chem_Pert_Consensus_Sigs,TUL XIX002 Up,1/244,0.093547999824044,0.0957483995431995,0,0,11.610229276895945,27.507891072209866,EMP1,tul,LINCS_L1000_Chem_Pert_Consensus_Sigs,TUL XIX003 Up,1/249,0.0839734880768169,0.0842981386900492,0,0,13.269489247311828,32.87189728093677,MECOM,6.872766610499424
LINCS_L1000_Chem_Pert_Consensus_Sigs,NMDA Down,1/250,0.0957483995431995,0.0957483995431995,0,0,11.327022375215146,26.57354977580402,EMP1,nmda,LINCS_L1000_Chem_Pert_Consensus_Sigs,NMDA Up,1/243,0.0820235117898582,0.0842981386900492,0,0,13.602617079889807,34.016735734758925,MECOM,6.872683082819721
LINCS_L1000_Chem_Pert_Consensus_Sigs,SA-1921816 Up,1/250,0.0957483995431995,0.0957483995431995,0,0,11.327022375215146,26.57354977580402,EMP1,sa-1921816,LINCS_L1000_Chem_Pert_Consensus_Sigs,SA-1921816 Down,1/243,0.0820235117898582,0.0842981386900492,0,0,13.602617079889807,34.016735734758925,MECOM,6.872683082819721
LINCS_L1000_Chem_Pert_Consensus_Sigs,Sisomicin Up,1/245,0.0939150581317378,0.0957483995431995,0,0,11.562060889929745,27.348488863039687,PROS1,sisomicin,LINCS_L1000_Chem_Pert_Consensus_Sigs,Sisomicin Down,1/248,0.0836487388013027,0.0842981386900492,0,0,13.323886639676113,33.05828058514445,MECOM,6.872646917882994
LINCS_L1000_Chem_Pert_Consensus_Sigs,Entecavir Down,1/245,0.0939150581317378,0.0957483995431995,0,0,11.562060889929745,27.348488863039687,EMP1,entecavir,LINCS_L1000_Chem_Pert_Consensus_Sigs,Entecavir Up,1/248,0.0836487388013027,0.0842981386900492,0,0,13.323886639676113,33.05828058514445,VWF,6.872646917882994
LINCS_L1000_Chem_Pert_Consensus_Sigs,Timosaponin Up,1/245,0.0939150581317378,0.0957483995431995,0,0,11.562060889929745,27.348488863039687,EMP1,timosaponin,LINCS_L1000_Chem_Pert_Consensus_Sigs,Timosaponin Down,1/248,0.0836487388013027,0.0842981386900492,0,0,13.323886639676113,33.05828058514445,NR4A1,6.872646917882994
LINCS_L1000_Chem_Pert_Consensus_Sigs,Sertraline Up,1/245,0.0939150581317378,0.0957483995431995,0,0,11.562060889929745,27.348488863039687,HEXB,sertraline,LINCS_L1000_Chem_Pert_Consensus_Sigs,Sertraline Down,1/248,0.0836487388013027,0.0842981386900492,0,0,13.323886639676113,33.05828058514445,MECOM,6.872646917882994
LINCS_L1000_Chem_Pert_Consensus_Sigs,Tiletamine Down,1/245,0.0939150581317378,0.0957483995431995,0,0,11.562060889929745,27.348488863039687,EMP1,tiletamine,LINCS_L1000_Chem_Pert_Consensus_Sigs,Tiletamine Up,1/248,0.0836487388013027,0.0842981386900492,0,0,13.323886639676113,33.05828058514445,MECOM,6.872646917882994
LINCS_L1000_Chem_Pert_Consensus_Sigs,GALR2 ALARIN Down,1/249,0.0953819911408738,0.0957483995431995,0,0,11.373271889400922,26.725659126474643,EMP1,galr2,LINCS_L1000_Chem_Pert_Consensus_Sigs,GALR2 GALP Down,1/244,0.0823487547067955,0.0842981386900492,0,0,13.545953360768175,33.82142723079559,MECOM,6.872591228999415
LINCS_L1000_Chem_Pert_Consensus_Sigs,Acronycine Up,1/249,0.0953819911408738,0.0957483995431995,0,0,11.373271889400922,26.725659126474643,EMP1,acronycine,LINCS_L1000_Chem_Pert_Consensus_Sigs,Acronycine Down,1/244,0.0823487547067955,0.0842981386900492,0,0,13.545953360768175,33.82142723079559,VWF,6.872591228999415
LINCS_L1000_Chem_Pert_Consensus_Sigs,VU-0415108-1 Down,1/249,0.0953819911408738,0.0957483995431995,0,0,11.373271889400922,26.725659126474643,EMP1,vu-0415108-1,LINCS_L1000_Chem_Pert_Consensus_Sigs,VU-0415108-1 Up,1/244,0.0823487547067955,0.0842981386900492,0,0,13.545953360768175,33.82142723079559,MECOM,6.872591228999415
LINCS_L1000_Chem_Pert_Consensus_Sigs,L-670596 Down,1/246,0.0942819863760005,0.0957483995431995,0,0,11.514285714285714,27.190584236877303,EMP1,l-670596,LINCS_L1000_Chem_Pert_Consensus_Sigs,L-670596 Up,1/247,0.0833238908529418,0.0842981386900492,0,0,13.378726287262872,33.24640194313252,MECOM,6.872569536314856
LINCS_L1000_Chem_Pert_Consensus_Sigs,ZM-39923 Down,1/246,0.0942819863760005,0.0957483995431995,0,0,11.514285714285714,27.190584236877303,EMP1,zm-39923,LINCS_L1000_Chem_Pert_Consensus_Sigs,ZM-39923 Up,1/247,0.0833238908529418,0.0842981386900492,0,0,13.378726287262872,33.24640194313252,NR4A1,6.872569536314856
LINCS_L1000_Chem_Pert_Consensus_Sigs,BU-224 Down,1/246,0.0942819863760005,0.0957483995431995,0,0,11.514285714285714,27.190584236877303,HEXB,bu-224,LINCS_L1000_Chem_Pert_Consensus_Sigs,BU-224 Up,1/247,0.0833238908529418,0.0842981386900492,0,0,13.378726287262872,33.24640194313252,MECOM,6.872569536314856
LINCS_L1000_Chem_Pert_Consensus_Sigs,Cortisol Up,1/246,0.0942819863760005,0.0957483995431995,0,0,11.514285714285714,27.190584236877303,PROS1,cortisol,LINCS_L1000_Chem_Pert_Consensus_Sigs,Cortisol Down,1/247,0.0833238908529418,0.0842981386900492,0,0,13.378726287262872,33.24640194313252,NR4A1,6.872569536314856
LINCS_L1000_Chem_Pert_Consensus_Sigs,KU-C104253 Down,1/246,0.0942819863760005,0.0957483995431995,0,0,11.514285714285714,27.190584236877303,FCN3,ku-c104253,LINCS_L1000_Chem_Pert_Consensus_Sigs,KU-C104253 Up,1/247,0.0833238908529418,0.0842981386900492,0,0,13.378726287262872,33.24640194313252,MECOM,6.872569536314856
LINCS_L1000_Chem_Pert_Consensus_Sigs,VU-0366037-2 Up,1/246,0.0942819863760005,0.0957483995431995,0,0,11.514285714285714,27.190584236877303,HEXB,vu-0366037-2,LINCS_L1000_Chem_Pert_Consensus_Sigs,VU-0366037-2 Down,1/247,0.0833238908529418,0.0842981386900492,0,0,13.378726287262872,33.24640194313252,MECOM,6.872569536314856
LINCS_L1000_Chem_Pert_Consensus_Sigs,Triamterene Up,1/246,0.0942819863760005,0.0957483995431995,0,0,11.514285714285714,27.190584236877303,HEXB,triamterene,LINCS_L1000_Chem_Pert_Consensus_Sigs,Triamterene Down,1/247,0.0833238908529418,0.0842981386900492,0,0,13.378726287262872,33.24640194313252,VWF,6.872569536314856
LINCS_L1000_Chem_Pert_Consensus_Sigs,Nystatin Down,1/246,0.0942819863760005,0.0957483995431995,0,0,11.514285714285714,27.190584236877303,PROS1,nystatin,LINCS_L1000_Chem_Pert_Consensus_Sigs,Nystatin Up,1/247,0.0833238908529418,0.0842981386900492,0,0,13.378726287262872,33.24640194313252,MECOM,6.872569536314856
LINCS_L1000_Chem_Pert_Consensus_Sigs,Budesonide Down,1/246,0.0942819863760005,0.0957483995431995,0,0,11.514285714285714,27.190584236877303,HEXB,budesonide,LINCS_L1000_Chem_Pert_Consensus_Sigs,Budesonide Up,1/247,0.0833238908529418,0.0842981386900492,0,0,13.378726287262872,33.24640194313252,VWF,6.872569536314856
LINCS_L1000_Chem_Pert_Consensus_Sigs,Embelin Up,1/246,0.0942819863760005,0.0957483995431995,0,0,11.514285714285714,27.190584236877303,EMP1,embelin,LINCS_L1000_Chem_Pert_Consensus_Sigs,Embelin Down,1/247,0.0833238908529418,0.0842981386900492,0,0,13.378726287262872,33.24640194313252,NR4A1,6.872569536314856
LINCS_L1000_Chem_Pert_Consensus_Sigs,KU-C103656 Up,1/246,0.0942819863760005,0.0957483995431995,0,0,11.514285714285714,27.190584236877303,EMP1,ku-c103656,LINCS_L1000_Chem_Pert_Consensus_Sigs,KU-C103656 Down,1/247,0.0833238908529418,0.0842981386900492,0,0,13.378726287262872,33.24640194313252,NR4A1,6.872569536314856
LINCS_L1000_Chem_Pert_Consensus_Sigs,Acefylline Up,1/246,0.0942819863760005,0.0957483995431995,0,0,11.514285714285714,27.190584236877303,PROS1,acefylline,LINCS_L1000_Chem_Pert_Consensus_Sigs,Acefylline Down,1/247,0.0833238908529418,0.0842981386900492,0,0,13.378726287262872,33.24640194313252,MECOM,6.872569536314856
LINCS_L1000_Chem_Pert_Consensus_Sigs,PA-824 Down,1/246,0.0942819863760005,0.0957483995431995,0,0,11.514285714285714,27.190584236877303,FCN3,pa-824,LINCS_L1000_Chem_Pert_Consensus_Sigs,PA-824 Up,1/247,0.0833238908529418,0.0842981386900492,0,0,13.378726287262872,33.24640194313252,MECOM,6.872569536314856
LINCS_L1000_Chem_Pert_Consensus_Sigs,Piracetam Down,1/246,0.0942819863760005,0.0957483995431995,0,0,11.514285714285714,27.190584236877303,EMP1,piracetam,LINCS_L1000_Chem_Pert_Consensus_Sigs,Piracetam Up,1/247,0.0833238908529418,0.0842981386900492,0,0,13.378726287262872,33.24640194313252,MECOM,6.872569536314856
LINCS_L1000_Chem_Pert_Consensus_Sigs,YL-51 Up,1/246,0.0942819863760005,0.0957483995431995,0,0,11.514285714285714,27.190584236877303,EMP1,yl-51,LINCS_L1000_Chem_Pert_Consensus_Sigs,YL-51 Down,1/247,0.0833238908529418,0.0842981386900492,0,0,13.378726287262872,33.24640194313252,MECOM,6.872569536314856
LINCS_L1000_Chem_Pert_Consensus_Sigs,Benzatropine Up,1/248,0.0950154528496176,0.0957483995431995,0,0,11.419895893580104,26.879188702856474,SOHLH2,benzatropine,LINCS_L1000_Chem_Pert_Consensus_Sigs,Benzatropine Down,1/245,0.0826738988226842,0.0842981386900492,0,0,13.489754098360656,33.62795157434762,TINAGL1,6.872541690757238
LINCS_L1000_Chem_Pert_Consensus_Sigs,I-BRD9 Down,1/248,0.0950154528496176,0.0957483995431995,0,0,11.419895893580104,26.879188702856474,EMP1,i-brd9,LINCS_L1000_Chem_Pert_Consensus_Sigs,I-BRD9 Up,1/245,0.0826738988226842,0.0842981386900492,0,0,13.489754098360656,33.62795157434762,VWF,6.872541690757238
LINCS_L1000_Chem_Pert_Consensus_Sigs,GALR2 GALP Up,1/247,0.0946487846102068,0.0957483995431995,0,0,11.466898954703831,27.03415734979564,EMP1,galr2,LINCS_L1000_Chem_Pert_Consensus_Sigs,GALR2 GALANIN Up,1/246,0.0829989442057065,0.0842981386900492,0,0,13.434013605442177,33.4362844427817,NR4A1,6.8725344608479855
LINCS_L1000_Chem_Pert_Consensus_Sigs,Bromodichloromethane Down,1/247,0.0946487846102068,0.0957483995431995,0,0,11.466898954703831,27.03415734979564,FCN3,bromodichloromethane,LINCS_L1000_Chem_Pert_Consensus_Sigs,Bromodichloromethane Up,1/246,0.0829989442057065,0.0842981386900492,0,0,13.434013605442177,33.4362844427817,VWF,6.8725344608479855
LINCS_L1000_Chem_Pert_Consensus_Sigs,Perospirone Up,1/247,0.0946487846102068,0.0957483995431995,0,0,11.466898954703831,27.03415734979564,EMP1,perospirone,LINCS_L1000_Chem_Pert_Consensus_Sigs,Perospirone Down,1/246,0.0829989442057065,0.0842981386900492,0,0,13.434013605442177,33.4362844427817,NR4A1,6.8725344608479855
LINCS_L1000_Chem_Pert_Consensus_Sigs,ST-019386 Down,1/247,0.0946487846102068,0.0957483995431995,0,0,11.466898954703831,27.03415734979564,EMP1,st-019386,LINCS_L1000_Chem_Pert_Consensus_Sigs,ST-019386 Up,1/246,0.0829989442057065,0.0842981386900492,0,0,13.434013605442177,33.4362844427817,MECOM,6.8725344608479855
LINCS_L1000_Chem_Pert_Consensus_Sigs,SDM-25N Up,1/247,0.0946487846102068,0.0957483995431995,0,0,11.466898954703831,27.03415734979564,EMP1,sdm-25n,LINCS_L1000_Chem_Pert_Consensus_Sigs,SDM-25N Down,1/246,0.0829989442057065,0.0842981386900492,0,0,13.434013605442177,33.4362844427817,VWF,6.8725344608479855
LINCS_L1000_Chem_Pert_Consensus_Sigs,Tiabendazole Down,1/247,0.0946487846102068,0.0957483995431995,0,0,11.466898954703831,27.03415734979564,EMP1,tiabendazole,LINCS_L1000_Chem_Pert_Consensus_Sigs,Tiabendazole Up,1/246,0.0829989442057065,0.0842981386900492,0,0,13.434013605442177,33.4362844427817,ANGPT2,6.8725344608479855
LINCS_L1000_Chem_Pert_Consensus_Sigs,KISS1R FBS Down,1/247,0.0946487846102068,0.0957483995431995,0,0,11.466898954703831,27.03415734979564,EMP1,kiss1r,LINCS_L1000_Chem_Pert_Consensus_Sigs,KISS1R M617 Down,1/246,0.0829989442057065,0.0842981386900492,0,0,13.434013605442177,33.4362844427817,CLDN5,6.8725344608479855
LINCS_L1000_Chem_Pert_Consensus_Sigs,S-206352 Up,1/247,0.0946487846102068,0.0957483995431995,0,0,11.466898954703831,27.03415734979564,SOHLH2,s-206352,LINCS_L1000_Chem_Pert_Consensus_Sigs,S-206352 Down,1/246,0.0829989442057065,0.0842981386900492,0,0,13.434013605442177,33.4362844427817,NR4A1,6.8725344608479855
LINCS_L1000_Chem_Pert_Consensus_Sigs,Fillalbin Up,1/247,0.0946487846102068,0.0957483995431995,0,0,11.466898954703831,27.03415734979564,FCN3,fillalbin,LINCS_L1000_Chem_Pert_Consensus_Sigs,Fillalbin Down,1/246,0.0829989442057065,0.0842981386900492,0,0,13.434013605442177,33.4362844427817,NR4A1,6.8725344608479855
LINCS_L1000_Chem_Pert_Consensus_Sigs,GALR2 GALP Up,1/247,0.0946487846102068,0.0957483995431995,0,0,11.466898954703831,27.03415734979564,EMP1,galr2,LINCS_L1000_Chem_Pert_Consensus_Sigs,GALR2 M617 Up,1/246,0.0829989442057065,0.0842981386900492,0,0,13.434013605442177,33.4362844427817,NR4A1,6.8725344608479855
LINCS_L1000_Chem_Pert_Consensus_Sigs,DMBA Down,1/247,0.0946487846102068,0.0957483995431995,0,0,11.466898954703831,27.03415734979564,FCN3,dmba,LINCS_L1000_Chem_Pert_Consensus_Sigs,DMBA Up,1/246,0.0829989442057065,0.0842981386900492,0,0,13.434013605442177,33.4362844427817,MECOM,6.8725344608479855
LINCS_L1000_Chem_Pert_Consensus_Sigs,CLINDAMYCIN-PO4 Down,1/247,0.0946487846102068,0.0957483995431995,0,0,11.466898954703831,27.03415734979564,EMP1,clindamycin-po4,LINCS_L1000_Chem_Pert_Consensus_Sigs,CLINDAMYCIN-PO4 Up,1/246,0.0829989442057065,0.0842981386900492,0,0,13.434013605442177,33.4362844427817,NR4A1,6.8725344608479855
LINCS_L1000_Chem_Pert_Consensus_Sigs,Amoxicillin Down,1/245,0.0939150581317378,0.0957483995431995,0,0,11.562060889929745,27.348488863039687,HEXB,amoxicillin,LINCS_L1000_Chem_Pert_Consensus_Sigs,Amoxicillin Up,1/249,0.0839734880768169,0.0842981386900492,0,0,13.269489247311828,32.87189728093677,MECOM,6.867159407684371
LINCS_L1000_Chem_Pert_Consensus_Sigs,TUL Up,1/245,0.0939150581317378,0.0957483995431995,0,0,11.562060889929745,27.348488863039687,FCN3,tul,LINCS_L1000_Chem_Pert_Consensus_Sigs,TUL XIX003 Up,1/249,0.0839734880768169,0.0842981386900492,0,0,13.269489247311828,32.87189728093677,MECOM,6.867159407684371
LINCS_L1000_Chem_Pert_Consensus_Sigs,Deoxyandirobin Down,1/245,0.0939150581317378,0.0957483995431995,0,0,11.562060889929745,27.348488863039687,EMP1,deoxyandirobin,LINCS_L1000_Chem_Pert_Consensus_Sigs,Deoxyandirobin Up,1/249,0.0839734880768169,0.0842981386900492,0,0,13.269489247311828,32.87189728093677,VWF,6.867159407684371
LINCS_L1000_Chem_Pert_Consensus_Sigs,Sarcosine Down,1/245,0.0939150581317378,0.0957483995431995,0,0,11.562060889929745,27.348488863039687,EMP1,sarcosine,LINCS_L1000_Chem_Pert_Consensus_Sigs,Sarcosine Up,1/249,0.0839734880768169,0.0842981386900492,0,0,13.269489247311828,32.87189728093677,MECOM,6.867159407684371
LINCS_L1000_Chem_Pert_Consensus_Sigs,Mazindol Down,1/245,0.0939150581317378,0.0957483995431995,0,0,11.562060889929745,27.348488863039687,EMP1,mazindol,LINCS_L1000_Chem_Pert_Consensus_Sigs,Mazindol Up,1/249,0.0839734880768169,0.0842981386900492,0,0,13.269489247311828,32.87189728093677,MECOM,6.867159407684371
LINCS_L1000_Chem_Pert_Consensus_Sigs,Isotretinoin Down,1/245,0.0939150581317378,0.0957483995431995,0,0,11.562060889929745,27.348488863039687,EMP1,isotretinoin,LINCS_L1000_Chem_Pert_Consensus_Sigs,Isotretinoin Up,1/249,0.0839734880768169,0.0842981386900492,0,0,13.269489247311828,32.87189728093677,MECOM,6.867159407684371
LINCS_L1000_Chem_Pert_Consensus_Sigs,RHC-80267 Down,1/245,0.0939150581317378,0.0957483995431995,0,0,11.562060889929745,27.348488863039687,HEXB,rhc-80267,LINCS_L1000_Chem_Pert_Consensus_Sigs,RHC-80267 Up,1/249,0.0839734880768169,0.0842981386900492,0,0,13.269489247311828,32.87189728093677,MECOM,6.867159407684371
LINCS_L1000_Chem_Pert_Consensus_Sigs,Fluocinonide Up,1/246,0.0942819863760005,0.0957483995431995,0,0,11.514285714285714,27.190584236877303,EMP1,fluocinonide,LINCS_L1000_Chem_Pert_Consensus_Sigs,Fluocinonide Down,1/248,0.0836487388013027,0.0842981386900492,0,0,13.323886639676113,33.05828058514445,NR4A1,6.867061221901203
LINCS_L1000_Chem_Pert_Consensus_Sigs,Exisulind Up,1/246,0.0942819863760005,0.0957483995431995,0,0,11.514285714285714,27.190584236877303,EMP1,exisulind,LINCS_L1000_Chem_Pert_Consensus_Sigs,Exisulind Down,1/248,0.0836487388013027,0.0842981386900492,0,0,13.323886639676113,33.05828058514445,MECOM,6.867061221901203
LINCS_L1000_Chem_Pert_Consensus_Sigs,Gingerol Down,1/246,0.0942819863760005,0.0957483995431995,0,0,11.514285714285714,27.190584236877303,EMP1,gingerol,LINCS_L1000_Chem_Pert_Consensus_Sigs,Gingerol Up,1/248,0.0836487388013027,0.0842981386900492,0,0,13.323886639676113,33.05828058514445,MECOM,6.867061221901203
LINCS_L1000_Chem_Pert_Consensus_Sigs,Benzydamine Down,1/246,0.0942819863760005,0.0957483995431995,0,0,11.514285714285714,27.190584236877303,EMP1,benzydamine,LINCS_L1000_Chem_Pert_Consensus_Sigs,Benzydamine Up,1/248,0.0836487388013027,0.0842981386900492,0,0,13.323886639676113,33.05828058514445,NR4A1,6.867061221901203
LINCS_L1000_Chem_Pert_Consensus_Sigs,CCT-031374 Up,1/246,0.0942819863760005,0.0957483995431995,0,0,11.514285714285714,27.190584236877303,EMP1,cct-031374,LINCS_L1000_Chem_Pert_Consensus_Sigs,CCT-031374 Down,1/248,0.0836487388013027,0.0842981386900492,0,0,13.323886639676113,33.05828058514445,VWF,6.867061221901203
LINCS_L1000_Chem_Pert_Consensus_Sigs,Iohexol Down,1/246,0.0942819863760005,0.0957483995431995,0,0,11.514285714285714,27.190584236877303,PROS1,iohexol,LINCS_L1000_Chem_Pert_Consensus_Sigs,Iohexol Up,1/248,0.0836487388013027,0.0842981386900492,0,0,13.323886639676113,33.05828058514445,VWF,6.867061221901203
LINCS_L1000_Chem_Pert_Consensus_Sigs,Phenothiazine Down,1/246,0.0942819863760005,0.0957483995431995,0,0,11.514285714285714,27.190584236877303,EMP1,phenothiazine,LINCS_L1000_Chem_Pert_Consensus_Sigs,Phenothiazine Up,1/248,0.0836487388013027,0.0842981386900492,0,0,13.323886639676113,33.05828058514445,MECOM,6.867061221901203
LINCS_L1000_Chem_Pert_Consensus_Sigs,GALR3 GALP Up,1/246,0.0942819863760005,0.0957483995431995,0,0,11.514285714285714,27.190584236877303,EMP1,galr3,LINCS_L1000_Chem_Pert_Consensus_Sigs,GALR3 M617 Up,1/248,0.0836487388013027,0.0842981386900492,0,0,13.323886639676113,33.05828058514445,NR4A1,6.867061221901203
LINCS_L1000_Chem_Pert_Consensus_Sigs,Eprosartan Down,1/246,0.0942819863760005,0.0957483995431995,0,0,11.514285714285714,27.190584236877303,HEXB,eprosartan,LINCS_L1000_Chem_Pert_Consensus_Sigs,Eprosartan Up,1/248,0.0836487388013027,0.0842981386900492,0,0,13.323886639676113,33.05828058514445,ANGPT2,6.867061221901203
LINCS_L1000_Chem_Pert_Consensus_Sigs,LUC M617 Up,1/249,0.0953819911408738,0.0957483995431995,0,0,11.373271889400922,26.725659126474643,HEXB,luc,LINCS_L1000_Chem_Pert_Consensus_Sigs,LUC GALP Down,1/245,0.0826738988226842,0.0842981386900492,0,0,13.489754098360656,33.62795157434762,MECOM,6.8670195115759185
LINCS_L1000_Chem_Pert_Consensus_Sigs,SA-424764 Up,1/249,0.0953819911408738,0.0957483995431995,0,0,11.373271889400922,26.725659126474643,EMP1,sa-424764,LINCS_L1000_Chem_Pert_Consensus_Sigs,SA-424764 Down,1/245,0.0826738988226842,0.0842981386900492,0,0,13.489754098360656,33.62795157434762,VWF,6.8670195115759185
LINCS_L1000_Chem_Pert_Consensus_Sigs,Benzotript Down,1/249,0.0953819911408738,0.0957483995431995,0,0,11.373271889400922,26.725659126474643,HEXB,benzotript,LINCS_L1000_Chem_Pert_Consensus_Sigs,Benzotript Up,1/245,0.0826738988226842,0.0842981386900492,0,0,13.489754098360656,33.62795157434762,MECOM,6.8670195115759185
LINCS_L1000_Chem_Pert_Consensus_Sigs,LIVF001-029 Down,1/247,0.0946487846102068,0.0957483995431995,0,0,11.466898954703831,27.03415734979564,HEXB,livf001-029,LINCS_L1000_Chem_Pert_Consensus_Sigs,LIVF001-029 Down,1/247,0.0833238908529418,0.0842981386900492,0,0,13.378726287262872,33.24640194313252,VWF,6.867005178479658
LINCS_L1000_Chem_Pert_Consensus_Sigs,Phenazone Up,1/247,0.0946487846102068,0.0957483995431995,0,0,11.466898954703831,27.03415734979564,EMP1,phenazone,LINCS_L1000_Chem_Pert_Consensus_Sigs,Phenazone Up,1/247,0.0833238908529418,0.0842981386900492,0,0,13.378726287262872,33.24640194313252,MECOM,6.867005178479658
LINCS_L1000_Chem_Pert_Consensus_Sigs,P-Anisidinehcl Down,1/247,0.0946487846102068,0.0957483995431995,0,0,11.466898954703831,27.03415734979564,EMP1,p-anisidinehcl,LINCS_L1000_Chem_Pert_Consensus_Sigs,P-Anisidinehcl Down,1/247,0.0833238908529418,0.0842981386900492,0,0,13.378726287262872,33.24640194313252,CLDN5,6.867005178479658
LINCS_L1000_Chem_Pert_Consensus_Sigs,Benzyl-Alcohol Down,1/247,0.0946487846102068,0.0957483995431995,0,0,11.466898954703831,27.03415734979564,HEXB,benzyl-alcohol,LINCS_L1000_Chem_Pert_Consensus_Sigs,Benzyl-Alcohol Down,1/247,0.0833238908529418,0.0842981386900492,0,0,13.378726287262872,33.24640194313252,VWF,6.867005178479658
LINCS_L1000_Chem_Pert_Consensus_Sigs,Triptorelin Up,1/247,0.0946487846102068,0.0957483995431995,0,0,11.466898954703831,27.03415734979564,EMP1,triptorelin,LINCS_L1000_Chem_Pert_Consensus_Sigs,Triptorelin Up,1/247,0.0833238908529418,0.0842981386900492,0,0,13.378726287262872,33.24640194313252,VWF,6.867005178479658
LINCS_L1000_Chem_Pert_Consensus_Sigs,Benzylpenicillin Up,1/247,0.0946487846102068,0.0957483995431995,0,0,11.466898954703831,27.03415734979564,EMP1,benzylpenicillin,LINCS_L1000_Chem_Pert_Consensus_Sigs,Benzylpenicillin Down,1/247,0.0833238908529418,0.0842981386900492,0,0,13.378726287262872,33.24640194313252,MECOM,6.867005178479658
LINCS_L1000_Chem_Pert_Consensus_Sigs,Pravadoline Down,1/247,0.0946487846102068,0.0957483995431995,0,0,11.466898954703831,27.03415734979564,EMP1,pravadoline,LINCS_L1000_Chem_Pert_Consensus_Sigs,Pravadoline Down,1/247,0.0833238908529418,0.0842981386900492,0,0,13.378726287262872,33.24640194313252,VWF,6.867005178479658
LINCS_L1000_Chem_Pert_Consensus_Sigs,Bisbenzimide Up,1/247,0.0946487846102068,0.0957483995431995,0,0,11.466898954703831,27.03415734979564,EMP1,bisbenzimide,LINCS_L1000_Chem_Pert_Consensus_Sigs,Bisbenzimide Down,1/247,0.0833238908529418,0.0842981386900492,0,0,13.378726287262872,33.24640194313252,VWF,6.867005178479658
LINCS_L1000_Chem_Pert_Consensus_Sigs,Tiabendazole Down,1/247,0.0946487846102068,0.0957483995431995,0,0,11.466898954703831,27.03415734979564,EMP1,tiabendazole,LINCS_L1000_Chem_Pert_Consensus_Sigs,Tiabendazole Down,1/247,0.0833238908529418,0.0842981386900492,0,0,13.378726287262872,33.24640194313252,NR4A1,6.867005178479658
LINCS_L1000_Chem_Pert_Consensus_Sigs,Hemado Down,1/247,0.0946487846102068,0.0957483995431995,0,0,11.466898954703831,27.03415734979564,HEXB,hemado,LINCS_L1000_Chem_Pert_Consensus_Sigs,Hemado Down,1/247,0.0833238908529418,0.0842981386900492,0,0,13.378726287262872,33.24640194313252,NR4A1,6.867005178479658
LINCS_L1000_Chem_Pert_Consensus_Sigs,CD-437 Up,1/247,0.0946487846102068,0.0957483995431995,0,0,11.466898954703831,27.03415734979564,EMP1,cd-437,LINCS_L1000_Chem_Pert_Consensus_Sigs,CD-437 Up,1/247,0.0833238908529418,0.0842981386900492,0,0,13.378726287262872,33.24640194313252,NR4A1,6.867005178479658
LINCS_L1000_Chem_Pert_Consensus_Sigs,Nemonapride Down,1/247,0.0946487846102068,0.0957483995431995,0,0,11.466898954703831,27.03415734979564,EMP1,nemonapride,LINCS_L1000_Chem_Pert_Consensus_Sigs,Nemonapride Down,1/247,0.0833238908529418,0.0842981386900492,0,0,13.378726287262872,33.24640194313252,VWF,6.867005178479658
LINCS_L1000_Chem_Pert_Consensus_Sigs,SA-244358 Down,1/247,0.0946487846102068,0.0957483995431995,0,0,11.466898954703831,27.03415734979564,EMP1,sa-244358,LINCS_L1000_Chem_Pert_Consensus_Sigs,SA-244358 Down,1/247,0.0833238908529418,0.0842981386900492,0,0,13.378726287262872,33.24640194313252,MECOM,6.867005178479658
LINCS_L1000_Chem_Pert_Consensus_Sigs,Dilazep Down,1/247,0.0946487846102068,0.0957483995431995,0,0,11.466898954703831,27.03415734979564,EMP1,dilazep,LINCS_L1000_Chem_Pert_Consensus_Sigs,Dilazep Down,1/247,0.0833238908529418,0.0842981386900492,0,0,13.378726287262872,33.24640194313252,NR4A1,6.867005178479658
LINCS_L1000_Chem_Pert_Consensus_Sigs,Methenamine Down,1/247,0.0946487846102068,0.0957483995431995,0,0,11.466898954703831,27.03415734979564,EMP1,methenamine,LINCS_L1000_Chem_Pert_Consensus_Sigs,Methenamine Down,1/247,0.0833238908529418,0.0842981386900492,0,0,13.378726287262872,33.24640194313252,VWF,6.867005178479658
LINCS_L1000_Chem_Pert_Consensus_Sigs,BU-239 Up,1/247,0.0946487846102068,0.0957483995431995,0,0,11.466898954703831,27.03415734979564,EMP1,bu-239,LINCS_L1000_Chem_Pert_Consensus_Sigs,BU-239 Up,1/247,0.0833238908529418,0.0842981386900492,0,0,13.378726287262872,33.24640194313252,VWF,6.867005178479658
LINCS_L1000_Chem_Pert_Consensus_Sigs,Clobetasol Up,1/247,0.0946487846102068,0.0957483995431995,0,0,11.466898954703831,27.03415734979564,PROS1,clobetasol,LINCS_L1000_Chem_Pert_Consensus_Sigs,Clobetasol Up,1/247,0.0833238908529418,0.0842981386900492,0,0,13.378726287262872,33.24640194313252,VWF,6.867005178479658
LINCS_L1000_Chem_Pert_Consensus_Sigs,DMBA Down,1/247,0.0946487846102068,0.0957483995431995,0,0,11.466898954703831,27.03415734979564,FCN3,dmba,LINCS_L1000_Chem_Pert_Consensus_Sigs,DMBA Down,1/247,0.0833238908529418,0.0842981386900492,0,0,13.378726287262872,33.24640194313252,CLDN5,6.867005178479658
LINCS_L1000_Chem_Pert_Consensus_Sigs,Nadifloxacin Down,1/247,0.0946487846102068,0.0957483995431995,0,0,11.466898954703831,27.03415734979564,EMP1,nadifloxacin,LINCS_L1000_Chem_Pert_Consensus_Sigs,Nadifloxacin Down,1/247,0.0833238908529418,0.0842981386900492,0,0,13.378726287262872,33.24640194313252,NR4A1,6.867005178479658
LINCS_L1000_Chem_Pert_Consensus_Sigs,VU-0366037-2 Down,1/247,0.0946487846102068,0.0957483995431995,0,0,11.466898954703831,27.03415734979564,EMP1,vu-0366037-2,LINCS_L1000_Chem_Pert_Consensus_Sigs,VU-0366037-2 Down,1/247,0.0833238908529418,0.0842981386900492,0,0,13.378726287262872,33.24640194313252,MECOM,6.867005178479658
LINCS_L1000_Chem_Pert_Consensus_Sigs,PACOCF3 Up,1/247,0.0946487846102068,0.0957483995431995,0,0,11.466898954703831,27.03415734979564,EMP1,pacocf3,LINCS_L1000_Chem_Pert_Consensus_Sigs,PACOCF3 Up,1/247,0.0833238908529418,0.0842981386900492,0,0,13.378726287262872,33.24640194313252,CLDN5,6.867005178479658
LINCS_L1000_Chem_Pert_Consensus_Sigs,JW-7-24-1 Up,1/247,0.0946487846102068,0.0957483995431995,0,0,11.466898954703831,27.03415734979564,EMP1,jw-7-24-1,LINCS_L1000_Chem_Pert_Consensus_Sigs,JW-7-24-1 Up,1/247,0.0833238908529418,0.0842981386900492,0,0,13.378726287262872,33.24640194313252,NR4A1,6.867005178479658
LINCS_L1000_Chem_Pert_Consensus_Sigs,Salirasib Down,1/247,0.0946487846102068,0.0957483995431995,0,0,11.466898954703831,27.03415734979564,EMP1,salirasib,LINCS_L1000_Chem_Pert_Consensus_Sigs,Salirasib Up,1/247,0.0833238908529418,0.0842981386900492,0,0,13.378726287262872,33.24640194313252,NR4A1,6.867005178479658
LINCS_L1000_Chem_Pert_Consensus_Sigs,Bropirimine Down,1/247,0.0946487846102068,0.0957483995431995,0,0,11.466898954703831,27.03415734979564,EMP1,bropirimine,LINCS_L1000_Chem_Pert_Consensus_Sigs,Bropirimine Down,1/247,0.0833238908529418,0.0842981386900492,0,0,13.378726287262872,33.24640194313252,MECOM,6.867005178479658
LINCS_L1000_Chem_Pert_Consensus_Sigs,MW-STK33-4A Up,1/247,0.0946487846102068,0.0957483995431995,0,0,11.466898954703831,27.03415734979564,EMP1,mw-stk33-4a,LINCS_L1000_Chem_Pert_Consensus_Sigs,MW-STK33-4A Up,1/247,0.0833238908529418,0.0842981386900492,0,0,13.378726287262872,33.24640194313252,MECOM,6.867005178479658
LINCS_L1000_Chem_Pert_Consensus_Sigs,WIN-552122 Down,1/247,0.0946487846102068,0.0957483995431995,0,0,11.466898954703831,27.03415734979564,EMP1,win-552122,LINCS_L1000_Chem_Pert_Consensus_Sigs,WIN-552122 Down,1/247,0.0833238908529418,0.0842981386900492,0,0,13.378726287262872,33.24640194313252,ANGPT2,6.867005178479658
LINCS_L1000_Chem_Pert_Consensus_Sigs,Diflunisal Down,1/247,0.0946487846102068,0.0957483995431995,0,0,11.466898954703831,27.03415734979564,EMP1,diflunisal,LINCS_L1000_Chem_Pert_Consensus_Sigs,Diflunisal Down,1/247,0.0833238908529418,0.0842981386900492,0,0,13.378726287262872,33.24640194313252,MECOM,6.867005178479658
LINCS_L1000_Chem_Pert_Consensus_Sigs,STK-249718 Up,1/247,0.0946487846102068,0.0957483995431995,0,0,11.466898954703831,27.03415734979564,EMP1,stk-249718,LINCS_L1000_Chem_Pert_Consensus_Sigs,STK-249718 Up,1/247,0.0833238908529418,0.0842981386900492,0,0,13.378726287262872,33.24640194313252,NR4A1,6.867005178479658
LINCS_L1000_Chem_Pert_Consensus_Sigs,SA-1938111 Up,1/247,0.0946487846102068,0.0957483995431995,0,0,11.466898954703831,27.03415734979564,EMP1,sa-1938111,LINCS_L1000_Chem_Pert_Consensus_Sigs,SA-1938111 Up,1/247,0.0833238908529418,0.0842981386900492,0,0,13.378726287262872,33.24640194313252,MECOM,6.867005178479658
LINCS_L1000_Chem_Pert_Consensus_Sigs,Levomenthol Down,1/247,0.0946487846102068,0.0957483995431995,0,0,11.466898954703831,27.03415734979564,EMP1,levomenthol,LINCS_L1000_Chem_Pert_Consensus_Sigs,Levomenthol Down,1/247,0.0833238908529418,0.0842981386900492,0,0,13.378726287262872,33.24640194313252,VWF,6.867005178479658
LINCS_L1000_Chem_Pert_Consensus_Sigs,Ryuvidine Up,1/247,0.0946487846102068,0.0957483995431995,0,0,11.466898954703831,27.03415734979564,EMP1,ryuvidine,LINCS_L1000_Chem_Pert_Consensus_Sigs,Ryuvidine Up,1/247,0.0833238908529418,0.0842981386900492,0,0,13.378726287262872,33.24640194313252,NR4A1,6.867005178479658
LINCS_L1000_Chem_Pert_Consensus_Sigs,Olomoucine Down,1/247,0.0946487846102068,0.0957483995431995,0,0,11.466898954703831,27.03415734979564,EMP1,olomoucine,LINCS_L1000_Chem_Pert_Consensus_Sigs,Olomoucine Down,1/247,0.0833238908529418,0.0842981386900492,0,0,13.378726287262872,33.24640194313252,MECOM,6.867005178479658
LINCS_L1000_Chem_Pert_Consensus_Sigs,Ajmaline Down,1/247,0.0946487846102068,0.0957483995431995,0,0,11.466898954703831,27.03415734979564,PROS1,ajmaline,LINCS_L1000_Chem_Pert_Consensus_Sigs,Ajmaline Down,1/247,0.0833238908529418,0.0842981386900492,0,0,13.378726287262872,33.24640194313252,NR4A1,6.867005178479658
LINCS_L1000_Chem_Pert_Consensus_Sigs,Balsalazide Up,1/247,0.0946487846102068,0.0957483995431995,0,0,11.466898954703831,27.03415734979564,EMP1,balsalazide,LINCS_L1000_Chem_Pert_Consensus_Sigs,Balsalazide Up,1/247,0.0833238908529418,0.0842981386900492,0,0,13.378726287262872,33.24640194313252,MECOM,6.867005178479658
LINCS_L1000_Chem_Pert_Consensus_Sigs,IM-12 Down,1/247,0.0946487846102068,0.0957483995431995,0,0,11.466898954703831,27.03415734979564,FCN3,im-12,LINCS_L1000_Chem_Pert_Consensus_Sigs,IM-12 Down,1/247,0.0833238908529418,0.0842981386900492,0,0,13.378726287262872,33.24640194313252,MECOM,6.867005178479658
LINCS_L1000_Chem_Pert_Consensus_Sigs,Olopatadine Up,1/247,0.0946487846102068,0.0957483995431995,0,0,11.466898954703831,27.03415734979564,EMP1,olopatadine,LINCS_L1000_Chem_Pert_Consensus_Sigs,Olopatadine Up,1/247,0.0833238908529418,0.0842981386900492,0,0,13.378726287262872,33.24640194313252,MECOM,6.867005178479658
LINCS_L1000_Chem_Pert_Consensus_Sigs,Balsalazide Up,1/247,0.0946487846102068,0.0957483995431995,0,0,11.466898954703831,27.03415734979564,EMP1,balsalazide,LINCS_L1000_Chem_Pert_Consensus_Sigs,Balsalazide Down,1/247,0.0833238908529418,0.0842981386900492,0,0,13.378726287262872,33.24640194313252,NR4A1,6.867005178479658
LINCS_L1000_Chem_Pert_Consensus_Sigs,SA-102676 Up,1/247,0.0946487846102068,0.0957483995431995,0,0,11.466898954703831,27.03415734979564,FCN3,sa-102676,LINCS_L1000_Chem_Pert_Consensus_Sigs,SA-102676 Up,1/247,0.0833238908529418,0.0842981386900492,0,0,13.378726287262872,33.24640194313252,VWF,6.867005178479658
LINCS_L1000_Chem_Pert_Consensus_Sigs,SA-96816 Down,1/247,0.0946487846102068,0.0957483995431995,0,0,11.466898954703831,27.03415734979564,HEXB,sa-96816,LINCS_L1000_Chem_Pert_Consensus_Sigs,SA-96816 Down,1/247,0.0833238908529418,0.0842981386900492,0,0,13.378726287262872,33.24640194313252,NR4A1,6.867005178479658
LINCS_L1000_Chem_Pert_Consensus_Sigs,PP-3 Down,1/247,0.0946487846102068,0.0957483995431995,0,0,11.466898954703831,27.03415734979564,EMP1,pp-3,LINCS_L1000_Chem_Pert_Consensus_Sigs,PP-3 Down,1/247,0.0833238908529418,0.0842981386900492,0,0,13.378726287262872,33.24640194313252,NR4A1,6.867005178479658
LINCS_L1000_Chem_Pert_Consensus_Sigs,KISS1R FBS Down,1/247,0.0946487846102068,0.0957483995431995,0,0,11.466898954703831,27.03415734979564,EMP1,kiss1r,LINCS_L1000_Chem_Pert_Consensus_Sigs,KISS1R GALP Down,1/247,0.0833238908529418,0.0842981386900492,0,0,13.378726287262872,33.24640194313252,NR4A1,6.867005178479658
LINCS_L1000_Chem_Pert_Consensus_Sigs,Ammonium-Perfluorocaprylate Down,1/247,0.0946487846102068,0.0957483995431995,0,0,11.466898954703831,27.03415734979564,HEXB,ammonium-perfluorocaprylate,LINCS_L1000_Chem_Pert_Consensus_Sigs,Ammonium-Perfluorocaprylate Down,1/247,0.0833238908529418,0.0842981386900492,0,0,13.378726287262872,33.24640194313252,VWF,6.867005178479658
LINCS_L1000_Chem_Pert_Consensus_Sigs,SB-228357 Up,1/247,0.0946487846102068,0.0957483995431995,0,0,11.466898954703831,27.03415734979564,EMP1,sb-228357,LINCS_L1000_Chem_Pert_Consensus_Sigs,SB-228357 Up,1/247,0.0833238908529418,0.0842981386900492,0,0,13.378726287262872,33.24640194313252,NR4A1,6.867005178479658
LINCS_L1000_Chem_Pert_Consensus_Sigs,Probucol Up,1/247,0.0946487846102068,0.0957483995431995,0,0,11.466898954703831,27.03415734979564,EMP1,probucol,LINCS_L1000_Chem_Pert_Consensus_Sigs,Probucol Up,1/247,0.0833238908529418,0.0842981386900492,0,0,13.378726287262872,33.24640194313252,MECOM,6.867005178479658
LINCS_L1000_Chem_Pert_Consensus_Sigs,SB-334867 Down,1/247,0.0946487846102068,0.0957483995431995,0,0,11.466898954703831,27.03415734979564,FCN3,sb-334867,LINCS_L1000_Chem_Pert_Consensus_Sigs,SB-334867 Down,1/247,0.0833238908529418,0.0842981386900492,0,0,13.378726287262872,33.24640194313252,MECOM,6.867005178479658
LINCS_L1000_Chem_Pert_Consensus_Sigs,SA-1456195 Up,1/247,0.0946487846102068,0.0957483995431995,0,0,11.466898954703831,27.03415734979564,FCN3,sa-1456195,LINCS_L1000_Chem_Pert_Consensus_Sigs,SA-1456195 Up,1/247,0.0833238908529418,0.0842981386900492,0,0,13.378726287262872,33.24640194313252,MECOM,6.867005178479658
LINCS_L1000_Chem_Pert_Consensus_Sigs,PF-4800567 Down,1/247,0.0946487846102068,0.0957483995431995,0,0,11.466898954703831,27.03415734979564,EMP1,pf-4800567,LINCS_L1000_Chem_Pert_Consensus_Sigs,PF-4800567 Down,1/247,0.0833238908529418,0.0842981386900492,0,0,13.378726287262872,33.24640194313252,VWF,6.867005178479658
LINCS_L1000_Chem_Pert_Consensus_Sigs,SMER-3 Down,1/247,0.0946487846102068,0.0957483995431995,0,0,11.466898954703831,27.03415734979564,PROS1,smer-3,LINCS_L1000_Chem_Pert_Consensus_Sigs,SMER-3 Down,1/247,0.0833238908529418,0.0842981386900492,0,0,13.378726287262872,33.24640194313252,VWF,6.867005178479658
LINCS_L1000_Chem_Pert_Consensus_Sigs,Alaproclate Up,1/247,0.0946487846102068,0.0957483995431995,0,0,11.466898954703831,27.03415734979564,HEXB,alaproclate,LINCS_L1000_Chem_Pert_Consensus_Sigs,Alaproclate Up,1/247,0.0833238908529418,0.0842981386900492,0,0,13.378726287262872,33.24640194313252,MECOM,6.867005178479658
LINCS_L1000_Chem_Pert_Consensus_Sigs,Ganaxolone Down,1/247,0.0946487846102068,0.0957483995431995,0,0,11.466898954703831,27.03415734979564,HEXB,ganaxolone,LINCS_L1000_Chem_Pert_Consensus_Sigs,Ganaxolone Down,1/247,0.0833238908529418,0.0842981386900492,0,0,13.378726287262872,33.24640194313252,VWF,6.867005178479658
LINCS_L1000_Chem_Pert_Consensus_Sigs,Vildagliptin Down,1/247,0.0946487846102068,0.0957483995431995,0,0,11.466898954703831,27.03415734979564,EMP1,vildagliptin,LINCS_L1000_Chem_Pert_Consensus_Sigs,Vildagliptin Down,1/247,0.0833238908529418,0.0842981386900492,0,0,13.378726287262872,33.24640194313252,MECOM,6.867005178479658
LINCS_L1000_Chem_Pert_Consensus_Sigs,SA-103013 Down,1/247,0.0946487846102068,0.0957483995431995,0,0,11.466898954703831,27.03415734979564,EMP1,sa-103013,LINCS_L1000_Chem_Pert_Consensus_Sigs,SA-103013 Down,1/247,0.0833238908529418,0.0842981386900492,0,0,13.378726287262872,33.24640194313252,VWF,6.867005178479658
LINCS_L1000_Chem_Pert_Consensus_Sigs,Little-Len Down,1/247,0.0946487846102068,0.0957483995431995,0,0,11.466898954703831,27.03415734979564,EMP1,little-len,LINCS_L1000_Chem_Pert_Consensus_Sigs,Little-Len Down,1/247,0.0833238908529418,0.0842981386900492,0,0,13.378726287262872,33.24640194313252,VWF,6.867005178479658
LINCS_L1000_Chem_Pert_Consensus_Sigs,Hydroxyfasudil Up,1/247,0.0946487846102068,0.0957483995431995,0,0,11.466898954703831,27.03415734979564,EMP1,hydroxyfasudil,LINCS_L1000_Chem_Pert_Consensus_Sigs,Hydroxyfasudil Up,1/247,0.0833238908529418,0.0842981386900492,0,0,13.378726287262872,33.24640194313252,MECOM,6.867005178479658
LINCS_L1000_Chem_Pert_Consensus_Sigs,Dehydrocholate Up,1/247,0.0946487846102068,0.0957483995431995,0,0,11.466898954703831,27.03415734979564,EMP1,dehydrocholate,LINCS_L1000_Chem_Pert_Consensus_Sigs,Dehydrocholate Up,1/247,0.0833238908529418,0.0842981386900492,0,0,13.378726287262872,33.24640194313252,MECOM,6.867005178479658
LINCS_L1000_Chem_Pert_Consensus_Sigs,Mepenzolate Up,1/247,0.0946487846102068,0.0957483995431995,0,0,11.466898954703831,27.03415734979564,PROS1,mepenzolate,LINCS_L1000_Chem_Pert_Consensus_Sigs,Mepenzolate Up,1/247,0.0833238908529418,0.0842981386900492,0,0,13.378726287262872,33.24640194313252,TINAGL1,6.867005178479658
LINCS_L1000_Chem_Pert_Consensus_Sigs,Prochlorperazine Down,1/247,0.0946487846102068,0.0957483995431995,0,0,11.466898954703831,27.03415734979564,EMP1,prochlorperazine,LINCS_L1000_Chem_Pert_Consensus_Sigs,Prochlorperazine Down,1/247,0.0833238908529418,0.0842981386900492,0,0,13.378726287262872,33.24640194313252,MECOM,6.867005178479658
LINCS_L1000_Chem_Pert_Consensus_Sigs,Gestrinone Down,1/247,0.0946487846102068,0.0957483995431995,0,0,11.466898954703831,27.03415734979564,EMP1,gestrinone,LINCS_L1000_Chem_Pert_Consensus_Sigs,Gestrinone Down,1/247,0.0833238908529418,0.0842981386900492,0,0,13.378726287262872,33.24640194313252,NR4A1,6.867005178479658
LINCS_L1000_Chem_Pert_Consensus_Sigs,Naringenin Down,1/247,0.0946487846102068,0.0957483995431995,0,0,11.466898954703831,27.03415734979564,EMP1,naringenin,LINCS_L1000_Chem_Pert_Consensus_Sigs,Naringenin Down,1/247,0.0833238908529418,0.0842981386900492,0,0,13.378726287262872,33.24640194313252,NR4A1,6.867005178479658
LINCS_L1000_Chem_Pert_Consensus_Sigs,Flupirtine Down,1/247,0.0946487846102068,0.0957483995431995,0,0,11.466898954703831,27.03415734979564,EMP1,flupirtine,LINCS_L1000_Chem_Pert_Consensus_Sigs,Flupirtine Down,1/247,0.0833238908529418,0.0842981386900492,0,0,13.378726287262872,33.24640194313252,ANGPT2,6.867005178479658
LINCS_L1000_Chem_Pert_Consensus_Sigs,SD-6-035-A1 Down,1/247,0.0946487846102068,0.0957483995431995,0,0,11.466898954703831,27.03415734979564,FCN3,sd-6-035-a1,LINCS_L1000_Chem_Pert_Consensus_Sigs,SD-6-035-A1 Down,1/247,0.0833238908529418,0.0842981386900492,0,0,13.378726287262872,33.24640194313252,MECOM,6.867005178479658
LINCS_L1000_Chem_Pert_Consensus_Sigs,Acetaldehyde Up,1/247,0.0946487846102068,0.0957483995431995,0,0,11.466898954703831,27.03415734979564,FCN3,acetaldehyde,LINCS_L1000_Chem_Pert_Consensus_Sigs,Acetaldehyde Up,1/247,0.0833238908529418,0.0842981386900492,0,0,13.378726287262872,33.24640194313252,CLDN5,6.867005178479658
LINCS_L1000_Chem_Pert_Consensus_Sigs,Ampyrone Up,1/247,0.0946487846102068,0.0957483995431995,0,0,11.466898954703831,27.03415734979564,EMP1,ampyrone,LINCS_L1000_Chem_Pert_Consensus_Sigs,Ampyrone Up,1/247,0.0833238908529418,0.0842981386900492,0,0,13.378726287262872,33.24640194313252,VWF,6.867005178479658
LINCS_L1000_Chem_Pert_Consensus_Sigs,CAY-10578 Down,1/247,0.0946487846102068,0.0957483995431995,0,0,11.466898954703831,27.03415734979564,EMP1,cay-10578,LINCS_L1000_Chem_Pert_Consensus_Sigs,CAY-10578 Up,1/247,0.0833238908529418,0.0842981386900492,0,0,13.378726287262872,33.24640194313252,MECOM,6.867005178479658
LINCS_L1000_Chem_Pert_Consensus_Sigs,Oxiconazole Down,1/247,0.0946487846102068,0.0957483995431995,0,0,11.466898954703831,27.03415734979564,EMP1,oxiconazole,LINCS_L1000_Chem_Pert_Consensus_Sigs,Oxiconazole Down,1/247,0.0833238908529418,0.0842981386900492,0,0,13.378726287262872,33.24640194313252,VWF,6.867005178479658
LINCS_L1000_Chem_Pert_Consensus_Sigs,SNC-80 Up,1/247,0.0946487846102068,0.0957483995431995,0,0,11.466898954703831,27.03415734979564,HEXB,snc-80,LINCS_L1000_Chem_Pert_Consensus_Sigs,SNC-80 Up,1/247,0.0833238908529418,0.0842981386900492,0,0,13.378726287262872,33.24640194313252,ANGPT2,6.867005178479658
LINCS_L1000_Chem_Pert_Consensus_Sigs,Sodium-Acetate Down,1/248,0.0950154528496176,0.0957483995431995,0,0,11.419895893580104,26.879188702856474,HEXB,sodium-acetate,LINCS_L1000_Chem_Pert_Consensus_Sigs,Sodium-Acetate Up,1/246,0.0829989442057065,0.0842981386900492,0,0,13.434013605442177,33.4362844427817,ANGPT2,6.866991274661201
LINCS_L1000_Chem_Pert_Consensus_Sigs,SA-1919584 Up,1/248,0.0950154528496176,0.0957483995431995,0,0,11.419895893580104,26.879188702856474,EMP1,sa-1919584,LINCS_L1000_Chem_Pert_Consensus_Sigs,SA-1919584 Down,1/246,0.0829989442057065,0.0842981386900492,0,0,13.434013605442177,33.4362844427817,MECOM,6.866991274661201
LINCS_L1000_Chem_Pert_Consensus_Sigs,Cefatrizine Down,1/248,0.0950154528496176,0.0957483995431995,0,0,11.419895893580104,26.879188702856474,HEXB,cefatrizine,LINCS_L1000_Chem_Pert_Consensus_Sigs,Cefatrizine Up,1/246,0.0829989442057065,0.0842981386900492,0,0,13.434013605442177,33.4362844427817,VWF,6.866991274661201
LINCS_L1000_Chem_Pert_Consensus_Sigs,Anacetrapib Up,1/248,0.0950154528496176,0.0957483995431995,0,0,11.419895893580104,26.879188702856474,PROS1,anacetrapib,LINCS_L1000_Chem_Pert_Consensus_Sigs,Anacetrapib Down,1/246,0.0829989442057065,0.0842981386900492,0,0,13.434013605442177,33.4362844427817,MECOM,6.866991274661201
LINCS_L1000_Chem_Pert_Consensus_Sigs,Levetiracetam Down,1/248,0.0950154528496176,0.0957483995431995,0,0,11.419895893580104,26.879188702856474,EMP1,levetiracetam,LINCS_L1000_Chem_Pert_Consensus_Sigs,Levetiracetam Up,1/246,0.0829989442057065,0.0842981386900492,0,0,13.434013605442177,33.4362844427817,VWF,6.866991274661201
LINCS_L1000_Chem_Pert_Consensus_Sigs,Ethionamide Down,1/248,0.0950154528496176,0.0957483995431995,0,0,11.419895893580104,26.879188702856474,EMP1,ethionamide,LINCS_L1000_Chem_Pert_Consensus_Sigs,Ethionamide Up,1/246,0.0829989442057065,0.0842981386900492,0,0,13.434013605442177,33.4362844427817,VWF,6.866991274661201
LINCS_L1000_Chem_Pert_Consensus_Sigs,Etilefrine Down,1/248,0.0950154528496176,0.0957483995431995,0,0,11.419895893580104,26.879188702856474,EMP1,etilefrine,LINCS_L1000_Chem_Pert_Consensus_Sigs,Etilefrine Up,1/246,0.0829989442057065,0.0842981386900492,0,0,13.434013605442177,33.4362844427817,NR4A1,6.866991274661201
LINCS_L1000_Chem_Pert_Consensus_Sigs,Cinalukast Up,1/248,0.0950154528496176,0.0957483995431995,0,0,11.419895893580104,26.879188702856474,EMP1,cinalukast,LINCS_L1000_Chem_Pert_Consensus_Sigs,Cinalukast Down,1/246,0.0829989442057065,0.0842981386900492,0,0,13.434013605442177,33.4362844427817,MECOM,6.866991274661201
LINCS_L1000_Chem_Pert_Consensus_Sigs,Flurandrenolide Down,1/245,0.0939150581317378,0.0957483995431995,0,0,11.562060889929745,27.348488863039687,EMP1,flurandrenolide,LINCS_L1000_Chem_Pert_Consensus_Sigs,Flurandrenolide Up,1/250,0.0842981386900492,0.0842981386900492,0,0,13.21552878179384,32.68722933726048,MECOM,6.861692539983576
LINCS_L1000_Chem_Pert_Consensus_Sigs,AM-251 Down,1/245,0.0939150581317378,0.0957483995431995,0,0,11.562060889929745,27.348488863039687,FCN3,am-251,LINCS_L1000_Chem_Pert_Consensus_Sigs,AM-251 Up,1/250,0.0842981386900492,0.0842981386900492,0,0,13.21552878179384,32.68722933726048,VWF,6.861692539983576
LINCS_L1000_Chem_Pert_Consensus_Sigs,LACZ GALP Up,1/245,0.0939150581317378,0.0957483995431995,0,0,11.562060889929745,27.348488863039687,EMP1,lacz,LINCS_L1000_Chem_Pert_Consensus_Sigs,LACZ GALANIN Down,1/250,0.0842981386900492,0.0842981386900492,0,0,13.21552878179384,32.68722933726048,VWF,6.861692539983576
LINCS_L1000_Chem_Pert_Consensus_Sigs,Gallamine Down,1/246,0.0942819863760005,0.0957483995431995,0,0,11.514285714285714,27.190584236877303,EMP1,gallamine,LINCS_L1000_Chem_Pert_Consensus_Sigs,Gallamine Up,1/249,0.0839734880768169,0.0842981386900492,0,0,13.269489247311828,32.87189728093677,MECOM,6.8615737117025795
LINCS_L1000_Chem_Pert_Consensus_Sigs,Phenazopyridine Up,1/246,0.0942819863760005,0.0957483995431995,0,0,11.514285714285714,27.190584236877303,PROS1,phenazopyridine,LINCS_L1000_Chem_Pert_Consensus_Sigs,Phenazopyridine Down,1/249,0.0839734880768169,0.0842981386900492,0,0,13.269489247311828,32.87189728093677,NR4A1,6.8615737117025795
LINCS_L1000_Chem_Pert_Consensus_Sigs,Ginkgolide-A Down,1/246,0.0942819863760005,0.0957483995431995,0,0,11.514285714285714,27.190584236877303,EMP1,ginkgolide-a,LINCS_L1000_Chem_Pert_Consensus_Sigs,Ginkgolide-A Up,1/249,0.0839734880768169,0.0842981386900492,0,0,13.269489247311828,32.87189728093677,MECOM,6.8615737117025795
LINCS_L1000_Chem_Pert_Consensus_Sigs,Triflupromazine Up,1/246,0.0942819863760005,0.0957483995431995,0,0,11.514285714285714,27.190584236877303,EMP1,triflupromazine,LINCS_L1000_Chem_Pert_Consensus_Sigs,Triflupromazine Down,1/249,0.0839734880768169,0.0842981386900492,0,0,13.269489247311828,32.87189728093677,ANGPT2,6.8615737117025795
LINCS_L1000_Chem_Pert_Consensus_Sigs,GALR3 GALP Up,1/246,0.0942819863760005,0.0957483995431995,0,0,11.514285714285714,27.190584236877303,EMP1,galr3,LINCS_L1000_Chem_Pert_Consensus_Sigs,GALR3 FBS Up,1/249,0.0839734880768169,0.0842981386900492,0,0,13.269489247311828,32.87189728093677,NR4A1,6.8615737117025795
LINCS_L1000_Chem_Pert_Consensus_Sigs,SM-21 Down,1/246,0.0942819863760005,0.0957483995431995,0,0,11.514285714285714,27.190584236877303,EMP1,sm-21,LINCS_L1000_Chem_Pert_Consensus_Sigs,SM-21 Up,1/249,0.0839734880768169,0.0842981386900492,0,0,13.269489247311828,32.87189728093677,NR4A1,6.8615737117025795
LINCS_L1000_Chem_Pert_Consensus_Sigs,Vitexin Down,1/250,0.0957483995431995,0.0957483995431995,0,0,11.327022375215146,26.57354977580402,EMP1,vitexin,LINCS_L1000_Chem_Pert_Consensus_Sigs,Vitexin Up,1/245,0.0826738988226842,0.0842981386900492,0,0,13.489754098360656,33.62795157434762,MECOM,6.861518176662875
LINCS_L1000_Chem_Pert_Consensus_Sigs,Benzene Up,1/247,0.0946487846102068,0.0957483995431995,0,0,11.466898954703831,27.03415734979564,EMP1,benzene,LINCS_L1000_Chem_Pert_Consensus_Sigs,Benzene Down,1/248,0.0836487388013027,0.0842981386900492,0,0,13.323886639676113,33.05828058514445,VWF,6.8614968640660035
LINCS_L1000_Chem_Pert_Consensus_Sigs,Alpha-Tocopherol Down,1/247,0.0946487846102068,0.0957483995431995,0,0,11.466898954703831,27.03415734979564,EMP1,alpha-tocopherol,LINCS_L1000_Chem_Pert_Consensus_Sigs,Alpha-Tocopherol Up,1/248,0.0836487388013027,0.0842981386900492,0,0,13.323886639676113,33.05828058514445,MECOM,6.8614968640660035
LINCS_L1000_Chem_Pert_Consensus_Sigs,Eplerenone Up,1/247,0.0946487846102068,0.0957483995431995,0,0,11.466898954703831,27.03415734979564,FCN3,eplerenone,LINCS_L1000_Chem_Pert_Consensus_Sigs,Eplerenone Down,1/248,0.0836487388013027,0.0842981386900492,0,0,13.323886639676113,33.05828058514445,ANGPT2,6.8614968640660035
LINCS_L1000_Chem_Pert_Consensus_Sigs,GBR-12783 Down,1/247,0.0946487846102068,0.0957483995431995,0,0,11.466898954703831,27.03415734979564,EMP1,gbr-12783,LINCS_L1000_Chem_Pert_Consensus_Sigs,GBR-12783 Up,1/248,0.0836487388013027,0.0842981386900492,0,0,13.323886639676113,33.05828058514445,VWF,6.8614968640660035
LINCS_L1000_Chem_Pert_Consensus_Sigs,Alosetron Up,1/247,0.0946487846102068,0.0957483995431995,0,0,11.466898954703831,27.03415734979564,EMP1,alosetron,LINCS_L1000_Chem_Pert_Consensus_Sigs,Alosetron Down,1/248,0.0836487388013027,0.0842981386900492,0,0,13.323886639676113,33.05828058514445,NR4A1,6.8614968640660035
LINCS_L1000_Chem_Pert_Consensus_Sigs,Oxibendazole Up,1/247,0.0946487846102068,0.0957483995431995,0,0,11.466898954703831,27.03415734979564,EMP1,oxibendazole,LINCS_L1000_Chem_Pert_Consensus_Sigs,Oxibendazole Down,1/248,0.0836487388013027,0.0842981386900492,0,0,13.323886639676113,33.05828058514445,VWF,6.8614968640660035
LINCS_L1000_Chem_Pert_Consensus_Sigs,JW-7-24-1 Up,1/247,0.0946487846102068,0.0957483995431995,0,0,11.466898954703831,27.03415734979564,EMP1,jw-7-24-1,LINCS_L1000_Chem_Pert_Consensus_Sigs,JW-7-24-1 Down,1/248,0.0836487388013027,0.0842981386900492,0,0,13.323886639676113,33.05828058514445,MECOM,6.8614968640660035
LINCS_L1000_Chem_Pert_Consensus_Sigs,GALR2 ALARIN Down,1/249,0.0953819911408738,0.0957483995431995,0,0,11.373271889400922,26.725659126474643,EMP1,galr2,LINCS_L1000_Chem_Pert_Consensus_Sigs,GALR2 M617 Up,1/246,0.0829989442057065,0.0842981386900492,0,0,13.434013605442177,33.4362844427817,NR4A1,6.861469095479881
LINCS_L1000_Chem_Pert_Consensus_Sigs,GALR2 ALARIN Down,1/249,0.0953819911408738,0.0957483995431995,0,0,11.373271889400922,26.725659126474643,EMP1,galr2,LINCS_L1000_Chem_Pert_Consensus_Sigs,GALR2 GALANIN Up,1/246,0.0829989442057065,0.0842981386900492,0,0,13.434013605442177,33.4362844427817,NR4A1,6.861469095479881
LINCS_L1000_Chem_Pert_Consensus_Sigs,LY-225910 Up,1/249,0.0953819911408738,0.0957483995431995,0,0,11.373271889400922,26.725659126474643,EMP1,ly-225910,LINCS_L1000_Chem_Pert_Consensus_Sigs,LY-225910 Down,1/246,0.0829989442057065,0.0842981386900492,0,0,13.434013605442177,33.4362844427817,NR4A1,6.861469095479881
LINCS_L1000_Chem_Pert_Consensus_Sigs,VU-0405166-2 Down,1/249,0.0953819911408738,0.0957483995431995,0,0,11.373271889400922,26.725659126474643,HEXB,vu-0405166-2,LINCS_L1000_Chem_Pert_Consensus_Sigs,VU-0405166-2 Up,1/246,0.0829989442057065,0.0842981386900492,0,0,13.434013605442177,33.4362844427817,MECOM,6.861469095479881
LINCS_L1000_Chem_Pert_Consensus_Sigs,Metitepine Up,1/249,0.0953819911408738,0.0957483995431995,0,0,11.373271889400922,26.725659126474643,EMP1,metitepine,LINCS_L1000_Chem_Pert_Consensus_Sigs,Metitepine Down,1/246,0.0829989442057065,0.0842981386900492,0,0,13.434013605442177,33.4362844427817,VWF,6.861469095479881
LINCS_L1000_Chem_Pert_Consensus_Sigs,SA-90377 Down,1/249,0.0953819911408738,0.0957483995431995,0,0,11.373271889400922,26.725659126474643,EMP1,sa-90377,LINCS_L1000_Chem_Pert_Consensus_Sigs,SA-90377 Up,1/246,0.0829989442057065,0.0842981386900492,0,0,13.434013605442177,33.4362844427817,VWF,6.861469095479881
LINCS_L1000_Chem_Pert_Consensus_Sigs,Tetrindole Up,1/249,0.0953819911408738,0.0957483995431995,0,0,11.373271889400922,26.725659126474643,HEXB,tetrindole,LINCS_L1000_Chem_Pert_Consensus_Sigs,Tetrindole Down,1/246,0.0829989442057065,0.0842981386900492,0,0,13.434013605442177,33.4362844427817,VWF,6.861469095479881
LINCS_L1000_Chem_Pert_Consensus_Sigs,MF-101 Down,1/249,0.0953819911408738,0.0957483995431995,0,0,11.373271889400922,26.725659126474643,PROS1,mf-101,LINCS_L1000_Chem_Pert_Consensus_Sigs,MF-101 Up,1/246,0.0829989442057065,0.0842981386900492,0,0,13.434013605442177,33.4362844427817,NR4A1,6.861469095479881
LINCS_L1000_Chem_Pert_Consensus_Sigs,KU-C103871 Up,1/248,0.0950154528496176,0.0957483995431995,0,0,11.419895893580104,26.879188702856474,EMP1,ku-c103871,LINCS_L1000_Chem_Pert_Consensus_Sigs,KU-C103871 Down,1/247,0.0833238908529418,0.0842981386900492,0,0,13.378726287262872,33.24640194313252,VWF,6.861461992292874
LINCS_L1000_Chem_Pert_Consensus_Sigs,ARN-509 Down,1/248,0.0950154528496176,0.0957483995431995,0,0,11.419895893580104,26.879188702856474,EMP1,arn-509,LINCS_L1000_Chem_Pert_Consensus_Sigs,ARN-509 Up,1/247,0.0833238908529418,0.0842981386900492,0,0,13.378726287262872,33.24640194313252,NR4A1,6.861461992292874
LINCS_L1000_Chem_Pert_Consensus_Sigs,ST-4075437 Up,1/248,0.0950154528496176,0.0957483995431995,0,0,11.419895893580104,26.879188702856474,SOHLH2,st-4075437,LINCS_L1000_Chem_Pert_Consensus_Sigs,ST-4075437 Down,1/247,0.0833238908529418,0.0842981386900492,0,0,13.378726287262872,33.24640194313252,VWF,6.861461992292874
LINCS_L1000_Chem_Pert_Consensus_Sigs,Zolantidine Down,1/248,0.0950154528496176,0.0957483995431995,0,0,11.419895893580104,26.879188702856474,EMP1,zolantidine,LINCS_L1000_Chem_Pert_Consensus_Sigs,Zolantidine Up,1/247,0.0833238908529418,0.0842981386900492,0,0,13.378726287262872,33.24640194313252,VWF,6.861461992292874
LINCS_L1000_Chem_Pert_Consensus_Sigs,Paromomycin Up,1/248,0.0950154528496176,0.0957483995431995,0,0,11.419895893580104,26.879188702856474,PROS1,paromomycin,LINCS_L1000_Chem_Pert_Consensus_Sigs,Paromomycin Down,1/247,0.0833238908529418,0.0842981386900492,0,0,13.378726287262872,33.24640194313252,NR4A1,6.861461992292874
LINCS_L1000_Chem_Pert_Consensus_Sigs,Fatostatin Down,1/248,0.0950154528496176,0.0957483995431995,0,0,11.419895893580104,26.879188702856474,EMP1,fatostatin,LINCS_L1000_Chem_Pert_Consensus_Sigs,Fatostatin Up,1/247,0.0833238908529418,0.0842981386900492,0,0,13.378726287262872,33.24640194313252,MECOM,6.861461992292874
LINCS_L1000_Chem_Pert_Consensus_Sigs,SA-103013 Up,1/248,0.0950154528496176,0.0957483995431995,0,0,11.419895893580104,26.879188702856474,PROS1,sa-103013,LINCS_L1000_Chem_Pert_Consensus_Sigs,SA-103013 Down,1/247,0.0833238908529418,0.0842981386900492,0,0,13.378726287262872,33.24640194313252,VWF,6.861461992292874
LINCS_L1000_Chem_Pert_Consensus_Sigs,Eserine Up,1/248,0.0950154528496176,0.0957483995431995,0,0,11.419895893580104,26.879188702856474,EMP1,eserine,LINCS_L1000_Chem_Pert_Consensus_Sigs,Eserine Down,1/247,0.0833238908529418,0.0842981386900492,0,0,13.378726287262872,33.24640194313252,MECOM,6.861461992292874
LINCS_L1000_Chem_Pert_Consensus_Sigs,Endecaphyllin-X Up,1/248,0.0950154528496176,0.0957483995431995,0,0,11.419895893580104,26.879188702856474,EMP1,endecaphyllin-x,LINCS_L1000_Chem_Pert_Consensus_Sigs,Endecaphyllin-X Down,1/247,0.0833238908529418,0.0842981386900492,0,0,13.378726287262872,33.24640194313252,NR4A1,6.861461992292874
LINCS_L1000_Chem_Pert_Consensus_Sigs,Sulfinpyrazone Down,1/248,0.0950154528496176,0.0957483995431995,0,0,11.419895893580104,26.879188702856474,SOHLH2,sulfinpyrazone,LINCS_L1000_Chem_Pert_Consensus_Sigs,Sulfinpyrazone Up,1/247,0.0833238908529418,0.0842981386900492,0,0,13.378726287262872,33.24640194313252,ANGPT2,6.861461992292874
LINCS_L1000_Chem_Pert_Consensus_Sigs,MW-STK33-2B Up,1/246,0.0942819863760005,0.0957483995431995,0,0,11.514285714285714,27.190584236877303,EMP1,mw-stk33-2b,LINCS_L1000_Chem_Pert_Consensus_Sigs,MW-STK33-2B Down,1/250,0.0842981386900492,0.0842981386900492,0,0,13.21552878179384,32.68722933726048,CLDN5,6.8561068440017845
LINCS_L1000_Chem_Pert_Consensus_Sigs,Diflorasone Down,1/247,0.0946487846102068,0.0957483995431995,0,0,11.466898954703831,27.03415734979564,HEXB,diflorasone,LINCS_L1000_Chem_Pert_Consensus_Sigs,Diflorasone Up,1/249,0.0839734880768169,0.0842981386900492,0,0,13.269489247311828,32.87189728093677,ANGPT2,6.85600935386738
LINCS_L1000_Chem_Pert_Consensus_Sigs,Tromaril Down,1/247,0.0946487846102068,0.0957483995431995,0,0,11.466898954703831,27.03415734979564,EMP1,tromaril,LINCS_L1000_Chem_Pert_Consensus_Sigs,Tromaril Up,1/249,0.0839734880768169,0.0842981386900492,0,0,13.269489247311828,32.87189728093677,NR4A1,6.85600935386738
LINCS_L1000_Chem_Pert_Consensus_Sigs,PTB1 Up,1/248,0.0950154528496176,0.0957483995431995,0,0,11.419895893580104,26.879188702856474,EMP1,ptb1,LINCS_L1000_Chem_Pert_Consensus_Sigs,PTB1 Up,1/248,0.0836487388013027,0.0842981386900492,0,0,13.323886639676113,33.05828058514445,NR4A1,6.85595367787922
LINCS_L1000_Chem_Pert_Consensus_Sigs,Cutamesine Down,1/248,0.0950154528496176,0.0957483995431995,0,0,11.419895893580104,26.879188702856474,EMP1,cutamesine,LINCS_L1000_Chem_Pert_Consensus_Sigs,Cutamesine Up,1/248,0.0836487388013027,0.0842981386900492,0,0,13.323886639676113,33.05828058514445,VWF,6.85595367787922
LINCS_L1000_Chem_Pert_Consensus_Sigs,AS-605240 Down,1/248,0.0950154528496176,0.0957483995431995,0,0,11.419895893580104,26.879188702856474,EMP1,as-605240,LINCS_L1000_Chem_Pert_Consensus_Sigs,AS-605240 Down,1/248,0.0836487388013027,0.0842981386900492,0,0,13.323886639676113,33.05828058514445,NR4A1,6.85595367787922
LINCS_L1000_Chem_Pert_Consensus_Sigs,Fosamprenavir Down,1/248,0.0950154528496176,0.0957483995431995,0,0,11.419895893580104,26.879188702856474,EMP1,fosamprenavir,LINCS_L1000_Chem_Pert_Consensus_Sigs,Fosamprenavir Down,1/248,0.0836487388013027,0.0842981386900492,0,0,13.323886639676113,33.05828058514445,MECOM,6.85595367787922
LINCS_L1000_Chem_Pert_Consensus_Sigs,TWS-119 Down,1/248,0.0950154528496176,0.0957483995431995,0,0,11.419895893580104,26.879188702856474,EMP1,tws-119,LINCS_L1000_Chem_Pert_Consensus_Sigs,TWS-119 Down,1/248,0.0836487388013027,0.0842981386900492,0,0,13.323886639676113,33.05828058514445,NR4A1,6.85595367787922
LINCS_L1000_Chem_Pert_Consensus_Sigs,Donepezil Up,1/248,0.0950154528496176,0.0957483995431995,0,0,11.419895893580104,26.879188702856474,EMP1,donepezil,LINCS_L1000_Chem_Pert_Consensus_Sigs,Donepezil Up,1/248,0.0836487388013027,0.0842981386900492,0,0,13.323886639676113,33.05828058514445,VWF,6.85595367787922
LINCS_L1000_Chem_Pert_Consensus_Sigs,Cutamesine Down,1/248,0.0950154528496176,0.0957483995431995,0,0,11.419895893580104,26.879188702856474,EMP1,cutamesine,LINCS_L1000_Chem_Pert_Consensus_Sigs,Cutamesine Down,1/248,0.0836487388013027,0.0842981386900492,0,0,13.323886639676113,33.05828058514445,MECOM,6.85595367787922
LINCS_L1000_Chem_Pert_Consensus_Sigs,TG-101348 Down,1/248,0.0950154528496176,0.0957483995431995,0,0,11.419895893580104,26.879188702856474,EMP1,tg-101348,LINCS_L1000_Chem_Pert_Consensus_Sigs,TG-101348 Down,1/248,0.0836487388013027,0.0842981386900492,0,0,13.323886639676113,33.05828058514445,MECOM,6.85595367787922
LINCS_L1000_Chem_Pert_Consensus_Sigs,Nafadotride Down,1/248,0.0950154528496176,0.0957483995431995,0,0,11.419895893580104,26.879188702856474,FCN3,nafadotride,LINCS_L1000_Chem_Pert_Consensus_Sigs,Nafadotride Down,1/248,0.0836487388013027,0.0842981386900492,0,0,13.323886639676113,33.05828058514445,NR4A1,6.85595367787922
LINCS_L1000_Chem_Pert_Consensus_Sigs,Tipifarnib Down,1/248,0.0950154528496176,0.0957483995431995,0,0,11.419895893580104,26.879188702856474,EMP1,tipifarnib,LINCS_L1000_Chem_Pert_Consensus_Sigs,Tipifarnib Down,1/248,0.0836487388013027,0.0842981386900492,0,0,13.323886639676113,33.05828058514445,MECOM,6.85595367787922
LINCS_L1000_Chem_Pert_Consensus_Sigs,Trihexyphenidyl Down,1/248,0.0950154528496176,0.0957483995431995,0,0,11.419895893580104,26.879188702856474,FCN3,trihexyphenidyl,LINCS_L1000_Chem_Pert_Consensus_Sigs,Trihexyphenidyl Down,1/248,0.0836487388013027,0.0842981386900492,0,0,13.323886639676113,33.05828058514445,MECOM,6.85595367787922
LINCS_L1000_Chem_Pert_Consensus_Sigs,EPZ-5676 Up,1/248,0.0950154528496176,0.0957483995431995,0,0,11.419895893580104,26.879188702856474,EMP1,epz-5676,LINCS_L1000_Chem_Pert_Consensus_Sigs,EPZ-5676 Up,1/248,0.0836487388013027,0.0842981386900492,0,0,13.323886639676113,33.05828058514445,MECOM,6.85595367787922
LINCS_L1000_Chem_Pert_Consensus_Sigs,AS-605240 Up,1/248,0.0950154528496176,0.0957483995431995,0,0,11.419895893580104,26.879188702856474,FCN3,as-605240,LINCS_L1000_Chem_Pert_Consensus_Sigs,AS-605240 Down,1/248,0.0836487388013027,0.0842981386900492,0,0,13.323886639676113,33.05828058514445,NR4A1,6.85595367787922
LINCS_L1000_Chem_Pert_Consensus_Sigs,SANT-2 Up,1/248,0.0950154528496176,0.0957483995431995,0,0,11.419895893580104,26.879188702856474,EMP1,sant-2,LINCS_L1000_Chem_Pert_Consensus_Sigs,SANT-2 Up,1/248,0.0836487388013027,0.0842981386900492,0,0,13.323886639676113,33.05828058514445,NR4A1,6.85595367787922
LINCS_L1000_Chem_Pert_Consensus_Sigs,BG-STK33-03 Up,1/248,0.0950154528496176,0.0957483995431995,0,0,11.419895893580104,26.879188702856474,EMP1,bg-stk33-03,LINCS_L1000_Chem_Pert_Consensus_Sigs,BG-STK33-03 Up,1/248,0.0836487388013027,0.0842981386900492,0,0,13.323886639676113,33.05828058514445,MECOM,6.85595367787922
LINCS_L1000_Chem_Pert_Consensus_Sigs,SA-1921617 Up,1/248,0.0950154528496176,0.0957483995431995,0,0,11.419895893580104,26.879188702856474,PROS1,sa-1921617,LINCS_L1000_Chem_Pert_Consensus_Sigs,SA-1921617 Up,1/248,0.0836487388013027,0.0842981386900492,0,0,13.323886639676113,33.05828058514445,VWF,6.85595367787922
LINCS_L1000_Chem_Pert_Consensus_Sigs,Propylthiouracil Down,1/248,0.0950154528496176,0.0957483995431995,0,0,11.419895893580104,26.879188702856474,PROS1,propylthiouracil,LINCS_L1000_Chem_Pert_Consensus_Sigs,Propylthiouracil Down,1/248,0.0836487388013027,0.0842981386900492,0,0,13.323886639676113,33.05828058514445,NR4A1,6.85595367787922
LINCS_L1000_Chem_Pert_Consensus_Sigs,SPB02137 Down,1/248,0.0950154528496176,0.0957483995431995,0,0,11.419895893580104,26.879188702856474,EMP1,spb02137,LINCS_L1000_Chem_Pert_Consensus_Sigs,SPB02137 Down,1/248,0.0836487388013027,0.0842981386900492,0,0,13.323886639676113,33.05828058514445,VWF,6.85595367787922
LINCS_L1000_Chem_Pert_Consensus_Sigs,Tosufloxacin Down,1/248,0.0950154528496176,0.0957483995431995,0,0,11.419895893580104,26.879188702856474,HEXB,tosufloxacin,LINCS_L1000_Chem_Pert_Consensus_Sigs,Tosufloxacin Up,1/248,0.0836487388013027,0.0842981386900492,0,0,13.323886639676113,33.05828058514445,ANGPT2,6.85595367787922
LINCS_L1000_Chem_Pert_Consensus_Sigs,SA-1459002 Up,1/248,0.0950154528496176,0.0957483995431995,0,0,11.419895893580104,26.879188702856474,EMP1,sa-1459002,LINCS_L1000_Chem_Pert_Consensus_Sigs,SA-1459002 Up,1/248,0.0836487388013027,0.0842981386900492,0,0,13.323886639676113,33.05828058514445,MECOM,6.85595367787922
LINCS_L1000_Chem_Pert_Consensus_Sigs,Niacin Down,1/248,0.0950154528496176,0.0957483995431995,0,0,11.419895893580104,26.879188702856474,EMP1,niacin,LINCS_L1000_Chem_Pert_Consensus_Sigs,Niacin Down,1/248,0.0836487388013027,0.0842981386900492,0,0,13.323886639676113,33.05828058514445,NR4A1,6.85595367787922
LINCS_L1000_Chem_Pert_Consensus_Sigs,Thonzonium Down,1/248,0.0950154528496176,0.0957483995431995,0,0,11.419895893580104,26.879188702856474,PROS1,thonzonium,LINCS_L1000_Chem_Pert_Consensus_Sigs,Thonzonium Down,1/248,0.0836487388013027,0.0842981386900492,0,0,13.323886639676113,33.05828058514445,VWF,6.85595367787922
LINCS_L1000_Chem_Pert_Consensus_Sigs,Tyrphostin Up,1/248,0.0950154528496176,0.0957483995431995,0,0,11.419895893580104,26.879188702856474,FCN3,tyrphostin,LINCS_L1000_Chem_Pert_Consensus_Sigs,Tyrphostin Up,1/248,0.0836487388013027,0.0842981386900492,0,0,13.323886639676113,33.05828058514445,MECOM,6.85595367787922
LINCS_L1000_Chem_Pert_Consensus_Sigs,Lawsone Up,1/248,0.0950154528496176,0.0957483995431995,0,0,11.419895893580104,26.879188702856474,EMP1,lawsone,LINCS_L1000_Chem_Pert_Consensus_Sigs,Lawsone Up,1/248,0.0836487388013027,0.0842981386900492,0,0,13.323886639676113,33.05828058514445,MECOM,6.85595367787922
LINCS_L1000_Chem_Pert_Consensus_Sigs,MW-STK33-100 Up,1/248,0.0950154528496176,0.0957483995431995,0,0,11.419895893580104,26.879188702856474,EMP1,mw-stk33-100,LINCS_L1000_Chem_Pert_Consensus_Sigs,MW-STK33-100 Up,1/248,0.0836487388013027,0.0842981386900492,0,0,13.323886639676113,33.05828058514445,MECOM,6.85595367787922
LINCS_L1000_Chem_Pert_Consensus_Sigs,Rhamnetin Up,1/248,0.0950154528496176,0.0957483995431995,0,0,11.419895893580104,26.879188702856474,EMP1,rhamnetin,LINCS_L1000_Chem_Pert_Consensus_Sigs,Rhamnetin Up,1/248,0.0836487388013027,0.0842981386900492,0,0,13.323886639676113,33.05828058514445,VWF,6.85595367787922
LINCS_L1000_Chem_Pert_Consensus_Sigs,Quinoclamine Up,1/248,0.0950154528496176,0.0957483995431995,0,0,11.419895893580104,26.879188702856474,FCN3,quinoclamine,LINCS_L1000_Chem_Pert_Consensus_Sigs,Quinoclamine Up,1/248,0.0836487388013027,0.0842981386900492,0,0,13.323886639676113,33.05828058514445,VWF,6.85595367787922
LINCS_L1000_Chem_Pert_Consensus_Sigs,PD-166793 Down,1/248,0.0950154528496176,0.0957483995431995,0,0,11.419895893580104,26.879188702856474,HEXB,pd-166793,LINCS_L1000_Chem_Pert_Consensus_Sigs,PD-166793 Down,1/248,0.0836487388013027,0.0842981386900492,0,0,13.323886639676113,33.05828058514445,VWF,6.85595367787922
LINCS_L1000_Chem_Pert_Consensus_Sigs,Tenidap Down,1/248,0.0950154528496176,0.0957483995431995,0,0,11.419895893580104,26.879188702856474,FCN3,tenidap,LINCS_L1000_Chem_Pert_Consensus_Sigs,Tenidap Down,1/248,0.0836487388013027,0.0842981386900492,0,0,13.323886639676113,33.05828058514445,NR4A1,6.85595367787922
LINCS_L1000_Chem_Pert_Consensus_Sigs,SA-1921783 Down,1/248,0.0950154528496176,0.0957483995431995,0,0,11.419895893580104,26.879188702856474,EMP1,sa-1921783,LINCS_L1000_Chem_Pert_Consensus_Sigs,SA-1921783 Down,1/248,0.0836487388013027,0.0842981386900492,0,0,13.323886639676113,33.05828058514445,MECOM,6.85595367787922
LINCS_L1000_Chem_Pert_Consensus_Sigs,Beclomethasone-Dipropionate Up,1/248,0.0950154528496176,0.0957483995431995,0,0,11.419895893580104,26.879188702856474,PROS1,beclomethasone-dipropionate,LINCS_L1000_Chem_Pert_Consensus_Sigs,Beclomethasone-Dipropionate Up,1/248,0.0836487388013027,0.0842981386900492,0,0,13.323886639676113,33.05828058514445,VWF,6.85595367787922
LINCS_L1000_Chem_Pert_Consensus_Sigs,AZ-628 Down,1/248,0.0950154528496176,0.0957483995431995,0,0,11.419895893580104,26.879188702856474,EMP1,az-628,LINCS_L1000_Chem_Pert_Consensus_Sigs,AZ-628 Down,1/248,0.0836487388013027,0.0842981386900492,0,0,13.323886639676113,33.05828058514445,NR4A1,6.85595367787922
LINCS_L1000_Chem_Pert_Consensus_Sigs,Trametinib Down,1/248,0.0950154528496176,0.0957483995431995,0,0,11.419895893580104,26.879188702856474,EMP1,trametinib,LINCS_L1000_Chem_Pert_Consensus_Sigs,Trametinib Down,1/248,0.0836487388013027,0.0842981386900492,0,0,13.323886639676113,33.05828058514445,NR4A1,6.85595367787922
LINCS_L1000_Chem_Pert_Consensus_Sigs,Tonabersat Up,1/248,0.0950154528496176,0.0957483995431995,0,0,11.419895893580104,26.879188702856474,EMP1,tonabersat,LINCS_L1000_Chem_Pert_Consensus_Sigs,Tonabersat Up,1/248,0.0836487388013027,0.0842981386900492,0,0,13.323886639676113,33.05828058514445,VWF,6.85595367787922
LINCS_L1000_Chem_Pert_Consensus_Sigs,Endecaphyllin-X Up,1/248,0.0950154528496176,0.0957483995431995,0,0,11.419895893580104,26.879188702856474,EMP1,endecaphyllin-x,LINCS_L1000_Chem_Pert_Consensus_Sigs,Endecaphyllin-X Up,1/248,0.0836487388013027,0.0842981386900492,0,0,13.323886639676113,33.05828058514445,MECOM,6.85595367787922
LINCS_L1000_Chem_Pert_Consensus_Sigs,CI-994 Up,1/248,0.0950154528496176,0.0957483995431995,0,0,11.419895893580104,26.879188702856474,HEXB,ci-994,LINCS_L1000_Chem_Pert_Consensus_Sigs,CI-994 Up,1/248,0.0836487388013027,0.0842981386900492,0,0,13.323886639676113,33.05828058514445,NR4A1,6.85595367787922
LINCS_L1000_Chem_Pert_Consensus_Sigs,SB-277011A-DIHYDROCHLORIDE Up,1/248,0.0950154528496176,0.0957483995431995,0,0,11.419895893580104,26.879188702856474,HEXB,sb-277011a-dihydrochloride,LINCS_L1000_Chem_Pert_Consensus_Sigs,SB-277011A-DIHYDROCHLORIDE Down,1/248,0.0836487388013027,0.0842981386900492,0,0,13.323886639676113,33.05828058514445,NR4A1,6.85595367787922
LINCS_L1000_Chem_Pert_Consensus_Sigs,Clofibrate Up,1/248,0.0950154528496176,0.0957483995431995,0,0,11.419895893580104,26.879188702856474,EMP1,clofibrate,LINCS_L1000_Chem_Pert_Consensus_Sigs,Clofibrate Up,1/248,0.0836487388013027,0.0842981386900492,0,0,13.323886639676113,33.05828058514445,VWF,6.85595367787922
LINCS_L1000_Chem_Pert_Consensus_Sigs,Dazoxiben Up,1/248,0.0950154528496176,0.0957483995431995,0,0,11.419895893580104,26.879188702856474,EMP1,dazoxiben,LINCS_L1000_Chem_Pert_Consensus_Sigs,Dazoxiben Up,1/248,0.0836487388013027,0.0842981386900492,0,0,13.323886639676113,33.05828058514445,MECOM,6.85595367787922
LINCS_L1000_Chem_Pert_Consensus_Sigs,AZD-8330 Down,1/248,0.0950154528496176,0.0957483995431995,0,0,11.419895893580104,26.879188702856474,EMP1,azd-8330,LINCS_L1000_Chem_Pert_Consensus_Sigs,AZD-8330 Down,1/248,0.0836487388013027,0.0842981386900492,0,0,13.323886639676113,33.05828058514445,NR4A1,6.85595367787922
LINCS_L1000_Chem_Pert_Consensus_Sigs,Pelitinib Down,1/248,0.0950154528496176,0.0957483995431995,0,0,11.419895893580104,26.879188702856474,EMP1,pelitinib,LINCS_L1000_Chem_Pert_Consensus_Sigs,Pelitinib Down,1/248,0.0836487388013027,0.0842981386900492,0,0,13.323886639676113,33.05828058514445,NR4A1,6.85595367787922
LINCS_L1000_Chem_Pert_Consensus_Sigs,Tolterodine Down,1/248,0.0950154528496176,0.0957483995431995,0,0,11.419895893580104,26.879188702856474,EMP1,tolterodine,LINCS_L1000_Chem_Pert_Consensus_Sigs,Tolterodine Down,1/248,0.0836487388013027,0.0842981386900492,0,0,13.323886639676113,33.05828058514445,MECOM,6.85595367787922
LINCS_L1000_Chem_Pert_Consensus_Sigs,Vancomycin Up,1/248,0.0950154528496176,0.0957483995431995,0,0,11.419895893580104,26.879188702856474,PROS1,vancomycin,LINCS_L1000_Chem_Pert_Consensus_Sigs,Vancomycin Up,1/248,0.0836487388013027,0.0842981386900492,0,0,13.323886639676113,33.05828058514445,VWF,6.85595367787922
LINCS_L1000_Chem_Pert_Consensus_Sigs,HC-030031 Down,1/248,0.0950154528496176,0.0957483995431995,0,0,11.419895893580104,26.879188702856474,EMP1,hc-030031,LINCS_L1000_Chem_Pert_Consensus_Sigs,HC-030031 Down,1/248,0.0836487388013027,0.0842981386900492,0,0,13.323886639676113,33.05828058514445,ANGPT2,6.85595367787922
LINCS_L1000_Chem_Pert_Consensus_Sigs,Aceclidine Up,1/248,0.0950154528496176,0.0957483995431995,0,0,11.419895893580104,26.879188702856474,EMP1,aceclidine,LINCS_L1000_Chem_Pert_Consensus_Sigs,Aceclidine Up,1/248,0.0836487388013027,0.0842981386900492,0,0,13.323886639676113,33.05828058514445,MECOM,6.85595367787922
LINCS_L1000_Chem_Pert_Consensus_Sigs,TPCA-1 Down,1/248,0.0950154528496176,0.0957483995431995,0,0,11.419895893580104,26.879188702856474,EMP1,tpca-1,LINCS_L1000_Chem_Pert_Consensus_Sigs,TPCA-1 Down,1/248,0.0836487388013027,0.0842981386900492,0,0,13.323886639676113,33.05828058514445,NR4A1,6.85595367787922
LINCS_L1000_Chem_Pert_Consensus_Sigs,Paromomycin Up,1/248,0.0950154528496176,0.0957483995431995,0,0,11.419895893580104,26.879188702856474,PROS1,paromomycin,LINCS_L1000_Chem_Pert_Consensus_Sigs,Paromomycin Up,1/248,0.0836487388013027,0.0842981386900492,0,0,13.323886639676113,33.05828058514445,ANGPT2,6.85595367787922
LINCS_L1000_Chem_Pert_Consensus_Sigs,Tiletamine Up,1/248,0.0950154528496176,0.0957483995431995,0,0,11.419895893580104,26.879188702856474,PROS1,tiletamine,LINCS_L1000_Chem_Pert_Consensus_Sigs,Tiletamine Up,1/248,0.0836487388013027,0.0842981386900492,0,0,13.323886639676113,33.05828058514445,MECOM,6.85595367787922
LINCS_L1000_Chem_Pert_Consensus_Sigs,Homochlorcyclizine Down,1/248,0.0950154528496176,0.0957483995431995,0,0,11.419895893580104,26.879188702856474,EMP1,homochlorcyclizine,LINCS_L1000_Chem_Pert_Consensus_Sigs,Homochlorcyclizine Down,1/248,0.0836487388013027,0.0842981386900492,0,0,13.323886639676113,33.05828058514445,VWF,6.85595367787922
LINCS_L1000_Chem_Pert_Consensus_Sigs,Methyl-Methacrylate Up,1/248,0.0950154528496176,0.0957483995431995,0,0,11.419895893580104,26.879188702856474,EMP1,methyl-methacrylate,LINCS_L1000_Chem_Pert_Consensus_Sigs,Methyl-Methacrylate Up,1/248,0.0836487388013027,0.0842981386900492,0,0,13.323886639676113,33.05828058514445,MECOM,6.85595367787922
LINCS_L1000_Chem_Pert_Consensus_Sigs,Ficz Up,1/248,0.0950154528496176,0.0957483995431995,0,0,11.419895893580104,26.879188702856474,EMP1,ficz,LINCS_L1000_Chem_Pert_Consensus_Sigs,Ficz Up,1/248,0.0836487388013027,0.0842981386900492,0,0,13.323886639676113,33.05828058514445,VWF,6.85595367787922
LINCS_L1000_Chem_Pert_Consensus_Sigs,KIN001-127 Up,1/248,0.0950154528496176,0.0957483995431995,0,0,11.419895893580104,26.879188702856474,EMP1,kin001-127,LINCS_L1000_Chem_Pert_Consensus_Sigs,KIN001-127 Up,1/248,0.0836487388013027,0.0842981386900492,0,0,13.323886639676113,33.05828058514445,CLDN5,6.85595367787922
LINCS_L1000_Chem_Pert_Consensus_Sigs,VGX-1027 Down,1/248,0.0950154528496176,0.0957483995431995,0,0,11.419895893580104,26.879188702856474,EMP1,vgx-1027,LINCS_L1000_Chem_Pert_Consensus_Sigs,VGX-1027 Down,1/248,0.0836487388013027,0.0842981386900492,0,0,13.323886639676113,33.05828058514445,VWF,6.85595367787922
LINCS_L1000_Chem_Pert_Consensus_Sigs,Didanosine Up,1/248,0.0950154528496176,0.0957483995431995,0,0,11.419895893580104,26.879188702856474,EMP1,didanosine,LINCS_L1000_Chem_Pert_Consensus_Sigs,Didanosine Up,1/248,0.0836487388013027,0.0842981386900492,0,0,13.323886639676113,33.05828058514445,VWF,6.85595367787922
LINCS_L1000_Chem_Pert_Consensus_Sigs,BRL-37344 Down,1/248,0.0950154528496176,0.0957483995431995,0,0,11.419895893580104,26.879188702856474,EMP1,brl-37344,LINCS_L1000_Chem_Pert_Consensus_Sigs,BRL-37344 Down,1/248,0.0836487388013027,0.0842981386900492,0,0,13.323886639676113,33.05828058514445,VWF,6.85595367787922
LINCS_L1000_Chem_Pert_Consensus_Sigs,STK-674938 Up,1/248,0.0950154528496176,0.0957483995431995,0,0,11.419895893580104,26.879188702856474,FCN3,stk-674938,LINCS_L1000_Chem_Pert_Consensus_Sigs,STK-674938 Up,1/248,0.0836487388013027,0.0842981386900492,0,0,13.323886639676113,33.05828058514445,VWF,6.85595367787922
LINCS_L1000_Chem_Pert_Consensus_Sigs,AG-490 Down,1/248,0.0950154528496176,0.0957483995431995,0,0,11.419895893580104,26.879188702856474,SOHLH2,ag-490,LINCS_L1000_Chem_Pert_Consensus_Sigs,AG-490 Down,1/248,0.0836487388013027,0.0842981386900492,0,0,13.323886639676113,33.05828058514445,MECOM,6.85595367787922
LINCS_L1000_Chem_Pert_Consensus_Sigs,BMS-707035 Down,1/248,0.0950154528496176,0.0957483995431995,0,0,11.419895893580104,26.879188702856474,EMP1,bms-707035,LINCS_L1000_Chem_Pert_Consensus_Sigs,BMS-707035 Down,1/248,0.0836487388013027,0.0842981386900492,0,0,13.323886639676113,33.05828058514445,ANGPT2,6.85595367787922
LINCS_L1000_Chem_Pert_Consensus_Sigs,SA-427137 Up,1/248,0.0950154528496176,0.0957483995431995,0,0,11.419895893580104,26.879188702856474,EMP1,sa-427137,LINCS_L1000_Chem_Pert_Consensus_Sigs,SA-427137 Up,1/248,0.0836487388013027,0.0842981386900492,0,0,13.323886639676113,33.05828058514445,VWF,6.85595367787922
LINCS_L1000_Chem_Pert_Consensus_Sigs,Hispidin Up,1/248,0.0950154528496176,0.0957483995431995,0,0,11.419895893580104,26.879188702856474,EMP1,hispidin,LINCS_L1000_Chem_Pert_Consensus_Sigs,Hispidin Up,1/248,0.0836487388013027,0.0842981386900492,0,0,13.323886639676113,33.05828058514445,CLDN5,6.85595367787922
LINCS_L1000_Chem_Pert_Consensus_Sigs,SA-1938756 Up,1/248,0.0950154528496176,0.0957483995431995,0,0,11.419895893580104,26.879188702856474,EMP1,sa-1938756,LINCS_L1000_Chem_Pert_Consensus_Sigs,SA-1938756 Up,1/248,0.0836487388013027,0.0842981386900492,0,0,13.323886639676113,33.05828058514445,NR4A1,6.85595367787922
LINCS_L1000_Chem_Pert_Consensus_Sigs,BAY-11-7085 Up,1/248,0.0950154528496176,0.0957483995431995,0,0,11.419895893580104,26.879188702856474,EMP1,bay-11-7085,LINCS_L1000_Chem_Pert_Consensus_Sigs,BAY-11-7085 Up,1/248,0.0836487388013027,0.0842981386900492,0,0,13.323886639676113,33.05828058514445,NR4A1,6.85595367787922
LINCS_L1000_Chem_Pert_Consensus_Sigs,Triphenyl-Phosphate Down,1/248,0.0950154528496176,0.0957483995431995,0,0,11.419895893580104,26.879188702856474,EMP1,triphenyl-phosphate,LINCS_L1000_Chem_Pert_Consensus_Sigs,Triphenyl-Phosphate Down,1/248,0.0836487388013027,0.0842981386900492,0,0,13.323886639676113,33.05828058514445,MECOM,6.85595367787922
LINCS_L1000_Chem_Pert_Consensus_Sigs,SA-424827 Down,1/248,0.0950154528496176,0.0957483995431995,0,0,11.419895893580104,26.879188702856474,EMP1,sa-424827,LINCS_L1000_Chem_Pert_Consensus_Sigs,SA-424827 Down,1/248,0.0836487388013027,0.0842981386900492,0,0,13.323886639676113,33.05828058514445,VWF,6.85595367787922
LINCS_L1000_Chem_Pert_Consensus_Sigs,Alizarin Up,1/248,0.0950154528496176,0.0957483995431995,0,0,11.419895893580104,26.879188702856474,EMP1,alizarin,LINCS_L1000_Chem_Pert_Consensus_Sigs,Alizarin Down,1/248,0.0836487388013027,0.0842981386900492,0,0,13.323886639676113,33.05828058514445,CKMT2,6.85595367787922
LINCS_L1000_Chem_Pert_Consensus_Sigs,ARN-509 Down,1/248,0.0950154528496176,0.0957483995431995,0,0,11.419895893580104,26.879188702856474,EMP1,arn-509,LINCS_L1000_Chem_Pert_Consensus_Sigs,ARN-509 Down,1/248,0.0836487388013027,0.0842981386900492,0,0,13.323886639676113,33.05828058514445,VWF,6.85595367787922
LINCS_L1000_Chem_Pert_Consensus_Sigs,Pirinixic-Acid Down,1/248,0.0950154528496176,0.0957483995431995,0,0,11.419895893580104,26.879188702856474,EMP1,pirinixic-acid,LINCS_L1000_Chem_Pert_Consensus_Sigs,Pirinixic-Acid Down,1/248,0.0836487388013027,0.0842981386900492,0,0,13.323886639676113,33.05828058514445,MECOM,6.85595367787922
LINCS_L1000_Chem_Pert_Consensus_Sigs,SB-200646 Down,1/248,0.0950154528496176,0.0957483995431995,0,0,11.419895893580104,26.879188702856474,EMP1,sb-200646,LINCS_L1000_Chem_Pert_Consensus_Sigs,SB-200646 Down,1/248,0.0836487388013027,0.0842981386900492,0,0,13.323886639676113,33.05828058514445,MECOM,6.85595367787922
LINCS_L1000_Chem_Pert_Consensus_Sigs,BIBX-1382 Down,1/248,0.0950154528496176,0.0957483995431995,0,0,11.419895893580104,26.879188702856474,EMP1,bibx-1382,LINCS_L1000_Chem_Pert_Consensus_Sigs,BIBX-1382 Down,1/248,0.0836487388013027,0.0842981386900492,0,0,13.323886639676113,33.05828058514445,VWF,6.85595367787922
LINCS_L1000_Chem_Pert_Consensus_Sigs,Moroxydine Up,1/248,0.0950154528496176,0.0957483995431995,0,0,11.419895893580104,26.879188702856474,FCN3,moroxydine,LINCS_L1000_Chem_Pert_Consensus_Sigs,Moroxydine Up,1/248,0.0836487388013027,0.0842981386900492,0,0,13.323886639676113,33.05828058514445,MECOM,6.85595367787922
LINCS_L1000_Chem_Pert_Consensus_Sigs,Enalapril Down,1/248,0.0950154528496176,0.0957483995431995,0,0,11.419895893580104,26.879188702856474,EMP1,enalapril,LINCS_L1000_Chem_Pert_Consensus_Sigs,Enalapril Down,1/248,0.0836487388013027,0.0842981386900492,0,0,13.323886639676113,33.05828058514445,MECOM,6.85595367787922
LINCS_L1000_Chem_Pert_Consensus_Sigs,Aklomide Down,1/248,0.0950154528496176,0.0957483995431995,0,0,11.419895893580104,26.879188702856474,PROS1,aklomide,LINCS_L1000_Chem_Pert_Consensus_Sigs,Aklomide Down,1/248,0.0836487388013027,0.0842981386900492,0,0,13.323886639676113,33.05828058514445,VWF,6.85595367787922
LINCS_L1000_Chem_Pert_Consensus_Sigs,Sinensetin Down,1/248,0.0950154528496176,0.0957483995431995,0,0,11.419895893580104,26.879188702856474,EMP1,sinensetin,LINCS_L1000_Chem_Pert_Consensus_Sigs,Sinensetin Down,1/248,0.0836487388013027,0.0842981386900492,0,0,13.323886639676113,33.05828058514445,NR4A1,6.85595367787922
LINCS_L1000_Chem_Pert_Consensus_Sigs,HG-5-88-01 Down,1/248,0.0950154528496176,0.0957483995431995,0,0,11.419895893580104,26.879188702856474,FCN3,hg-5-88-01,LINCS_L1000_Chem_Pert_Consensus_Sigs,HG-5-88-01 Down,1/248,0.0836487388013027,0.0842981386900492,0,0,13.323886639676113,33.05828058514445,MECOM,6.85595367787922
LINCS_L1000_Chem_Pert_Consensus_Sigs,RGFP-966 Up,1/248,0.0950154528496176,0.0957483995431995,0,0,11.419895893580104,26.879188702856474,EMP1,rgfp-966,LINCS_L1000_Chem_Pert_Consensus_Sigs,RGFP-966 Up,1/248,0.0836487388013027,0.0842981386900492,0,0,13.323886639676113,33.05828058514445,MECOM,6.85595367787922
LINCS_L1000_Chem_Pert_Consensus_Sigs,Ethionamide Down,1/248,0.0950154528496176,0.0957483995431995,0,0,11.419895893580104,26.879188702856474,EMP1,ethionamide,LINCS_L1000_Chem_Pert_Consensus_Sigs,Ethionamide Down,1/248,0.0836487388013027,0.0842981386900492,0,0,13.323886639676113,33.05828058514445,MECOM,6.85595367787922
LINCS_L1000_Chem_Pert_Consensus_Sigs,Tacedinaline Up,1/248,0.0950154528496176,0.0957483995431995,0,0,11.419895893580104,26.879188702856474,EMP1,tacedinaline,LINCS_L1000_Chem_Pert_Consensus_Sigs,Tacedinaline Up,1/248,0.0836487388013027,0.0842981386900492,0,0,13.323886639676113,33.05828058514445,CLDN5,6.85595367787922
LINCS_L1000_Chem_Pert_Consensus_Sigs,Avermectin Down,1/248,0.0950154528496176,0.0957483995431995,0,0,11.419895893580104,26.879188702856474,EMP1,avermectin,LINCS_L1000_Chem_Pert_Consensus_Sigs,Avermectin Down,1/248,0.0836487388013027,0.0842981386900492,0,0,13.323886639676113,33.05828058514445,MECOM,6.85595367787922
LINCS_L1000_Chem_Pert_Consensus_Sigs,YM-155 Up,1/248,0.0950154528496176,0.0957483995431995,0,0,11.419895893580104,26.879188702856474,EMP1,ym-155,LINCS_L1000_Chem_Pert_Consensus_Sigs,YM-155 Up,1/248,0.0836487388013027,0.0842981386900492,0,0,13.323886639676113,33.05828058514445,NR4A1,6.85595367787922
LINCS_L1000_Chem_Pert_Consensus_Sigs,Pravastatin-Lactone Up,1/248,0.0950154528496176,0.0957483995431995,0,0,11.419895893580104,26.879188702856474,FCN3,pravastatin-lactone,LINCS_L1000_Chem_Pert_Consensus_Sigs,Pravastatin-Lactone Up,1/248,0.0836487388013027,0.0842981386900492,0,0,13.323886639676113,33.05828058514445,VWF,6.85595367787922
LINCS_L1000_Chem_Pert_Consensus_Sigs,MW-STK33-1C Down,1/248,0.0950154528496176,0.0957483995431995,0,0,11.419895893580104,26.879188702856474,FCN3,mw-stk33-1c,LINCS_L1000_Chem_Pert_Consensus_Sigs,MW-STK33-1C Down,1/248,0.0836487388013027,0.0842981386900492,0,0,13.323886639676113,33.05828058514445,CLDN5,6.85595367787922
LINCS_L1000_Chem_Pert_Consensus_Sigs,Fenticonazole Up,1/249,0.0953819911408738,0.0957483995431995,0,0,11.373271889400922,26.725659126474643,FCN3,fenticonazole,LINCS_L1000_Chem_Pert_Consensus_Sigs,Fenticonazole Down,1/247,0.0833238908529418,0.0842981386900492,0,0,13.378726287262872,33.24640194313252,ANGPT2,6.855939813111554
LINCS_L1000_Chem_Pert_Consensus_Sigs,BG-1012 Down,1/249,0.0953819911408738,0.0957483995431995,0,0,11.373271889400922,26.725659126474643,FCN3,bg-1012,LINCS_L1000_Chem_Pert_Consensus_Sigs,BG-1012 Up,1/247,0.0833238908529418,0.0842981386900492,0,0,13.378726287262872,33.24640194313252,VWF,6.855939813111554
LINCS_L1000_Chem_Pert_Consensus_Sigs,Trifluoperazine Up,1/249,0.0953819911408738,0.0957483995431995,0,0,11.373271889400922,26.725659126474643,EMP1,trifluoperazine,LINCS_L1000_Chem_Pert_Consensus_Sigs,Trifluoperazine Down,1/247,0.0833238908529418,0.0842981386900492,0,0,13.378726287262872,33.24640194313252,MECOM,6.855939813111554
LINCS_L1000_Chem_Pert_Consensus_Sigs,Amorolfine Down,1/249,0.0953819911408738,0.0957483995431995,0,0,11.373271889400922,26.725659126474643,SOHLH2,amorolfine,LINCS_L1000_Chem_Pert_Consensus_Sigs,Amorolfine Up,1/247,0.0833238908529418,0.0842981386900492,0,0,13.378726287262872,33.24640194313252,MECOM,6.855939813111554
LINCS_L1000_Chem_Pert_Consensus_Sigs,Iniparib Up,1/249,0.0953819911408738,0.0957483995431995,0,0,11.373271889400922,26.725659126474643,EMP1,iniparib,LINCS_L1000_Chem_Pert_Consensus_Sigs,Iniparib Down,1/247,0.0833238908529418,0.0842981386900492,0,0,13.378726287262872,33.24640194313252,NR4A1,6.855939813111554
LINCS_L1000_Chem_Pert_Consensus_Sigs,Zopiclone Down,1/247,0.0946487846102068,0.0957483995431995,0,0,11.466898954703831,27.03415734979564,PROS1,zopiclone,LINCS_L1000_Chem_Pert_Consensus_Sigs,Zopiclone Up,1/250,0.0842981386900492,0.0842981386900492,0,0,13.21552878179384,32.68722933726048,VWF,6.850542486166586
LINCS_L1000_Chem_Pert_Consensus_Sigs,I-CBP112 Up,1/248,0.0950154528496176,0.0957483995431995,0,0,11.419895893580104,26.879188702856474,FCN3,i-cbp112,LINCS_L1000_Chem_Pert_Consensus_Sigs,I-CBP112 Down,1/249,0.0839734880768169,0.0842981386900492,0,0,13.269489247311828,32.87189728093677,ANGPT2,6.8504661676805965
LINCS_L1000_Chem_Pert_Consensus_Sigs,Trans-Bis-Q Down,1/248,0.0950154528496176,0.0957483995431995,0,0,11.419895893580104,26.879188702856474,EMP1,trans-bis-q,LINCS_L1000_Chem_Pert_Consensus_Sigs,Trans-Bis-Q Up,1/249,0.0839734880768169,0.0842981386900492,0,0,13.269489247311828,32.87189728093677,MECOM,6.8504661676805965
LINCS_L1000_Chem_Pert_Consensus_Sigs,ABT-702 Down,1/250,0.0957483995431995,0.0957483995431995,0,0,11.327022375215146,26.57354977580402,SOHLH2,abt-702,LINCS_L1000_Chem_Pert_Consensus_Sigs,ABT-702 Up,1/247,0.0833238908529418,0.0842981386900492,0,0,13.378726287262872,33.24640194313252,MECOM,6.85043847819851
LINCS_L1000_Chem_Pert_Consensus_Sigs,Diphenylpyraline Up,1/249,0.0953819911408738,0.0957483995431995,0,0,11.373271889400922,26.725659126474643,EMP1,diphenylpyraline,LINCS_L1000_Chem_Pert_Consensus_Sigs,Diphenylpyraline Down,1/248,0.0836487388013027,0.0842981386900492,0,0,13.323886639676113,33.05828058514445,NR4A1,6.850431498697899
LINCS_L1000_Chem_Pert_Consensus_Sigs,Ingenol-Mebutate Up,1/249,0.0953819911408738,0.0957483995431995,0,0,11.373271889400922,26.725659126474643,EMP1,ingenol-mebutate,LINCS_L1000_Chem_Pert_Consensus_Sigs,Ingenol-Mebutate Down,1/248,0.0836487388013027,0.0842981386900492,0,0,13.323886639676113,33.05828058514445,MECOM,6.850431498697899
LINCS_L1000_Chem_Pert_Consensus_Sigs,MW-SHH-28 Up,1/249,0.0953819911408738,0.0957483995431995,0,0,11.373271889400922,26.725659126474643,FCN3,mw-shh-28,LINCS_L1000_Chem_Pert_Consensus_Sigs,MW-SHH-28 Up,1/249,0.0839734880768169,0.0842981386900492,0,0,13.269489247311828,32.87189728093677,MECOM,6.844943988499276
LINCS_L1000_Chem_Pert_Consensus_Sigs,SA-424755 Up,1/249,0.0953819911408738,0.0957483995431995,0,0,11.373271889400922,26.725659126474643,EMP1,sa-424755,LINCS_L1000_Chem_Pert_Consensus_Sigs,SA-424755 Up,1/249,0.0839734880768169,0.0842981386900492,0,0,13.269489247311828,32.87189728093677,MECOM,6.844943988499276
LINCS_L1000_Chem_Pert_Consensus_Sigs,Almotriptan Up,1/249,0.0953819911408738,0.0957483995431995,0,0,11.373271889400922,26.725659126474643,PROS1,almotriptan,LINCS_L1000_Chem_Pert_Consensus_Sigs,Almotriptan Up,1/249,0.0839734880768169,0.0842981386900492,0,0,13.269489247311828,32.87189728093677,MECOM,6.844943988499276
LINCS_L1000_Chem_Pert_Consensus_Sigs,Levomepromazine Up,1/249,0.0953819911408738,0.0957483995431995,0,0,11.373271889400922,26.725659126474643,EMP1,levomepromazine,LINCS_L1000_Chem_Pert_Consensus_Sigs,Levomepromazine Up,1/249,0.0839734880768169,0.0842981386900492,0,0,13.269489247311828,32.87189728093677,MECOM,6.844943988499276
LINCS_L1000_Chem_Pert_Consensus_Sigs,Macelignan Up,1/249,0.0953819911408738,0.0957483995431995,0,0,11.373271889400922,26.725659126474643,EMP1,macelignan,LINCS_L1000_Chem_Pert_Consensus_Sigs,Macelignan Up,1/249,0.0839734880768169,0.0842981386900492,0,0,13.269489247311828,32.87189728093677,NR4A1,6.844943988499276
LINCS_L1000_Chem_Pert_Consensus_Sigs,Monoethylhexylphthalate Up,1/249,0.0953819911408738,0.0957483995431995,0,0,11.373271889400922,26.725659126474643,EMP1,monoethylhexylphthalate,LINCS_L1000_Chem_Pert_Consensus_Sigs,Monoethylhexylphthalate Up,1/249,0.0839734880768169,0.0842981386900492,0,0,13.269489247311828,32.87189728093677,NR4A1,6.844943988499276
LINCS_L1000_Chem_Pert_Consensus_Sigs,I-303059 Down,1/249,0.0953819911408738,0.0957483995431995,0,0,11.373271889400922,26.725659126474643,EMP1,i-303059,LINCS_L1000_Chem_Pert_Consensus_Sigs,I-303059 Down,1/249,0.0839734880768169,0.0842981386900492,0,0,13.269489247311828,32.87189728093677,MECOM,6.844943988499276
LINCS_L1000_Chem_Pert_Consensus_Sigs,Andarine Down,1/249,0.0953819911408738,0.0957483995431995,0,0,11.373271889400922,26.725659126474643,HEXB,andarine,LINCS_L1000_Chem_Pert_Consensus_Sigs,Andarine Down,1/249,0.0839734880768169,0.0842981386900492,0,0,13.269489247311828,32.87189728093677,CLDN5,6.844943988499276
LINCS_L1000_Chem_Pert_Consensus_Sigs,EMF-sumo1-6 Down,1/249,0.0953819911408738,0.0957483995431995,0,0,11.373271889400922,26.725659126474643,EMP1,emf-sumo1-6,LINCS_L1000_Chem_Pert_Consensus_Sigs,EMF-sumo1-6 Down,1/249,0.0839734880768169,0.0842981386900492,0,0,13.269489247311828,32.87189728093677,MECOM,6.844943988499276
LINCS_L1000_Chem_Pert_Consensus_Sigs,Lead-Acetate Up,1/249,0.0953819911408738,0.0957483995431995,0,0,11.373271889400922,26.725659126474643,EMP1,lead-acetate,LINCS_L1000_Chem_Pert_Consensus_Sigs,Lead-Acetate Up,1/249,0.0839734880768169,0.0842981386900492,0,0,13.269489247311828,32.87189728093677,VWF,6.844943988499276
LINCS_L1000_Chem_Pert_Consensus_Sigs,Methylhydrazine-Sulfate Down,1/249,0.0953819911408738,0.0957483995431995,0,0,11.373271889400922,26.725659126474643,EMP1,methylhydrazine-sulfate,LINCS_L1000_Chem_Pert_Consensus_Sigs,Methylhydrazine-Sulfate Down,1/249,0.0839734880768169,0.0842981386900492,0,0,13.269489247311828,32.87189728093677,MECOM,6.844943988499276
LINCS_L1000_Chem_Pert_Consensus_Sigs,SA-1459031 Up,1/249,0.0953819911408738,0.0957483995431995,0,0,11.373271889400922,26.725659126474643,EMP1,sa-1459031,LINCS_L1000_Chem_Pert_Consensus_Sigs,SA-1459031 Up,1/249,0.0839734880768169,0.0842981386900492,0,0,13.269489247311828,32.87189728093677,VWF,6.844943988499276
LINCS_L1000_Chem_Pert_Consensus_Sigs,KUC103424N Down,1/249,0.0953819911408738,0.0957483995431995,0,0,11.373271889400922,26.725659126474643,EMP1,kuc103424n,LINCS_L1000_Chem_Pert_Consensus_Sigs,KUC103424N Down,1/249,0.0839734880768169,0.0842981386900492,0,0,13.269489247311828,32.87189728093677,NR4A1,6.844943988499276
LINCS_L1000_Chem_Pert_Consensus_Sigs,Sulpiride Down,1/249,0.0953819911408738,0.0957483995431995,0,0,11.373271889400922,26.725659126474643,PROS1,sulpiride,LINCS_L1000_Chem_Pert_Consensus_Sigs,Sulpiride Down,1/249,0.0839734880768169,0.0842981386900492,0,0,13.269489247311828,32.87189728093677,VWF,6.844943988499276
LINCS_L1000_Chem_Pert_Consensus_Sigs,L-368899 Down,1/249,0.0953819911408738,0.0957483995431995,0,0,11.373271889400922,26.725659126474643,EMP1,l-368899,LINCS_L1000_Chem_Pert_Consensus_Sigs,L-368899 Down,1/249,0.0839734880768169,0.0842981386900492,0,0,13.269489247311828,32.87189728093677,MECOM,6.844943988499276
LINCS_L1000_Chem_Pert_Consensus_Sigs,Tetrindole Up,1/249,0.0953819911408738,0.0957483995431995,0,0,11.373271889400922,26.725659126474643,HEXB,tetrindole,LINCS_L1000_Chem_Pert_Consensus_Sigs,Tetrindole Up,1/249,0.0839734880768169,0.0842981386900492,0,0,13.269489247311828,32.87189728093677,NR4A1,6.844943988499276
LINCS_L1000_Chem_Pert_Consensus_Sigs,Dutasteride Down,1/249,0.0953819911408738,0.0957483995431995,0,0,11.373271889400922,26.725659126474643,EMP1,dutasteride,LINCS_L1000_Chem_Pert_Consensus_Sigs,Dutasteride Down,1/249,0.0839734880768169,0.0842981386900492,0,0,13.269489247311828,32.87189728093677,CKMT2,6.844943988499276
LINCS_L1000_Chem_Pert_Consensus_Sigs,Deoxycorticosterone-Acetate Up,1/249,0.0953819911408738,0.0957483995431995,0,0,11.373271889400922,26.725659126474643,FCN3,deoxycorticosterone-acetate,LINCS_L1000_Chem_Pert_Consensus_Sigs,Deoxycorticosterone-Acetate Up,1/249,0.0839734880768169,0.0842981386900492,0,0,13.269489247311828,32.87189728093677,MECOM,6.844943988499276
LINCS_L1000_Chem_Pert_Consensus_Sigs,Sulfanitran Down,1/249,0.0953819911408738,0.0957483995431995,0,0,11.373271889400922,26.725659126474643,EMP1,sulfanitran,LINCS_L1000_Chem_Pert_Consensus_Sigs,Sulfanitran Down,1/249,0.0839734880768169,0.0842981386900492,0,0,13.269489247311828,32.87189728093677,NR4A1,6.844943988499276
LINCS_L1000_Chem_Pert_Consensus_Sigs,KN-93 Down,1/249,0.0953819911408738,0.0957483995431995,0,0,11.373271889400922,26.725659126474643,FCN3,kn-93,LINCS_L1000_Chem_Pert_Consensus_Sigs,KN-93 Down,1/249,0.0839734880768169,0.0842981386900492,0,0,13.269489247311828,32.87189728093677,MECOM,6.844943988499276
LINCS_L1000_Chem_Pert_Consensus_Sigs,Roxithromycin Down,1/249,0.0953819911408738,0.0957483995431995,0,0,11.373271889400922,26.725659126474643,EMP1,roxithromycin,LINCS_L1000_Chem_Pert_Consensus_Sigs,Roxithromycin Down,1/249,0.0839734880768169,0.0842981386900492,0,0,13.269489247311828,32.87189728093677,MECOM,6.844943988499276
LINCS_L1000_Chem_Pert_Consensus_Sigs,Navarixin Up,1/249,0.0953819911408738,0.0957483995431995,0,0,11.373271889400922,26.725659126474643,EMP1,navarixin,LINCS_L1000_Chem_Pert_Consensus_Sigs,Navarixin Up,1/249,0.0839734880768169,0.0842981386900492,0,0,13.269489247311828,32.87189728093677,MECOM,6.844943988499276
LINCS_L1000_Chem_Pert_Consensus_Sigs,Butylscopolammonium Down,1/249,0.0953819911408738,0.0957483995431995,0,0,11.373271889400922,26.725659126474643,PROS1,butylscopolammonium,LINCS_L1000_Chem_Pert_Consensus_Sigs,Butylscopolammonium Down,1/249,0.0839734880768169,0.0842981386900492,0,0,13.269489247311828,32.87189728093677,NR4A1,6.844943988499276
LINCS_L1000_Chem_Pert_Consensus_Sigs,Chlorhexidine Down,1/249,0.0953819911408738,0.0957483995431995,0,0,11.373271889400922,26.725659126474643,EMP1,chlorhexidine,LINCS_L1000_Chem_Pert_Consensus_Sigs,Chlorhexidine Down,1/249,0.0839734880768169,0.0842981386900492,0,0,13.269489247311828,32.87189728093677,VWF,6.844943988499276
LINCS_L1000_Chem_Pert_Consensus_Sigs,Sulindac Up,1/249,0.0953819911408738,0.0957483995431995,0,0,11.373271889400922,26.725659126474643,FCN3,sulindac,LINCS_L1000_Chem_Pert_Consensus_Sigs,Sulindac Up,1/249,0.0839734880768169,0.0842981386900492,0,0,13.269489247311828,32.87189728093677,MECOM,6.844943988499276
LINCS_L1000_Chem_Pert_Consensus_Sigs,Robustic-Acid Up,1/249,0.0953819911408738,0.0957483995431995,0,0,11.373271889400922,26.725659126474643,FCN3,robustic-acid,LINCS_L1000_Chem_Pert_Consensus_Sigs,Robustic-Acid Up,1/249,0.0839734880768169,0.0842981386900492,0,0,13.269489247311828,32.87189728093677,VWF,6.844943988499276
LINCS_L1000_Chem_Pert_Consensus_Sigs,Ibrutinib Down,1/249,0.0953819911408738,0.0957483995431995,0,0,11.373271889400922,26.725659126474643,EMP1,ibrutinib,LINCS_L1000_Chem_Pert_Consensus_Sigs,Ibrutinib Down,1/249,0.0839734880768169,0.0842981386900492,0,0,13.269489247311828,32.87189728093677,NR4A1,6.844943988499276
LINCS_L1000_Chem_Pert_Consensus_Sigs,HG-9-91-01 Down,1/249,0.0953819911408738,0.0957483995431995,0,0,11.373271889400922,26.725659126474643,EMP1,hg-9-91-01,LINCS_L1000_Chem_Pert_Consensus_Sigs,HG-9-91-01 Down,1/249,0.0839734880768169,0.0842981386900492,0,0,13.269489247311828,32.87189728093677,MECOM,6.844943988499276
LINCS_L1000_Chem_Pert_Consensus_Sigs,CMAP-PRISM-TP7 Up,1/249,0.0953819911408738,0.0957483995431995,0,0,11.373271889400922,26.725659126474643,FCN3,cmap-prism-tp7,LINCS_L1000_Chem_Pert_Consensus_Sigs,CMAP-PRISM-TP7 Up,1/249,0.0839734880768169,0.0842981386900492,0,0,13.269489247311828,32.87189728093677,VWF,6.844943988499276
LINCS_L1000_Chem_Pert_Consensus_Sigs,Amoxicillin Up,1/249,0.0953819911408738,0.0957483995431995,0,0,11.373271889400922,26.725659126474643,EMP1,amoxicillin,LINCS_L1000_Chem_Pert_Consensus_Sigs,Amoxicillin Up,1/249,0.0839734880768169,0.0842981386900492,0,0,13.269489247311828,32.87189728093677,MECOM,6.844943988499276
LINCS_L1000_Chem_Pert_Consensus_Sigs,GO-6976 Down,1/249,0.0953819911408738,0.0957483995431995,0,0,11.373271889400922,26.725659126474643,EMP1,go-6976,LINCS_L1000_Chem_Pert_Consensus_Sigs,GO-6976 Down,1/249,0.0839734880768169,0.0842981386900492,0,0,13.269489247311828,32.87189728093677,MECOM,6.844943988499276
LINCS_L1000_Chem_Pert_Consensus_Sigs,Mocetinostat Up,1/249,0.0953819911408738,0.0957483995431995,0,0,11.373271889400922,26.725659126474643,EMP1,mocetinostat,LINCS_L1000_Chem_Pert_Consensus_Sigs,Mocetinostat Up,1/249,0.0839734880768169,0.0842981386900492,0,0,13.269489247311828,32.87189728093677,NR4A1,6.844943988499276
LINCS_L1000_Chem_Pert_Consensus_Sigs,MF-101 Down,1/249,0.0953819911408738,0.0957483995431995,0,0,11.373271889400922,26.725659126474643,PROS1,mf-101,LINCS_L1000_Chem_Pert_Consensus_Sigs,MF-101 Down,1/249,0.0839734880768169,0.0842981386900492,0,0,13.269489247311828,32.87189728093677,ANGPT2,6.844943988499276
LINCS_L1000_Chem_Pert_Consensus_Sigs,Ganciclovir Down,1/249,0.0953819911408738,0.0957483995431995,0,0,11.373271889400922,26.725659126474643,EMP1,ganciclovir,LINCS_L1000_Chem_Pert_Consensus_Sigs,Ganciclovir Down,1/249,0.0839734880768169,0.0842981386900492,0,0,13.269489247311828,32.87189728093677,MECOM,6.844943988499276
LINCS_L1000_Chem_Pert_Consensus_Sigs,PD-158780 Down,1/249,0.0953819911408738,0.0957483995431995,0,0,11.373271889400922,26.725659126474643,EMP1,pd-158780,LINCS_L1000_Chem_Pert_Consensus_Sigs,PD-158780 Down,1/249,0.0839734880768169,0.0842981386900492,0,0,13.269489247311828,32.87189728093677,NR4A1,6.844943988499276
LINCS_L1000_Chem_Pert_Consensus_Sigs,SJB-shh-31 Down,1/249,0.0953819911408738,0.0957483995431995,0,0,11.373271889400922,26.725659126474643,EMP1,sjb-shh-31,LINCS_L1000_Chem_Pert_Consensus_Sigs,SJB-shh-31 Down,1/249,0.0839734880768169,0.0842981386900492,0,0,13.269489247311828,32.87189728093677,CLDN5,6.844943988499276
LINCS_L1000_Chem_Pert_Consensus_Sigs,KUC103893N Up,1/249,0.0953819911408738,0.0957483995431995,0,0,11.373271889400922,26.725659126474643,EMP1,kuc103893n,LINCS_L1000_Chem_Pert_Consensus_Sigs,KUC103893N Up,1/249,0.0839734880768169,0.0842981386900492,0,0,13.269489247311828,32.87189728093677,CLDN5,6.844943988499276
LINCS_L1000_Chem_Pert_Consensus_Sigs,SMER-28 Up,1/249,0.0953819911408738,0.0957483995431995,0,0,11.373271889400922,26.725659126474643,EMP1,smer-28,LINCS_L1000_Chem_Pert_Consensus_Sigs,SMER-28 Down,1/250,0.0842981386900492,0.0842981386900492,0,0,13.21552878179384,32.68722933726048,NR4A1,6.839477120798482
LINCS_L1000_Chem_Pert_Consensus_Sigs,Dinorcitalopram-Oxalate Down,1/250,0.0957483995431995,0.0957483995431995,0,0,11.327022375215146,26.57354977580402,FCN3,dinorcitalopram-oxalate,LINCS_L1000_Chem_Pert_Consensus_Sigs,Dinorcitalopram-Oxalate Down,1/250,0.0842981386900492,0.0842981386900492,0,0,13.21552878179384,32.68722933726048,MECOM,6.833975785885437
LINCS_L1000_Chem_Pert_Consensus_Sigs,Mozavaptan Down,1/250,0.0957483995431995,0.0957483995431995,0,0,11.327022375215146,26.57354977580402,HEXB,mozavaptan,LINCS_L1000_Chem_Pert_Consensus_Sigs,Mozavaptan Down,1/250,0.0842981386900492,0.0842981386900492,0,0,13.21552878179384,32.68722933726048,NR4A1,6.833975785885437
LINCS_L1000_Chem_Pert_Consensus_Sigs,SA-1921599 Down,1/250,0.0957483995431995,0.0957483995431995,0,0,11.327022375215146,26.57354977580402,FCN3,sa-1921599,LINCS_L1000_Chem_Pert_Consensus_Sigs,SA-1921599 Down,1/250,0.0842981386900492,0.0842981386900492,0,0,13.21552878179384,32.68722933726048,NR4A1,6.833975785885437
LINCS_L1000_Chem_Pert_Consensus_Sigs,Chlorobenzene Up,1/250,0.0957483995431995,0.0957483995431995,0,0,11.327022375215146,26.57354977580402,EMP1,chlorobenzene,LINCS_L1000_Chem_Pert_Consensus_Sigs,Chlorobenzene Up,1/250,0.0842981386900492,0.0842981386900492,0,0,13.21552878179384,32.68722933726048,MECOM,6.833975785885437
LINCS_L1000_Chem_Pert_Consensus_Sigs,Flurandrenolide Up,1/250,0.0957483995431995,0.0957483995431995,0,0,11.327022375215146,26.57354977580402,PROS1,flurandrenolide,LINCS_L1000_Chem_Pert_Consensus_Sigs,Flurandrenolide Up,1/250,0.0842981386900492,0.0842981386900492,0,0,13.21552878179384,32.68722933726048,MECOM,6.833975785885437
LINCS_L1000_Chem_Pert_Consensus_Sigs,SA-97259 Down,1/250,0.0957483995431995,0.0957483995431995,0,0,11.327022375215146,26.57354977580402,FCN3,sa-97259,LINCS_L1000_Chem_Pert_Consensus_Sigs,SA-97259 Down,1/250,0.0842981386900492,0.0842981386900492,0,0,13.21552878179384,32.68722933726048,MECOM,6.833975785885437
LINCS_L1000_Chem_Pert_Consensus_Sigs,NSC-693868 Up,1/250,0.0957483995431995,0.0957483995431995,0,0,11.327022375215146,26.57354977580402,EMP1,nsc-693868,LINCS_L1000_Chem_Pert_Consensus_Sigs,NSC-693868 Up,1/250,0.0842981386900492,0.0842981386900492,0,0,13.21552878179384,32.68722933726048,MECOM,6.833975785885437
