gene_set_library,Name,Term,ES,NES,NOM p-val,FDR q-val,FWER p-val,Tag %,Gene %,Lead_genes
GO_Biological_Process_2023,prerank,Regulation Of MAPK Cascade (GO:0043408),0.8828167059056027,1.6822974725336344,0.01059322033898305,1.0,0.306,3/22,1.21%,IL6;REN;EGF
GO_Biological_Process_2023,prerank,Defense Response To Bacterium (GO:0042742),0.8294633959578517,1.6642855908657461,0.029469548133595286,0.9531597888339658,0.348,6/28,6.41%,RPS19;IL6;ANXA3;COLEC12;FPR2;OAS2
GO_Biological_Process_2023,prerank,Negative Regulation Of Cytokine Production (GO:0001818),0.8688118193531759,1.6376594715967274,0.02526315789473684,0.8160232263966878,0.427,1/19,0.18%,IL6
GO_Biological_Process_2023,prerank,Defense Response To Gram-positive Bacterium (GO:0050830),0.9020391410864856,1.575206333192458,0.024896265560165973,1.0,0.641,1/12,0.18%,IL6
GO_Biological_Process_2023,prerank,Cellular Response To Oxygen-Containing Compound (GO:1901701),0.7599248363498133,1.5656319214166412,0.029182879377431907,0.9367034013414924,0.683,6/40,5.55%,IL6;PDGFRA;SLC13A2;CXCL10;TPM1;LAMTOR2
GO_Biological_Process_2023,prerank,Regulation Of Fat Cell Differentiation (GO:0045598),0.8946789353374303,1.5649909826586463,0.021834061135371178,0.784469681057137,0.687,2/14,1.07%,IL6;ADIG
GO_Biological_Process_2023,prerank,Regulation Of Cytokine Production (GO:0001817),0.8000178837629556,1.5352800624985026,0.042316258351893093,0.8712939420793734,0.797,2/23,0.75%,IL6;BCL6
GO_Biological_Process_2023,prerank,Negative Regulation Of Inflammatory Response (GO:0050728),0.8806882172109962,1.5352198962290795,0.03225806451612903,0.7629283183734054,0.799,1/14,0.11%,RPS19
GO_Biological_Process_2023,prerank,Cytokine-Mediated Signaling Pathway (GO:0019221),0.7719229167606444,1.5259023105798883,0.04375,0.7325276910366461,0.833,11/30,15.09%,IL6;IL3RA;CXCL10;OAS2;NFKBIA;IL2RG;SMAD4;GPR75;PYCARD;IL2RB;BIRC3
GO_Biological_Process_2023,prerank,protein-RNA Complex Assembly (GO:0022618),0.9039744670755862,1.5117737764675383,0.03680981595092025,0.7395180149272541,0.875,2/11,5.27%,RPS19;SNRPG
GO_Biological_Process_2023,prerank,Positive Regulation Of Multicellular Organismal Process (GO:0051240),0.7210902563704176,1.505255428758723,0.04365079365079365,0.7080350789199318,0.891,6/43,4.98%,RPS19;IL6;EGF;GATM;PDGFC;ALPL
GO_Biological_Process_2023,prerank,Axonogenesis (GO:0007409),-0.8745823549164367,-1.493548326525586,0.024074074074074074,1.0,0.816,3/12,4.98%,ROBO4;CYFIP1;DOCK7
GO_Biological_Process_2023,prerank,Regulation Of I-kappaB kinase/NF-kappaB Signaling (GO:0043122),0.8282967113157855,1.4789173678704544,0.05421686746987952,0.8006105330962149,0.939,2/15,1.00%,CANT1;HSPB1
GO_Biological_Process_2023,prerank,Regulation Of Kinase Activity (GO:0043549),0.8882332404883222,1.4781182143678249,0.03536345776031434,0.7445143041182978,0.94,2/11,0.46%,PDGFRA;EMP2
GO_Biological_Process_2023,prerank,rRNA Metabolic Process (GO:0016072),0.8829276061293967,1.4735032291477084,0.04310344827586207,0.7156760173717871,0.943,1/11,0.11%,RPS19
GO_Biological_Process_2023,prerank,Cellular Response To Lipid (GO:0071396),0.7672022033427436,1.4635902234638696,0.06813627254509018,0.7211684147144078,0.96,2/23,4.63%,IL6;CXCL10
GO_Biological_Process_2023,prerank,Defense Response To Virus (GO:0051607),0.770514648253147,1.4628144479808056,0.058577405857740586,0.6804643412263873,0.96,4/21,6.41%,IL6;PMAIP1;CXCL10;OAS2
GO_Biological_Process_2023,prerank,Positive Regulation Of Lymphocyte Proliferation (GO:0050671),0.8894954164545033,1.4616263697175895,0.037037037037037035,0.6466049598812541,0.962,1/10,0.18%,IL6
GO_Biological_Process_2023,prerank,Ribosome Biogenesis (GO:0042254),0.8448104651756806,1.453452274887862,0.06396588486140725,0.6491130622031158,0.967,1/13,0.11%,RPS19
GO_Biological_Process_2023,prerank,Axon Guidance (GO:0007411),-0.8240857080068356,-1.4523115972713396,0.040293040293040296,1.0,0.933,2/13,0.85%,ROBO4;CYFIP1
GO_Biological_Process_2023,prerank,Regulation Of Response To External Stimulus (GO:0032101),0.7724787167635903,1.4522782472476106,0.06680161943319839,0.6208511350211189,0.967,4/21,8.61%,PDGFRA;BCL6;CD55;MGLL
GO_Biological_Process_2023,prerank,Defense Response To Symbiont (GO:0140546),0.7773668487646911,1.4508100688131624,0.07926829268292683,0.5965076386652289,0.967,3/18,6.41%,IL6;PMAIP1;OAS2
GO_Biological_Process_2023,prerank,Regulation Of T Cell Proliferation (GO:0042129),0.8693197678945889,1.4500379028392987,0.0425531914893617,0.5720553747383597,0.967,1/12,0.18%,IL6
GO_Biological_Process_2023,prerank,Ribonucleoprotein Complex Biogenesis (GO:0022613),0.8721501267020371,1.44546985535836,0.06637168141592921,0.5639258449251028,0.971,1/11,0.11%,RPS19
GO_Biological_Process_2023,prerank,rRNA Processing (GO:0006364),0.8798641821833667,1.4418917538011238,0.05394190871369295,0.5537172320957273,0.975,1/10,0.11%,RPS19
GO_Biological_Process_2023,prerank,Ribosomal Small Subunit Biogenesis (GO:0042274),0.8853442067376255,1.441792903236869,0.06387665198237885,0.5309490802328241,0.975,1/10,0.11%,RPS19
GO_Biological_Process_2023,prerank,Positive Regulation Of NF-kappaB Transcription Factor Activity (GO:0051092),0.8797912835730471,1.4312572337127885,0.06302521008403361,0.5530511251452817,0.984,1/10,0.18%,IL6
GO_Biological_Process_2023,prerank,Positive Regulation Of Inflammatory Response (GO:0050729),0.8344806755319137,1.4282236205528802,0.055445544554455446,0.5428703457353703,0.987,2/13,0.18%,RPS19;IL6
GO_Biological_Process_2023,prerank,Protein Phosphorylation (GO:0006468),0.6954686155084765,1.4266768928594502,0.07766990291262135,0.5285893065429004,0.988,6/39,8.51%,PDGFRA;PCK1;RUNX3;CLK1;MAK;SRMS
GO_Biological_Process_2023,prerank,Positive Regulation Of DNA-binding Transcription Factor Activity (GO:0051091),0.7631146901809985,1.421337835815386,0.08158995815899582,0.5297874936736209,0.989,3/20,7.08%,IL6;ANXA3;CEBPG
GO_Biological_Process_2023,prerank,Cellular Response To Organic Cyclic Compound (GO:0071407),-0.755655643293001,-1.4151518910029839,0.050387596899224806,1.0,0.983,6/18,24.48%,GOLPH3;AQP1;TGM2;P2RY12;SFRP1;BRCA1
GO_Biological_Process_2023,prerank,Organelle Organization (GO:0006996),0.7453829542425279,1.4147905460155366,0.08264462809917356,0.5352719996407492,0.994,7/22,11.10%,GOLGA8CP;KIF25;PLEKHF1;TPM1;MSTO1;KRT16;GOLGA8K
GO_Biological_Process_2023,prerank,Gene Expression (GO:0010467),0.7225396752709616,1.4131943144232304,0.08333333333333333,0.5225267108229594,0.995,5/28,8.43%,RPS19;ANGPT2;RPS24;RPL41;RPL21
GO_Biological_Process_2023,prerank,Translation (GO:0006412),0.7269692061268499,1.3991626658045924,0.08961303462321792,0.556830034108726,0.996,1/24,0.11%,RPS19
GO_Biological_Process_2023,prerank,Neuron Development (GO:0048666),0.8488711844887894,1.3945201117534527,0.07306889352818371,0.5578606136137678,0.997,3/10,2.35%,IL6;RUNX3;PBX2P1
GO_Biological_Process_2023,prerank,Regulation Of Phosphatidylinositol 3-Kinase Signaling (GO:0014066),0.8138275109890571,1.394249193168021,0.09052631578947369,0.5417942323547746,0.997,3/13,4.70%,PDGFRA;EGF;PDGFC
GO_Biological_Process_2023,prerank,Cytoplasmic Translation (GO:0002181),0.8003692883891553,1.3920967453298914,0.082,0.533868853998407,0.997,4/14,8.43%,RPS19;RPS24;RPL41;RPL21
GO_Biological_Process_2023,prerank,Peptide Biosynthetic Process (GO:0043043),0.7510511038137188,1.3912582860347165,0.07231404958677685,0.5211120024165268,0.998,4/21,8.43%,RPS19;RPS24;RPL41;RPL21
GO_Biological_Process_2023,prerank,Positive Regulation Of MAPK Cascade (GO:0043410),0.6963255844841554,1.390913526289456,0.07045009784735812,0.5078502669137428,0.998,5/31,5.69%,IL6;PDGFRA;EGF;PDGFC;FPR2
GO_Biological_Process_2023,prerank,Positive Regulation Of Intracellular Signal Transduction (GO:1902533),0.6462941906046876,1.3889056112840745,0.07751937984496124,0.5014061714102322,0.998,9/56,5.55%,IL6;PDGFRA;CANT1;EGF;PMAIP1;PDGFC;PLEKHF1;AKR1C2;LAMTOR2
GO_Biological_Process_2023,prerank,Cellular Response To Lipopolysaccharide (GO:0071222),0.8340411272683577,1.38855263165357,0.10504201680672269,0.48909272747774807,0.998,2/10,4.63%,IL6;CXCL10
GO_Biological_Process_2023,prerank,Cellular Response To Molecule Of Bacterial Origin (GO:0071219),0.8329859990168994,1.3877169737504,0.11064718162839249,0.47980059653004353,0.998,2/10,4.63%,IL6;CXCL10
GO_Biological_Process_2023,prerank,Regulation Of Interleukin-1 Beta Production (GO:0032651),0.8326600586111971,1.3828953713313745,0.09504132231404959,0.4846988643524288,0.998,2/11,1.00%,IL6;HSPB1
GO_Biological_Process_2023,prerank,Positive Regulation Of Phosphatidylinositol 3-Kinase Signaling (GO:0014068),0.8138439944929031,1.366894192532293,0.10272536687631027,0.5249846905649822,0.999,3/12,4.70%,PDGFRA;EGF;PDGFC
GO_Biological_Process_2023,prerank,Regulation Of Mitotic Cell Cycle (GO:0007346),0.8223297911302071,1.3607839690404726,0.10736842105263159,0.5343298172334903,1.0,1/11,0.60%,CKS2
GO_Biological_Process_2023,prerank,Regulation Of Protein Secretion (GO:0050708),0.8217807473223441,1.3600102807813117,0.1031578947368421,0.5241388204023826,1.0,1/11,0.18%,IL6
GO_Biological_Process_2023,prerank,Positive Regulation Of Transferase Activity (GO:0051347),0.7940062952649688,1.35383300553637,0.11290322580645161,0.531158701687877,1.0,1/12,0.28%,PDGFRA
GO_Biological_Process_2023,prerank,Negative Regulation Of Cellular Component Organization (GO:0051129),-0.7525035765379114,-1.3525257376891435,0.10526315789473684,1.0,0.997,6/14,24.88%,PEX5;APOM;BMP6;APOA1;VEGFA;LGALS3
GO_Biological_Process_2023,prerank,Positive Regulation Of Protein Metabolic Process (GO:0051247),0.7700225381880784,1.3455070862816902,0.12658227848101267,0.5456012521840872,1.0,3/13,8.04%,IL6;KLF2;NFKBIA
GO_Biological_Process_2023,prerank,Positive Regulation Of Signal Transduction (GO:0009967),0.67344780666204,1.3416402539674743,0.12096774193548387,0.5453592361395654,1.0,5/29,7.22%,IL6;EMP2;NOTCH2NLB;SHANK1;KLF2
GO_Biological_Process_2023,prerank,Regulation Of Endothelial Cell Migration (GO:0010594),0.7677252029446848,1.3294887359542633,0.1384297520661157,0.5739749988901837,1.0,4/15,9.89%,EMP2;EGF;ANXA3;DLL4
GO_Biological_Process_2023,prerank,Adenylate Cyclase-Modulating G Protein-Coupled Receptor Signaling Pathway (GO:0007188),0.7235325384493709,1.3259041668871803,0.1111111111111111,0.5733339868091243,1.0,5/18,9.15%,GNAT3;CXCL10;FPR2;ADGRG5;UCN3
GO_Biological_Process_2023,prerank,External Encapsulating Structure Organization (GO:0045229),0.7665403602451217,1.3112179789391452,0.16304347826086957,0.5952552056348284,1.0,4/12,13.84%,MATN3;COL23A1;ADAMTS14;MATN2
GO_Biological_Process_2023,prerank,Extracellular Structure Organization (GO:0043062),0.7665403602451217,1.3112179789391452,0.16304347826086957,0.5952552056348284,1.0,4/12,13.84%,MATN3;COL23A1;ADAMTS14;MATN2
GO_Biological_Process_2023,prerank,Positive Regulation Of Apoptotic Process (GO:0043065),0.6755274152612702,1.310040210570315,0.13441955193482688,0.5870672747835499,1.0,3/27,1.53%,IL6;BCL6;PMAIP1
GO_Biological_Process_2023,prerank,Negative Regulation Of Multicellular Organismal Process (GO:0051241),0.7215323186136716,1.3091403096119398,0.12578616352201258,0.5788301849803257,1.0,1/17,0.11%,RPS19
GO_Biological_Process_2023,prerank,Macromolecule Biosynthetic Process (GO:0009059),0.6879229869284924,1.305820670022286,0.13034188034188035,0.5791472352293555,1.0,1/24,0.11%,RPS19
GO_Biological_Process_2023,prerank,Intracellular Protein Transport (GO:0006886),0.7496758348414068,1.3055541494543472,0.16447368421052633,0.5692852893782696,1.0,2/14,8.22%,NPAP1;STX19
GO_Biological_Process_2023,prerank,Positive Regulation Of Programmed Cell Death (GO:0043068),0.6652893597234059,1.300293391933364,0.134,0.5740273925170233,1.0,3/27,1.53%,IL6;BCL6;PMAIP1
GO_Biological_Process_2023,prerank,Non-Membrane-Bounded Organelle Assembly (GO:0140694),0.7921513023816514,1.3002543680358971,0.16344086021505377,0.5638289147034053,1.0,1/10,0.14%,GOLGA8CP
GO_Biological_Process_2023,prerank,Positive Regulation Of I-kappaB kinase/NF-kappaB Signaling (GO:0043123),0.7636007166607176,1.299472342179572,0.17016806722689076,0.5559555842822858,1.0,1/11,0.89%,CANT1
GO_Biological_Process_2023,prerank,Positive Regulation Of Kinase Activity (GO:0033674),0.7861057838306376,1.2987344102254246,0.15670103092783505,0.5484541837017021,1.0,1/11,0.28%,PDGFRA
GO_Biological_Process_2023,prerank,Regulation Of Angiogenesis (GO:0045765),0.647468264534679,1.2984081036919353,0.130879345603272,0.5403184673919932,1.0,6/33,5.48%,IL6;EMP2;HSPB1;CXCL10;SERPINF1;ANXA3
GO_Biological_Process_2023,prerank,Positive Regulation Of Macromolecule Biosynthetic Process (GO:0010557),0.7801401915925684,1.2968352428688614,0.1648590021691974,0.5356335681178497,1.0,2/11,1.21%,IL6;EGF
GO_Biological_Process_2023,prerank,Cell-Cell Adhesion Via Plasma-Membrane Adhesion Molecules (GO:0098742),-0.7121779677621968,-1.2950673331200617,0.15520628683693516,1.0,0.999,4/16,5.69%,ROBO4;PECAM1;CLDN5;ITGAL
GO_Biological_Process_2023,prerank,Epidermis Development (GO:0008544),-0.7891597398219361,-1.2946289114184513,0.11731843575418995,1.0,1.0,3/10,7.58%,GRHL3;WAS;GLI1
GO_Biological_Process_2023,prerank,Endocytosis (GO:0006897),-0.7084888677984345,-1.2927866676924846,0.1450381679389313,1.0,1.0,2/16,3.59%,PECAM1;DNM3
GO_Biological_Process_2023,prerank,Protein Localization To Plasma Membrane (GO:0072659),0.7878948787995399,1.2890796410995795,0.18046709129511676,0.53829721976165,1.0,3/10,10.82%,EMP2;PLEKHF1;KCNIP3
GO_Biological_Process_2023,prerank,Protein Localization To Cell Periphery (GO:1990778),0.7878948787995399,1.2890796410995795,0.18046709129511676,0.53829721976165,1.0,3/10,10.82%,EMP2;PLEKHF1;KCNIP3
GO_Biological_Process_2023,prerank,Regulation Of Inflammatory Response (GO:0050727),0.6480967669553037,1.2881261706700198,0.15145228215767634,0.5323649444467783,1.0,9/30,15.09%,IL6;BCL6;FPR2;NFKBIA;MGLL;TNFAIP6;HYAL2;PYCARD;BIRC3
GO_Biological_Process_2023,prerank,Endomembrane System Organization (GO:0010256),0.7683675377183736,1.2818319255654471,0.1733615221987315,0.540862658059457,1.0,2/11,5.02%,GOLGA8CP;PLEKHF1
GO_Biological_Process_2023,prerank,Positive Regulation Of Cellular Process (GO:0048522),0.5938994167257658,1.2711435436014589,0.15520628683693516,0.5609062775685099,1.0,10/62,6.98%,IL6;PDGFRA;EMP2;EGF;CEACAM6;PDGFC;BMP5;TPM1;AKR1C2;TSC22D1
GO_Biological_Process_2023,prerank,Response To Lipopolysaccharide (GO:0032496),0.7157432507951774,1.2644845101503488,0.18609406952965235,0.569574591503372,1.0,2/15,4.63%,IL6;CXCL10
GO_Biological_Process_2023,prerank,Regulation Of Tumor Necrosis Factor Production (GO:0032680),0.7435141223568781,1.2636634603731507,0.1956043956043956,0.5632905585357907,1.0,3/11,6.41%,IL6;HSPB1;OAS2
GO_Biological_Process_2023,prerank,Response To Molecule Of Bacterial Origin (GO:0002237),0.7602265841375739,1.25817614740171,0.20043572984749455,0.5698056293919133,1.0,1/10,0.18%,IL6
GO_Biological_Process_2023,prerank,Response To Cytokine (GO:0034097),-0.6841325901407381,-1.2551423719995158,0.16485507246376813,1.0,1.0,2/17,6.55%,CHI3L1;SLC22A5
GO_Biological_Process_2023,prerank,Regulation Of MAP Kinase Activity (GO:0043405),0.7243719624126552,1.2510386136021672,0.19654427645788336,0.580543022146944,1.0,5/12,14.80%,EGF;PDGFC;RGS2;HYAL2;EDN1
GO_Biological_Process_2023,prerank,Protein Autophosphorylation (GO:0046777),0.7137845041128492,1.249889889962202,0.19175257731958764,0.5751621853564076,1.0,4/17,12.38%,PDGFRA;MAK;SRMS;TSSK2
GO_Biological_Process_2023,prerank,Neuron Projection Development (GO:0031175),0.7381120443815495,1.2486773824089017,0.21106557377049182,0.569953432946974,1.0,2/12,4.41%,IL6;SHANK1
GO_Biological_Process_2023,prerank,Double-Strand Break Repair Via Homologous Recombination (GO:0000724),-0.7442008418450822,-1.2437550651780929,0.212406015037594,1.0,1.0,4/10,24.48%,RECQL4;RMI2;RFWD3;BRCA1
GO_Biological_Process_2023,prerank,Positive Regulation Of Cell Population Proliferation (GO:0008284),0.5861561162380344,1.2405247784958082,0.18093385214007782,0.5849946399426186,1.0,9/52,6.98%,IL6;PDGFRA;EMP2;EGF;CEACAM6;PDGFC;BMP5;AKR1C2;TSC22D1
GO_Biological_Process_2023,prerank,Protein Localization (GO:0008104),0.707070262825671,1.2380245865336712,0.22198275862068967,0.5833848217267529,1.0,3/14,8.22%,EMP2;LAMTOR2;STX19
GO_Biological_Process_2023,prerank,Organonitrogen Compound Biosynthetic Process (GO:1901566),-0.7221597886177256,-1.2330897914123846,0.22960151802656548,1.0,1.0,4/12,17.90%,GOLPH3;ELOVL3;INHBA;APOA1
GO_Biological_Process_2023,prerank,Negative Regulation Of Cysteine-Type Endopeptidase Activity Involved In Apoptotic Process (GO:0043154),-0.7230289204455753,-1.2295598075341254,0.22851919561243145,1.0,1.0,6/10,19.29%,HGF;RPS6KA1;FABP1;AQP1;DHCR24;VEGFA
GO_Biological_Process_2023,prerank,Negative Regulation Of Cysteine-Type Endopeptidase Activity (GO:2000117),-0.7230289204455753,-1.2295598075341254,0.22851919561243145,1.0,1.0,6/10,19.29%,HGF;RPS6KA1;FABP1;AQP1;DHCR24;VEGFA
GO_Biological_Process_2023,prerank,Negative Regulation Of Developmental Process (GO:0051093),-0.7482368108679431,-1.227418494710424,0.23529411764705882,1.0,1.0,3/10,20.96%,OMA1;CDK6;SFRP1
GO_Biological_Process_2023,prerank,Receptor-Mediated Endocytosis (GO:0006898),-0.7061583357837659,-1.224173082819247,0.22659176029962547,1.0,1.0,3/13,22.38%,DNM3;STAB1;RAMP2
GO_Biological_Process_2023,prerank,Regulation Of Cell Population Proliferation (GO:0042127),0.546420049836173,1.2198773487562735,0.1781609195402299,0.6223789218482061,1.0,11/83,5.41%,IL6;PDGFRA;EMP2;BCL6;EGF;CEACAM6;CXCL10;PDGFC;BMP5;TES;AKR1C2
GO_Biological_Process_2023,prerank,DNA Damage Response (GO:0006974),0.6066629694829576,1.2176303032905813,0.18550106609808104,0.6199834763978548,1.0,4/31,8.86%,BCL6;DDX11;PCLAF;TOP2A
GO_Biological_Process_2023,prerank,Negative Regulation Of Protein Serine/Threonine Kinase Activity (GO:0071901),0.7294276761743996,1.215029185395328,0.2157258064516129,0.6182067690756585,1.0,3/11,14.63%,RGS2;HYAL2;PYCARD
GO_Biological_Process_2023,prerank,Protein Maturation (GO:0051604),0.7346958247328215,1.2149867135282177,0.23799582463465555,0.6103105022349418,1.0,3/10,18.86%,SDE2;ADAM19;CASP4
GO_Biological_Process_2023,prerank,Regulation Of Defense Response (GO:0031347),0.6965767277957904,1.212551145598597,0.2297872340425532,0.6085166566311456,1.0,6/14,21.03%,BCL6;MGLL;BIRC3;CASP4;ALOX5;HCK
GO_Biological_Process_2023,prerank,Regulation Of Translation (GO:0006417),0.7128328253797113,1.2118269403273152,0.22538293216630198,0.6025651819944849,1.0,2/12,1.00%,IL6;HSPB1
GO_Biological_Process_2023,prerank,Negative Regulation Of Cell Differentiation (GO:0045596),0.6227231944575742,1.203627584379179,0.21822033898305085,0.6159494769859829,1.0,4/24,8.04%,IL6;GDF10;BMP5;NFKBIA
GO_Biological_Process_2023,prerank,Vesicle-Mediated Transport (GO:0016192),-0.6318855707813619,-1.1996869262906091,0.24795081967213115,1.0,1.0,4/20,10.93%,GDI2;DNM3;VAMP8;CHMP2B
GO_Biological_Process_2023,prerank,Positive Regulation Of Pathway-Restricted SMAD Protein Phosphorylation (GO:0010862),0.7022948986260207,1.186004255712326,0.2719298245614035,0.6520886244559339,1.0,3/12,10.11%,GDF10;BMP5;SMAD4
GO_Biological_Process_2023,prerank,Positive Regulation Of Macromolecule Metabolic Process (GO:0010604),0.5923471571620329,1.1848665324164847,0.24206349206349206,0.6473331186198591,1.0,6/31,11.03%,IL6;EGF;KLF2;NFKBIA;DLL4;ADAM19
GO_Biological_Process_2023,prerank,DNA Repair (GO:0006281),-0.6923683010852097,-1.1845538587743611,0.2628458498023715,1.0,1.0,6/13,27.90%,POLD1;RECQL4;RMI2;RFWD3;BRCA1;DCLRE1B
GO_Biological_Process_2023,prerank,Regulation Of Gene Expression (GO:0010468),0.5346111241885831,1.182118246083492,0.1961904761904762,0.6467453278308647,1.0,8/79,5.91%,IL6;BCL6;EGF;RUNX3;ZNF678;CLK1;MBNL1;PCBP3
GO_Biological_Process_2023,prerank,Cellular Component Assembly (GO:0022607),-0.62871515254841,-1.179099247965285,0.24489795918367346,1.0,1.0,6/18,15.73%,WAS;RTN4;SCIN;CAPZA2;JCHAIN;LPXN
GO_Biological_Process_2023,prerank,Positive Regulation Of Protein Modification Process (GO:0031401),-0.6580336910136166,-1.1723792189829716,0.295668549905838,1.0,1.0,2/15,5.77%,PECAM1;HGF
GO_Biological_Process_2023,prerank,Supramolecular Fiber Organization (GO:0097435),0.6005528381538208,1.1712646402822808,0.22544642857142858,0.6664559540646527,1.0,6/26,11.25%,EMP2;SERF1A;TPM1;ADAMTS14;KRT16;TNFAIP6
GO_Biological_Process_2023,prerank,Enzyme-Linked Receptor Protein Signaling Pathway (GO:0007167),0.6479846833951074,1.1712564622754726,0.2782101167315175,0.6586152957815392,1.0,4/17,10.93%,PDGFRA;SRMS;LIF;SH2D6
GO_Biological_Process_2023,prerank,Negative Regulation Of Gene Expression (GO:0010629),-0.5867563712266086,-1.1685448558706828,0.2536082474226804,1.0,1.0,6/25,20.96%,CLDN5;KAT2B;SORD;VEGFA;KDR;SFRP1
GO_Biological_Process_2023,prerank,Regulation Of Interleukin-6 Production (GO:0032675),0.6950272904164084,1.1673617417852893,0.26899383983572894,0.6601690331282918,1.0,1/12,0.18%,IL6
GO_Biological_Process_2023,prerank,Cellular Response To Insulin Stimulus (GO:0032869),0.6605781449007176,1.162158058944263,0.2964509394572025,0.6646666444549278,1.0,1/13,0.43%,PCK1
GO_Biological_Process_2023,prerank,Intracellular Monoatomic Cation Homeostasis (GO:0030003),0.6583372974423126,1.1570066188469124,0.2993492407809111,0.6695585092095532,1.0,4/14,14.80%,ANKRD9;ATP1A4;SMAD4;EDN1
GO_Biological_Process_2023,prerank,Negative Regulation Of Wnt Signaling Pathway (GO:0030178),-0.647892044461141,-1.1536933730454075,0.29775280898876405,1.0,1.0,8/15,29.64%,SFRP4;GLI1;TMEM88;SFRP1;TLE6;RBMS3;HIC1;WWTR1
GO_Biological_Process_2023,prerank,Double-Strand Break Repair (GO:0006302),-0.677879274421686,-1.15119580342782,0.314,1.0,1.0,6/12,27.90%,RECQL4;RMI2;RFWD3;BRCA1;ATP23;DCLRE1B
GO_Biological_Process_2023,prerank,Positive Regulation Of Cysteine-Type Endopeptidase Activity Involved In Apoptotic Process (GO:0043280),0.6595329173828279,1.1508946302641185,0.29124236252545826,0.6767458227241854,1.0,1/14,1.53%,PMAIP1
GO_Biological_Process_2023,prerank,Negative Regulation Of Canonical Wnt Signaling Pathway (GO:0090090),-0.6605371495690933,-1.1503152280778295,0.3065134099616858,1.0,1.0,6/13,26.41%,SFRP4;GLI1;TMEM88;SFRP1;TLE6;RBMS3
GO_Biological_Process_2023,prerank,Positive Regulation Of Cell Motility (GO:2000147),0.5818688337418318,1.1474206408959091,0.24478178368121442,0.6778672417253627,1.0,4/29,4.70%,PDGFRA;EGF;CEACAM6;PDGFC
GO_Biological_Process_2023,prerank,Regulation Of Osteoblast Differentiation (GO:0045667),0.6598074820632528,1.146507320035469,0.3070362473347548,0.6725466151621052,1.0,2/14,1.10%,IL6;GDF10
GO_Biological_Process_2023,prerank,Transmembrane Receptor Protein Tyrosine Kinase Signaling Pathway (GO:0007169),0.5732484851320323,1.140028175558752,0.2697095435684647,0.680559318453162,1.0,5/28,10.93%,PDGFRA;ANGPT2;PDGFC;SRMS;SH2D6
GO_Biological_Process_2023,prerank,Apoptotic Process (GO:0006915),0.6055658456005487,1.1394535493469344,0.29183673469387755,0.6746351564856192,1.0,4/21,9.47%,EMP2;PMAIP1;NFKBIA;EMP3
GO_Biological_Process_2023,prerank,Adenylate Cyclase-Activating G Protein-Coupled Receptor Signaling Pathway (GO:0007189),0.6613600988975094,1.139136245720381,0.3312368972746331,0.6682018382134965,1.0,3/13,9.15%,CXCL10;ADGRG5;UCN3
GO_Biological_Process_2023,prerank,Regulation Of Protein Kinase Activity (GO:0045859),0.6844664009145072,1.137633858428916,0.35281837160751567,0.6641727475537036,1.0,1/10,1.00%,HSPB1
GO_Biological_Process_2023,prerank,Positive Regulation Of Cellular Biosynthetic Process (GO:0031328),0.6950655817580431,1.1372428040519906,0.30158730158730157,0.6580734600142831,1.0,1/11,0.18%,IL6
GO_Biological_Process_2023,prerank,Embryonic Organ Development (GO:0048568),0.6946934554234622,1.1356133315926342,0.32854209445585214,0.6546222127970289,1.0,4/10,19.07%,PBX2P1;SOX18;TAL1;TEAD3
GO_Biological_Process_2023,prerank,Response To Interleukin-1 (GO:0070555),-0.6597691517428562,-1.132512958808708,0.3155818540433925,1.0,1.0,1/11,0.93%,CHI3L1
GO_Biological_Process_2023,prerank,Regulation Of Autophagy (GO:0010506),0.6101672928189423,1.1309882287833901,0.27467811158798283,0.658508126200083,1.0,3/18,5.02%,HSPB1;KIF25;PLEKHF1
GO_Biological_Process_2023,prerank,Regulation Of Epithelial To Mesenchymal Transition (GO:0010717),0.6848589085912109,1.1304262719613993,0.3575883575883576,0.6530921922797351,1.0,2/10,4.91%,IL6;BMP5
GO_Biological_Process_2023,prerank,Positive Regulation Of Endocytosis (GO:0045807),0.6853049838981521,1.1189291852087195,0.36877828054298645,0.6721778947810623,1.0,5/10,15.02%,SPACA3;FPR2;IL2RG;PYCARD;IL2RB
GO_Biological_Process_2023,prerank,Regulation Of Intracellular Signal Transduction (GO:1902531),0.5776926027888971,1.1112166749820347,0.29591836734693877,0.682897544932122,1.0,4/23,8.04%,REN;HSPB1;ARHGAP11A;NFKBIA
GO_Biological_Process_2023,prerank,Positive Regulation Of Gene Expression (GO:0010628),0.5496662116748542,1.1090182508316246,0.2848605577689243,0.6814280807333647,1.0,2/34,1.21%,IL6;EGF
GO_Biological_Process_2023,prerank,Negative Regulation Of Transcription By RNA Polymerase II (GO:0000122),0.5162885696674319,1.1074158580695208,0.25882352941176473,0.6787711954215727,1.0,11/50,14.80%,BCL6;RUNX3;ZNF556;SAMD1;KLF2;DLL4;SMAD4;KCNIP3;SOX18;CIITA;EDN1
GO_Biological_Process_2023,prerank,Regulation Of Small GTPase Mediated Signal Transduction (GO:0051056),-0.6431762770941382,-1.1067988059452427,0.3592057761732852,1.0,1.0,3/12,12.49%,ARHGAP23;ARHGAP30;TGM2
GO_Biological_Process_2023,prerank,Negative Regulation Of Apoptotic Process (GO:0043066),0.5199578852408583,1.101921899743899,0.2865612648221344,0.6843291837620601,1.0,3/50,2.21%,IL6;HSPB1;CEACAM6
GO_Biological_Process_2023,prerank,Negative Regulation Of Macromolecule Metabolic Process (GO:0010605),-0.5781137264690781,-1.0946350195145298,0.3597678916827853,1.0,1.0,6/17,20.96%,CLDN5;PCSK9;SORD;VEGFA;KDR;SFRP1
GO_Biological_Process_2023,prerank,Protein Localization To Membrane (GO:0072657),0.6161284905824315,1.0941861298687692,0.3494736842105263,0.6949963091954047,1.0,2/15,5.02%,EMP2;PLEKHF1
GO_Biological_Process_2023,prerank,Negative Regulation Of Cell Population Proliferation (GO:0008285),0.5189961861045383,1.0891996000604154,0.2962226640159046,0.6995269874493018,1.0,4/41,5.20%,IL6;RUNX3;BMP5;TES
GO_Biological_Process_2023,prerank,Positive Regulation Of Phosphorylation (GO:0042327),0.5878072275755812,1.0888072809375156,0.32298136645962733,0.6939012517812996,1.0,3/21,5.69%,PDGFRA;EGF;FPR2
GO_Biological_Process_2023,prerank,Phagocytosis (GO:0006909),-0.641574938184572,-1.085713313397858,0.3851851851851852,1.0,1.0,1/10,0.60%,PECAM1
GO_Biological_Process_2023,prerank,Negative Regulation Of Programmed Cell Death (GO:0043069),0.5308849244083164,1.0856560199252097,0.30707070707070705,0.6943128416809679,1.0,2/41,1.00%,IL6;HSPB1
GO_Biological_Process_2023,prerank,Negative Regulation Of Defense Response (GO:0031348),0.6517129877283578,1.083219756975794,0.3905191873589165,0.6932338405735753,1.0,4/11,20.18%,FPR2;TNFAIP6;TRIM21;ALOX5
GO_Biological_Process_2023,prerank,Inflammatory Response (GO:0006954),0.5373863539727992,1.0829750893408299,0.31941544885177453,0.6875142417410632,1.0,7/33,11.25%,IL6;SERPINA3;CXCL10;FPR2;MGLL;KRT16;TNFAIP6
GO_Biological_Process_2023,prerank,Cell-Matrix Adhesion (GO:0007160),0.6359357022609989,1.081787923148419,0.36853448275862066,0.6834064961296697,1.0,4/12,15.84%,EMP2;OTOA;CD96;ADAM15
GO_Biological_Process_2023,prerank,Muscle Contraction (GO:0006936),0.6635779923651024,1.0758808392614898,0.42127659574468085,0.6895793282935679,1.0,2/10,5.34%,MYL6;TPM1
GO_Biological_Process_2023,prerank,Regulation Of Cell Differentiation (GO:0045595),0.5873145769276339,1.0754804748218472,0.36542669584245074,0.6842887855747243,1.0,2/18,1.71%,EMP2;RUNX3
GO_Biological_Process_2023,prerank,Regulation Of Cell Cycle (GO:0051726),0.5473654063975208,1.0743501102695694,0.3229166666666667,0.680419629724894,1.0,3/31,3.74%,CKS2;RUNX3;PCLAF
GO_Biological_Process_2023,prerank,Negative Regulation Of Response To External Stimulus (GO:0032102),0.6336352841027704,1.0729816637808154,0.3887640449438202,0.6775295449190532,1.0,5/12,22.60%,FPR2;TNFAIP6;TRIM21;ALOX5;SIGIRR
GO_Biological_Process_2023,prerank,Positive Regulation Of Protein Phosphorylation (GO:0001934),0.5091293096213699,1.0702298321258943,0.3515625,0.6773508348958004,1.0,6/41,5.69%,IL6;GDF10;EGF;PDGFC;BMP5;FPR2
GO_Biological_Process_2023,prerank,Plasma Membrane Bounded Cell Projection Organization (GO:0120036),0.6322113454294288,1.0693116589255005,0.40083507306889354,0.6735406096306772,1.0,2/12,5.34%,IL6;TPM1
GO_Biological_Process_2023,prerank,Protein-Containing Complex Assembly (GO:0065003),-0.5321749892722792,-1.0688048145271325,0.36257309941520466,1.0,1.0,8/25,15.73%,WAS;ASB2;KMT2D;CAPZA2;VAMP8;OMA1;JCHAIN;LPXN
GO_Biological_Process_2023,prerank,Proteasomal Protein Catabolic Process (GO:0010498),0.6439846967296914,1.067085779771617,0.40625,0.6723003241825363,1.0,2/10,1.53%,ANKRD9;PMAIP1
GO_Biological_Process_2023,prerank,Ras Protein Signal Transduction (GO:0007265),-0.6129094682362135,-1.0657516945748178,0.4035433070866142,1.0,1.0,2/13,2.10%,CYFIP1;WAS
GO_Biological_Process_2023,prerank,Positive Regulation Of Nucleic Acid-Templated Transcription (GO:1903508),0.49740932911981495,1.0642242313685977,0.31992337164750956,0.6722557282193401,1.0,3/52,1.71%,IL6;EGF;RUNX3
GO_Biological_Process_2023,prerank,Organic Substance Transport (GO:0071702),-0.5639640107510897,-1.0547727237913993,0.389413988657845,1.0,1.0,4/18,11.96%,SLC22A12;SLC22A5;CHMP2B;AQP1
GO_Biological_Process_2023,prerank,Negative Regulation Of Cell Motility (GO:2000146),-0.6157903659512796,-1.0525812775380263,0.4166666666666667,1.0,1.0,4/13,6.33%,WAS;CLDN5;TBX5;JAG1
GO_Biological_Process_2023,prerank,Membrane Organization (GO:0061024),-0.6123354093288067,-1.0509844354444486,0.43702290076335876,1.0,1.0,3/11,14.16%,CIBAR1;CHMP2B;MFN2
GO_Biological_Process_2023,prerank,Integrin-Mediated Signaling Pathway (GO:0007229),-0.5843635386616253,-1.0502801419614194,0.4148550724637681,1.0,1.0,3/15,20.07%,ITGAL;APOA1;FGR
GO_Biological_Process_2023,prerank,Positive Regulation Of ERK1 And ERK2 Cascade (GO:0070374),0.5659639722425677,1.0445964547414577,0.4151696606786427,0.706726599732075,1.0,3/20,5.69%,PDGFRA;PDGFC;FPR2
GO_Biological_Process_2023,prerank,Positive Regulation Of Protein Kinase Activity (GO:0045860),0.6383841573038022,1.0442090988534953,0.44142259414225943,0.7014756324316717,1.0,1/10,0.46%,EMP2
GO_Biological_Process_2023,prerank,Organelle Assembly (GO:0070925),-0.584092384239125,-1.039947624089069,0.4494163424124514,1.0,1.0,4/15,13.70%,NME8;CIBAR1;CHMP2B;ACTR3
GO_Biological_Process_2023,prerank,Positive Regulation Of Cell Cycle Process (GO:0090068),0.6100244888506071,1.0359867477264728,0.4262295081967213,0.7128315940088054,1.0,3/12,7.62%,EGF;DDX11;OR2A4
GO_Biological_Process_2023,prerank,Positive Regulation Of Cell Differentiation (GO:0045597),0.5058888653211719,1.022952359244604,0.4158415841584158,0.734031368431814,1.0,2/42,1.07%,IL6;ADIG
GO_Biological_Process_2023,prerank,Response To Type II Interferon (GO:0034341),-0.6147693977361163,-1.0222777864101917,0.48713235294117646,1.0,1.0,2/11,6.55%,GBP5;SLC22A5
GO_Biological_Process_2023,prerank,Regulation Of Apoptotic Process (GO:0042981),0.46395751335332946,1.0206012488847538,0.3684210526315789,0.7329387483890842,1.0,4/70,1.53%,IL6;BCL6;HSPB1;PMAIP1
GO_Biological_Process_2023,prerank,Positive Regulation Of Defense Response (GO:0031349),-0.5863219783042752,-1.0195875671848995,0.4672131147540984,1.0,1.0,3/12,5.30%,CCN4;GBP5;NINJ1
GO_Biological_Process_2023,prerank,Cilium Organization (GO:0044782),-0.5935762252132889,-1.0171150362228183,0.4826923076923077,1.0,1.0,3/11,13.70%,NME8;CIBAR1;ACTR3
GO_Biological_Process_2023,prerank,Antigen Receptor-Mediated Signaling Pathway (GO:0050851),-0.6152000748249582,-1.0125030419156524,0.4785046728971963,1.0,1.0,1/10,8.22%,LCP2
GO_Biological_Process_2023,prerank,Cellular Response To Cytokine Stimulus (GO:0071345),0.4993007710048346,1.011557301793799,0.39520958083832336,0.7448306610841163,1.0,9/34,15.77%,IL6;IL3RA;NFKBIA;IL2RG;ASAH1;HYAL2;PYCARD;IL2RB;DCSTAMP
GO_Biological_Process_2023,prerank,Positive Regulation Of Cell Migration (GO:0030335),0.4940664272661722,1.007576348754968,0.4356060606060606,0.7468828204548592,1.0,4/34,4.70%,PDGFRA;EGF;CEACAM6;PDGFC
GO_Biological_Process_2023,prerank,Long-Chain Fatty Acid Metabolic Process (GO:0001676),-0.6058797319909955,-1.0066476328550147,0.5104761904761905,1.0,1.0,3/11,11.28%,ACSL5;ELOVL3;CYP2J2
GO_Biological_Process_2023,prerank,Regulation Of BMP Signaling Pathway (GO:0030510),-0.6124252788712393,-1.0024188620791932,0.4961832061068702,1.0,1.0,2/10,6.58%,SMAD6;SFRP4
GO_Biological_Process_2023,prerank,Cilium Assembly (GO:0060271),-0.5935762252132889,-1.000859117298387,0.512241054613936,1.0,1.0,3/11,13.70%,NME8;CIBAR1;ACTR3
GO_Biological_Process_2023,prerank,Cellular Response To Peptide Hormone Stimulus (GO:0071375),0.5757181515693511,0.9940099026106232,0.4801762114537445,0.7684769452969094,1.0,1/13,0.43%,PCK1
GO_Biological_Process_2023,prerank,Activation Of GTPase Activity (GO:0090630),-0.5786199148362666,-0.9917845045082032,0.512720156555773,1.0,1.0,2/11,18.19%,DOCK7;ARHGEF16
GO_Biological_Process_2023,prerank,Regulation Of ERK1 And ERK2 Cascade (GO:0070372),0.5133533192823378,0.9907561035507879,0.4731800766283525,0.7691859325332923,1.0,3/25,5.69%,PDGFRA;PDGFC;FPR2
GO_Biological_Process_2023,prerank,Positive Regulation Of Angiogenesis (GO:0045766),0.5364187854768825,0.9907493889652145,0.46586345381526106,0.7573523028020108,1.0,3/19,5.48%,EMP2;HSPB1;ANXA3
GO_Biological_Process_2023,prerank,Positive Regulation Of Vasculature Development (GO:1904018),0.5364187854768825,0.9907493889652145,0.46586345381526106,0.7573523028020108,1.0,3/19,5.48%,EMP2;HSPB1;ANXA3
GO_Biological_Process_2023,prerank,Intrinsic Apoptotic Signaling Pathway (GO:0097193),0.5599045603330648,0.9863444412759238,0.47433264887063653,0.7606090494139937,1.0,1/16,1.53%,PMAIP1
GO_Biological_Process_2023,prerank,Transport Across Blood-Brain Barrier (GO:0150104),0.5657551654170553,0.9808222855392622,0.4915254237288136,0.7612051006066691,1.0,4/12,8.47%,SLC5A3;ATP1A4;ABCG2;SLC1A2
GO_Biological_Process_2023,prerank,Vascular Transport (GO:0010232),0.5657551654170553,0.9808222855392622,0.4915254237288136,0.7612051006066691,1.0,4/12,8.47%,SLC5A3;ATP1A4;ABCG2;SLC1A2
GO_Biological_Process_2023,prerank,Regulation Of Interleukin-8 Production (GO:0032677),0.5631600484178659,0.9793127807575185,0.4915254237288136,0.7588392179942988,1.0,1/14,0.18%,IL6
GO_Biological_Process_2023,prerank,Positive Regulation Of Protein-Containing Complex Assembly (GO:0031334),-0.5506274490543989,-0.9789075240157616,0.5167652859960552,1.0,1.0,1/13,3.13%,GBP5
GO_Biological_Process_2023,prerank,Negative Regulation Of Growth (GO:0045926),0.5273775303764634,0.9720242852276483,0.5090543259557344,0.767878449353811,1.0,7/20,15.84%,BCL6;MT1M;SMAD4;HYAL2;BMP10;DCSTAMP;ADAM15
GO_Biological_Process_2023,prerank,Positive Regulation Of Peptidyl-Tyrosine Phosphorylation (GO:0050731),0.5768393211896045,0.9718252096780083,0.5,0.7626499047380564,1.0,1/12,0.18%,IL6
GO_Biological_Process_2023,prerank,Regulation Of Cell Growth (GO:0001558),0.5013174005583834,0.9700704053320429,0.5019083969465649,0.7606441853959199,1.0,8/26,15.84%,BCL6;LAMTOR2;SMAD4;CSNK2A3;HYAL2;BMP10;DCSTAMP;ADAM15
GO_Biological_Process_2023,prerank,Negative Regulation Of Protein Phosphorylation (GO:0001933),0.5759177080977714,0.9699819458260038,0.53125,0.7552694603365563,1.0,1/11,1.00%,HSPB1
GO_Biological_Process_2023,prerank,Nervous System Development (GO:0007399),-0.45225239905972514,-0.9660288219309415,0.47904191616766467,1.0,1.0,9/36,10.85%,DNM3;PCSK9;NINJ1;POU3F3;JAG1;SCIN;PRPS1;B3GNT5;MNX1
GO_Biological_Process_2023,prerank,Positive Regulation Of DNA Metabolic Process (GO:0051054),0.5678225137432853,0.9642819396635889,0.5315904139433552,0.7613711587687267,1.0,4/11,14.45%,EGF;CEBPG;GINS3;HNRNPAB
GO_Biological_Process_2023,prerank,Negative Regulation Of Nucleic Acid-Templated Transcription (GO:1903507),0.49417434460414184,0.963495218830676,0.4979919678714859,0.7573162949522996,1.0,5/27,14.41%,BCL6;SMAD4;WWP1;SOX18;CIITA
GO_Biological_Process_2023,prerank,Cellular Response To Growth Factor Stimulus (GO:0071363),0.5109543338078285,0.958800078131094,0.5160680529300568,0.7607554617119298,1.0,4/19,12.92%,HSPB1;DLL4;SMAD4;HYAL2
GO_Biological_Process_2023,prerank,Regulation Of Pathway-Restricted SMAD Protein Phosphorylation (GO:0060393),0.5557514046491703,0.9520868718141031,0.5128205128205128,0.767376752920869,1.0,3/13,10.11%,GDF10;BMP5;SMAD4
GO_Biological_Process_2023,prerank,Positive Regulation Of Hydrolase Activity (GO:0051345),-0.5000229874506784,-0.9474672396168791,0.52734375,1.0,1.0,6/18,20.96%,DOCK7;TGM2;RGS11;RGL4;APOA1;SFRP1
GO_Biological_Process_2023,prerank,Negative Regulation Of DNA-templated Transcription (GO:0045892),0.4305746463896291,0.9469666950537664,0.4878048780487805,0.7717260544616908,1.0,12/67,14.80%,BCL6;RUNX3;ZNF556;SAMD1;KLF2;DLL4;SMAD4;WWP1;KCNIP3;SOX18;CIITA;EDN1
GO_Biological_Process_2023,prerank,Positive Regulation Of Interleukin-8 Production (GO:0032757),0.5650345722822552,0.9446465693253986,0.5523613963039015,0.7708874979189908,1.0,1/11,0.18%,IL6
GO_Biological_Process_2023,prerank,Metal Ion Transport (GO:0030001),0.5400485225519782,0.9429000166071845,0.5401301518438177,0.7687849744347717,1.0,1/14,3.84%,ATP1A4
GO_Biological_Process_2023,prerank,Negative Regulation Of Binding (GO:0051100),0.5643575799109508,0.942039995326905,0.5698689956331878,0.7651452126152543,1.0,2/11,8.04%,DDX11;NFKBIA
GO_Biological_Process_2023,prerank,Regulation Of Peptidyl-Tyrosine Phosphorylation (GO:0050730),0.5784752337398917,0.9394152888321011,0.5367965367965368,0.7647450001243128,1.0,1/10,0.18%,IL6
GO_Biological_Process_2023,prerank,Fatty Acid Metabolic Process (GO:0006631),-0.564485791213177,-0.9390466670461063,0.603415559772296,1.0,1.0,4/11,16.48%,ACSL5;XBP1;CYP2J2;ACACB
GO_Biological_Process_2023,prerank,Epithelial Cell Differentiation (GO:0030855),0.49269696669837093,0.9329215969239251,0.5354969574036511,0.7720942624951699,1.0,2/22,5.41%,PCK1;AKR1C2
GO_Biological_Process_2023,prerank,Regulation Of Programmed Cell Death (GO:0043067),-0.5261874090573091,-0.9325661750485229,0.5708884688090737,1.0,1.0,5/15,12.81%,RTN4;YEATS4;OMA1;TGM2;TNFRSF10B
GO_Biological_Process_2023,prerank,Positive Regulation Of Transmembrane Receptor Protein Serine/Threonine Kinase Signaling Pathway (GO:0090100),0.5247265286372736,0.9278272637522827,0.5567010309278351,0.7760217364969456,1.0,3/14,10.11%,GDF10;BMP5;SMAD4
GO_Biological_Process_2023,prerank,Sensory Perception Of Smell (GO:0007608),0.5341274959335237,0.926062389941359,0.5881104033970276,0.7740230303539505,1.0,2/15,7.62%,OR7A5;OR2A4
GO_Biological_Process_2023,prerank,Positive Regulation Of Secretion By Cell (GO:1903532),-0.5300887553653116,-0.9223593531241816,0.5958646616541353,1.0,1.0,3/11,13.81%,GOLPH3;EDN3;BMP6
GO_Biological_Process_2023,prerank,Positive Regulation Of Response To External Stimulus (GO:0032103),-0.5053191147071949,-0.9213495562156363,0.5866141732283464,1.0,1.0,3/15,5.30%,CCN4;GBP5;NINJ1
GO_Biological_Process_2023,prerank,Regulation Of Phagocytosis (GO:0050764),0.5461548928630553,0.9138670724417168,0.5911111111111111,0.7913108368882695,1.0,5/12,15.02%,SPACA3;FPR2;IL2RG;PYCARD;IL2RB
GO_Biological_Process_2023,prerank,Negative Regulation Of Cellular Process (GO:0048523),0.4075113474667572,0.9109841853360847,0.5497076023391813,0.7914414816114125,1.0,5/68,5.20%,IL6;BCL6;RUNX3;BMP5;TES
GO_Biological_Process_2023,prerank,Response To Tumor Necrosis Factor (GO:0034612),-0.49996613123738687,-0.9107907217264782,0.6015625,1.0,1.0,2/15,6.55%,CHI3L1;SLC22A5
GO_Biological_Process_2023,prerank,Positive Regulation Of Cold-Induced Thermogenesis (GO:0120162),0.5122586112590977,0.9094213888608146,0.5833333333333334,0.7893240726478372,1.0,3/15,4.98%,GATM;PDGFC;ALPL
GO_Biological_Process_2023,prerank,Positive Regulation Of Protein Secretion (GO:0050714),-0.5268419325074026,-0.908529648807064,0.6211538461538462,1.0,1.0,2/12,13.81%,GOLPH3;BMP6
GO_Biological_Process_2023,prerank,Positive Regulation Of GTPase Activity (GO:0043547),-0.452730734178433,-0.9072378333780863,0.6062992125984252,1.0,1.0,6/24,20.96%,DOCK7;TGM2;RGS11;RGL4;ARHGEF16;SFRP1
GO_Biological_Process_2023,prerank,Actin Filament Organization (GO:0007015),0.517944619040142,0.9071526520157627,0.5763440860215053,0.7884729780182989,1.0,2/13,5.34%,EMP2;TPM1
GO_Biological_Process_2023,prerank,Extracellular Matrix Organization (GO:0030198),0.4906267298538184,0.9049643600189388,0.5659574468085107,0.7868906131214024,1.0,8/19,21.89%,MATN3;COL23A1;ADAMTS14;MATN2;ADAM15;ADAMTS9;MMP3;DPT
GO_Biological_Process_2023,prerank,Negative Regulation Of Cell Growth (GO:0030308),0.4933992010881557,0.9049222253465068,0.5856573705179283,0.7819304608404632,1.0,6/19,15.84%,BCL6;SMAD4;HYAL2;BMP10;DCSTAMP;ADAM15
GO_Biological_Process_2023,prerank,SMAD Protein Signal Transduction (GO:0060395),0.5500469213167598,0.9036453916915613,0.6231884057971014,0.7790370912323854,1.0,3/10,10.11%,GDF10;BMP5;SMAD4
GO_Biological_Process_2023,prerank,Positive Regulation Of Epithelial Cell Migration (GO:0010634),0.5609342081318501,0.9011772858299469,0.6177105831533477,0.7783648227718707,1.0,2/10,5.48%,EGF;ANXA3
GO_Biological_Process_2023,prerank,Central Nervous System Development (GO:0007417),-0.48566862348111267,-0.9001899663779444,0.6297029702970297,1.0,1.0,6/19,10.85%,RTN4;NR4A2;POU3F3;SCIN;B3GNT5;MNX1
GO_Biological_Process_2023,prerank,Regulation Of GTPase Activity (GO:0043087),-0.4643163988837373,-0.8953083880653768,0.6183206106870229,1.0,1.0,8/19,27.65%,DOCK7;TGM2;RGS11;RGL4;SFRP1;ARHGEF5;RASIP1;CCL4
GO_Biological_Process_2023,prerank,Skeletal System Development (GO:0001501),0.4723508067306118,0.8919478395506137,0.625,0.7906246832249683,1.0,4/20,4.98%,GDF10;MATN3;BMP5;ALPL
GO_Biological_Process_2023,prerank,Phosphorylation (GO:0016310),0.44231143285500163,0.8897325355891575,0.6,0.7891966448685813,1.0,4/31,12.38%,RUNX3;MAK;CSNK2A3;TSSK2
GO_Biological_Process_2023,prerank,Positive Regulation Of Cytokine Production (GO:0001819),0.4394645871488129,0.8892394486361895,0.5813953488372093,0.7851812564704322,1.0,1/30,0.18%,IL6
GO_Biological_Process_2023,prerank,Negative Regulation Of Cell Cycle (GO:0045786),0.48505300740317064,0.8872059960545337,0.5711206896551724,0.7838493976872143,1.0,1/15,1.71%,RUNX3
GO_Biological_Process_2023,prerank,Regulation Of Canonical Wnt Signaling Pathway (GO:0060828),0.4867533566864529,0.8826897729485172,0.6096491228070176,0.7870636534960941,1.0,1/17,1.21%,EGF
GO_Biological_Process_2023,prerank,Hemopoiesis (GO:0030097),-0.4957428648198027,-0.882088608240803,0.6402321083172147,1.0,1.0,2/15,6.33%,TNFRSF13B;JAG1
GO_Biological_Process_2023,prerank,Regulation Of Signal Transduction (GO:0009966),0.4759903371062133,0.8787612525420546,0.650319829424307,0.7887823935861921,1.0,4/19,9.04%,CD55;SRMS;MGLL;RGS2
GO_Biological_Process_2023,prerank,Cellular Response To Tumor Necrosis Factor (GO:0071356),-0.4706604963676315,-0.8738838650468284,0.6429980276134122,1.0,1.0,1/17,0.93%,CHI3L1
GO_Biological_Process_2023,prerank,Monocarboxylic Acid Transport (GO:0015718),-0.530617794999386,-0.8693406112965059,0.6751361161524501,1.0,1.0,4/11,11.99%,FABP2;SLCO1C1;FABP1;PMP2
GO_Biological_Process_2023,prerank,DNA-templated Transcription (GO:0006351),-0.5010402974170304,-0.8692822434596342,0.664804469273743,1.0,1.0,5/13,16.98%,NR4A2;TCEA3;XBP1;NKX3-2;LHX1
GO_Biological_Process_2023,prerank,Regulation Of Nucleic Acid-Templated Transcription (GO:1903506),0.4521950796594095,0.8651912969324851,0.6339468302658486,0.8076207158615124,1.0,2/24,1.96%,RUNX3;ZNF678
GO_Biological_Process_2023,prerank,Regulation Of Cell Migration (GO:0030334),-0.3910521122387148,-0.8646429676295904,0.7104677060133631,1.0,1.0,7/48,7.37%,ROBO4;PECAM1;CLDN5;HGF;TBX5;JAG1;TMSB10
GO_Biological_Process_2023,prerank,Blood Circulation (GO:0008015),0.5153595371610775,0.8636367916983738,0.6530172413793104,0.8053611108908488,1.0,2/11,9.89%,CXCL10;DLL4
GO_Biological_Process_2023,prerank,Negative Regulation Of Angiogenesis (GO:0016525),0.517580709350759,0.8609859262264967,0.6478555304740407,0.8052389193299229,1.0,3/11,7.22%,CXCL10;SERPINF1;KLF2
GO_Biological_Process_2023,prerank,Positive Regulation Of Metabolic Process (GO:0009893),0.47840491062894996,0.8535543905862206,0.653276955602537,0.8137260589475173,1.0,3/16,4.98%,GATM;PDGFC;ALPL
GO_Biological_Process_2023,prerank,Neutrophil Migration (GO:1990266),0.5029081259234545,0.8465338171565859,0.6532438478747203,0.8209494285138775,1.0,2/11,4.63%,EMP2;CXCL10
GO_Biological_Process_2023,prerank,Positive Regulation Of Phagocytosis (GO:0050766),0.49295188434896303,0.841875068640191,0.6703786191536748,0.8238730631512965,1.0,5/12,15.02%,SPACA3;FPR2;IL2RG;PYCARD;IL2RB
GO_Biological_Process_2023,prerank,Positive Regulation Of Developmental Process (GO:0051094),-0.43433980938498756,-0.8378155022888514,0.6975425330812854,1.0,1.0,10/22,23.10%,RTN4;NEUROD4;XBP1;RPS6KA1;EDN3;LHX1;VEGFA;KDR;CCN2;TLE6
GO_Biological_Process_2023,prerank,Inorganic Cation Transmembrane Transport (GO:0098662),-0.4646536812304521,-0.8370488439120963,0.696798493408663,1.0,1.0,3/16,11.96%,LRRC52;KCNE2;AQP1
GO_Biological_Process_2023,prerank,Cellular Response To Organonitrogen Compound (GO:0071417),-0.4608226120919794,-0.8361592746402279,0.681640625,1.0,1.0,7/16,26.37%,XBP1;GOLPH3;AQP1;P2RY12;SFRP1;BRCA1;SPAAR
GO_Biological_Process_2023,prerank,Negative Regulation Of MAPK Cascade (GO:0043409),0.4896002912585592,0.829045046396143,0.6861471861471862,0.8406017775032852,1.0,3/12,12.92%,RGS2;SMAD4;HYAL2
GO_Biological_Process_2023,prerank,Skin Development (GO:0043588),-0.4752842697069356,-0.8258315658835875,0.6977186311787072,1.0,1.0,3/12,15.44%,JAG1;LORICRIN;DHCR24
GO_Biological_Process_2023,prerank,BMP Signaling Pathway (GO:0030509),0.505953810862629,0.8255041354345162,0.7033898305084746,0.8416922330928608,1.0,1/10,1.10%,GDF10
GO_Biological_Process_2023,prerank,Cellular Response To BMP Stimulus (GO:0071773),0.4868705194496893,0.8140608609692827,0.6991869918699187,0.85661772532308,1.0,1/11,1.10%,GDF10
GO_Biological_Process_2023,prerank,Regulation Of Cellular Component Organization (GO:0051128),0.4961491407442253,0.8124108779567922,0.7020833333333333,0.8546491181054481,1.0,2/10,12.78%,LAMTOR2;CCNL2
GO_Biological_Process_2023,prerank,Regulation Of DNA-templated Transcription (GO:0006355),0.34604438686976224,0.8118345537961895,0.7609489051094891,0.8507473829294787,1.0,21/132,14.45%,IL6;BCL6;EGF;RUNX3;ZNF678;PBX2P1;CREG1;CEBPG;KLF2;RAX2;SMAD4;LHX3;WWP1;ZFP42;PAX5;CCNL2;SOX18;ZNF718;MSGN1;CIITA;HNRNPAB
GO_Biological_Process_2023,prerank,Negative Regulation Of Cell Migration (GO:0030336),-0.45681301228675875,-0.8075752650746011,0.7429643527204502,1.0,1.0,3/15,6.33%,CLDN5;TBX5;JAG1
GO_Biological_Process_2023,prerank,Regulation Of Protein Kinase B Signaling (GO:0051896),-0.43250581170086283,-0.8053598983596411,0.7272727272727273,1.0,1.0,2/17,2.67%,CHI3L1;RTN4
GO_Biological_Process_2023,prerank,Plasma Membrane Bounded Cell Projection Assembly (GO:0120031),-0.4157206901168992,-0.8042510310589067,0.7490196078431373,1.0,1.0,7/20,15.30%,CYFIP1;NME8;DNM3;CIBAR1;GOLPH3;ACTR3;NTN1
GO_Biological_Process_2023,prerank,Positive Regulation Of DNA-templated Transcription (GO:0045893),0.345653585694853,0.8000509481537594,0.7695099818511797,0.8659131326992922,1.0,13/110,10.50%,IL6;EGF;RUNX3;PBX2P1;CXCL10;BMP5;CEBPG;KLF2;NFKBIA;RAX2;LIF;SMAD4;LHX3
GO_Biological_Process_2023,prerank,Monoatomic Cation Transmembrane Transport (GO:0098655),-0.44981056504644296,-0.793732009925454,0.7468123861566485,1.0,1.0,2/14,6.87%,LRRC52;KCNE2
GO_Biological_Process_2023,prerank,Cellular Response To UV (GO:0034644),-0.46812018110460374,-0.7902649402746758,0.7586206896551724,1.0,1.0,3/11,11.96%,POLD1;RPL26;AQP1
GO_Biological_Process_2023,prerank,Positive Regulation Of Protein Kinase B Signaling (GO:0051897),-0.4652590446275886,-0.7893319889778077,0.7475538160469667,1.0,1.0,2/12,2.67%,CHI3L1;RTN4
GO_Biological_Process_2023,prerank,Regulation Of G Protein-Coupled Receptor Signaling Pathway (GO:0008277),0.46799288526877936,0.7866233784662373,0.7424242424242424,0.8831783859954917,1.0,4/10,17.69%,MGLL;RGS2;EDN1;GUCY2D
GO_Biological_Process_2023,prerank,Negative Regulation Of DNA-binding Transcription Factor Activity (GO:0043433),0.4419302192362869,0.7831730734188169,0.7721518987341772,0.8837556250183889,1.0,4/16,14.63%,CEBPG;NFKBIA;TRIM21;PYCARD
GO_Biological_Process_2023,prerank,Positive Regulation Of Transcription By RNA Polymerase II (GO:0045944),0.34044050521220465,0.7781616704493501,0.839622641509434,0.8873692230269327,1.0,11/86,10.50%,IL6;PBX2P1;CXCL10;BMP5;CEBPG;KLF2;NFKBIA;RAX2;LIF;SMAD4;LHX3
GO_Biological_Process_2023,prerank,Regulation Of Cold-Induced Thermogenesis (GO:0120161),0.4234983196795479,0.7759729008945723,0.764344262295082,0.8862500914088159,1.0,3/17,4.98%,GATM;PDGFC;ALPL
GO_Biological_Process_2023,prerank,Regulation Of Reactive Oxygen Species Metabolic Process (GO:2000377),0.4472044194567455,0.7731882910746729,0.7613168724279835,0.8857628642602098,1.0,1/12,7.54%,NOXA1
GO_Biological_Process_2023,prerank,Proteolysis (GO:0006508),0.37040858790558007,0.7688651423632202,0.8153241650294696,0.8876815145701763,1.0,8/36,12.60%,REN;CAPN8;SDE2;TPSD1;ADAMTS14;CAPN12;ADAM19;LACTB
GO_Biological_Process_2023,prerank,Protein Stabilization (GO:0050821),-0.4449288108068081,-0.7677941488543846,0.7883495145631068,1.0,1.0,3/13,17.90%,RTN4;TMEM88;APOA1
GO_Biological_Process_2023,prerank,Protein Ubiquitination (GO:0016567),0.3918850127457712,0.7646504325768863,0.78,0.8897144823473156,1.0,7/24,14.66%,ANKRD9;SDE2;WWP1;ARRDC1;TRIM21;SH3RF1;UVSSA
GO_Biological_Process_2023,prerank,Granulocyte Chemotaxis (GO:0071621),0.44914478440524,0.7617792725448101,0.7673913043478261,0.8896437684284739,1.0,3/10,19.40%,CXCL10;EDN1;CCL18
GO_Biological_Process_2023,prerank,Regulation Of Protein-Containing Complex Assembly (GO:0043254),-0.4378111341054861,-0.759545899525938,0.781563126252505,1.0,1.0,4/13,24.88%,PEX5;ANKRA2;VEGFA;LGALS3
GO_Biological_Process_2023,prerank,Regulation Of Transcription By RNA Polymerase II (GO:0006357),0.317331360100849,0.7582198069624033,0.904424778761062,0.890486969402573,1.0,23/156,12.92%,IL6;BCL6;RUNX3;ZNF556;PBX2P1;CREG1;SAMD1;CXCL10;BMP5;CEBPG;KLF2;NFKBIA;RAX2;LIF;DLL4;SMAD4;LHX3;KCNIP3;ZFP42;PAX5;CCNL2;SOX18;HYAL2
GO_Biological_Process_2023,prerank,Generation Of Neurons (GO:0048699),-0.4093523375201633,-0.7496064624028511,0.8195488721804511,1.0,1.0,3/15,5.20%,RTN4;NR4A2;PCSK9
GO_Biological_Process_2023,prerank,Transforming Growth Factor Beta Receptor Signaling Pathway (GO:0007179),0.4288279583668567,0.7438716147887487,0.8080168776371308,0.9086481498127882,1.0,1/13,1.10%,GDF10
GO_Biological_Process_2023,prerank,Protein Modification Process (GO:0036211),-0.3265286762575705,-0.743352077425917,0.9268774703557312,1.0,1.0,11/46,17.90%,LORICRIN;PI3;F13B;GLRX;B3GNT5;RPS6KA1;STK38L;TGM2;CDK6;MEX3B;APOA1
GO_Biological_Process_2023,prerank,Ubiquitin-Dependent Protein Catabolic Process (GO:0006511),-0.40981511227073764,-0.7383135991454226,0.845724907063197,1.0,1.0,5/15,13.91%,TGFB1I1;ASB2;XBP1;CHMP2B;OTUD7A
GO_Biological_Process_2023,prerank,Protein Homooligomerization (GO:0051260),-0.3995597464672702,-0.7345000746930106,0.8415094339622642,1.0,1.0,3/17,7.83%,GBP5;NINJ1;STEAP4
GO_Biological_Process_2023,prerank,Proteasome-Mediated Ubiquitin-Dependent Protein Catabolic Process (GO:0043161),0.4267433138407285,0.73225378525852,0.7995951417004049,0.9211480616143303,1.0,1/11,1.35%,ANKRD9
GO_Biological_Process_2023,prerank,Neuron Differentiation (GO:0030182),-0.3790800163700103,-0.7305861019817236,0.8549618320610687,1.0,1.0,9/20,20.11%,RTN4;NR4A2;PCSK9;NEUROD4;XBP1;INHBA;LHX1;VEGFA;ANOS1
GO_Biological_Process_2023,prerank,Epithelium Development (GO:0060429),-0.3747533953298995,-0.7276256335749293,0.8851851851851852,1.0,1.0,8/22,24.88%,TBX5;DHRS9;KRT19;LHX1;VEGFA;KDR;KRT33B;LGALS3
GO_Biological_Process_2023,prerank,Protein Modification By Small Protein Conjugation (GO:0032446),0.3758059634746234,0.7269986202782569,0.8641975308641975,0.9243510404417099,1.0,7/25,14.66%,ANKRD9;SDE2;WWP1;ARRDC1;TRIM21;SH3RF1;UVSSA
GO_Biological_Process_2023,prerank,Response To Lipid (GO:0033993),-0.4268855206540687,-0.7245924810000711,0.829981718464351,0.9924018215883251,1.0,1/12,3.63%,SMAD6
GO_Biological_Process_2023,prerank,Phospholipase C-activating G Protein-Coupled Receptor Signaling Pathway (GO:0007200),0.4273721973473417,0.7163780285126771,0.820675105485232,0.9348556503836355,1.0,2/11,16.41%,FPR2;GNA14
GO_Biological_Process_2023,prerank,Protein Processing (GO:0016485),-0.4021017328801443,-0.7136569032137058,0.8568702290076335,0.9942954896449,1.0,3/13,15.41%,PCSK9;OMA1;CD5L
GO_Biological_Process_2023,prerank,Mitochondrion Organization (GO:0007005),-0.4004541832552421,-0.7128368085259124,0.8576709796672828,0.9828201671857525,1.0,5/13,19.93%,NUBPL;OMA1;BCL2A1;MFN2;TRAK2
GO_Biological_Process_2023,prerank,Circulatory System Development (GO:0072359),-0.4005297702897165,-0.7095439166928198,0.8654970760233918,0.9747778484050489,1.0,2/15,8.11%,TBX5;KAT2B
GO_Biological_Process_2023,prerank,Positive Regulation Of Cellular Component Biogenesis (GO:0044089),0.4262026996713478,0.7063484532938612,0.8306451612903226,0.94375504386272,1.0,4/10,21.71%,SDC4;BID;TAL1;MMP3
GO_Biological_Process_2023,prerank,Cellular Response To Transforming Growth Factor Beta Stimulus (GO:0071560),0.3958386896760406,0.7025938019920543,0.8521560574948666,0.9441893306562821,1.0,1/15,1.10%,GDF10
GO_Biological_Process_2023,prerank,Chemical Synaptic Transmission (GO:0007268),0.4151442213438894,0.7015022664589077,0.8505494505494505,0.9408266001988433,1.0,2/11,8.47%,PDLIM4;SLC1A2
GO_Biological_Process_2023,prerank,Negative Regulation Of Signal Transduction (GO:0009968),0.35964253978001653,0.6984243679075275,0.8721174004192872,0.9397096028074016,1.0,5/25,13.42%,BMP5;SRMS;RGS2;DLL4;ARRDC1
GO_Biological_Process_2023,prerank,Response To UV (GO:0009411),0.4238931462706855,0.6967986154879203,0.8681318681318682,0.9367874774020324,1.0,4/10,14.73%,PCLAF;SDE2;UVSSA;IVL
GO_Biological_Process_2023,prerank,Negative Regulation Of Intracellular Signal Transduction (GO:1902532),-0.38027862957373515,-0.6954656029321001,0.8901960784313725,0.9804037349494646,1.0,3/16,17.62%,RPS6KA1;DUSP4;SORD
GO_Biological_Process_2023,prerank,Negative Regulation Of Cellular Biosynthetic Process (GO:0031327),-0.3941849415182801,-0.6927033969947322,0.874274661508704,0.9717422538424276,1.0,2/12,24.48%,ACADVL;BRCA1
GO_Biological_Process_2023,prerank,Nitrogen Compound Transport (GO:0071705),0.37582320778683864,0.6901278178502323,0.867237687366167,0.9403031194133654,1.0,5/18,15.94%,SLC26A7;ABCG2;ARRDC1;EDN1;SLC52A3
GO_Biological_Process_2023,prerank,Regulation Of Protein Phosphorylation (GO:0001932),0.36358860377523883,0.6835742152351284,0.8954918032786885,0.9437754573354135,1.0,2/20,5.69%,HSPB1;FPR2
GO_Biological_Process_2023,prerank,Small GTPase Mediated Signal Transduction (GO:0007264),0.4143963793771952,0.6808010748103575,0.8622129436325678,0.9421117356883293,1.0,1/11,2.06%,RRAS2
GO_Biological_Process_2023,prerank,Positive Regulation Of Epithelial Cell Proliferation (GO:0050679),0.3825342128423368,0.6734660723160676,0.8834745762711864,0.9458634911703682,1.0,2/13,4.91%,EGF;BMP5
GO_Biological_Process_2023,prerank,Heart Development (GO:0007507),0.3733677771240516,0.6715223821183597,0.9002169197396963,0.9434668617055,1.0,4/16,15.23%,PDLIM4;BMP5;SOX18;BMP10
GO_Biological_Process_2023,prerank,Regulation Of Cell Adhesion (GO:0030155),0.38554775256526247,0.6667360454736239,0.9008620689655172,0.9438830465041379,1.0,1/13,5.34%,TPM1
GO_Biological_Process_2023,prerank,Positive Regulation Of Cell Growth (GO:0030307),-0.40277904004447296,-0.6608409283785053,0.8960784313725491,0.9927441549768288,1.0,3/10,20.96%,RPS6KA1;NTN1;SFRP1
GO_Biological_Process_2023,prerank,Regulation Of Cysteine-Type Endopeptidase Activity Involved In Apoptotic Process (GO:0043281),0.36821503659686844,0.6570143262035445,0.9048582995951417,0.9494755229774419,1.0,1/16,1.53%,PMAIP1
GO_Biological_Process_2023,prerank,Cellular Response To Hormone Stimulus (GO:0032870),0.37910688723414854,0.6473381427706272,0.9114173228346457,0.9545007544317928,1.0,1/13,5.41%,AKR1C2
GO_Biological_Process_2023,prerank,Regulation Of Protein Catabolic Process (GO:0042176),-0.3798443029134724,-0.6468353608449878,0.8927875243664717,0.99346077437552,1.0,2/11,22.28%,AZIN1;EEF1A1
GO_Biological_Process_2023,prerank,Regulation Of Macromolecule Metabolic Process (GO:0060255),-0.37776032593321884,-0.6465705351252213,0.9117647058823529,0.9820650311832544,1.0,4/12,17.86%,EDN3;CDK6;LHX1;ANKRA2
GO_Biological_Process_2023,prerank,Transmembrane Receptor Protein Serine/Threonine Kinase Signaling Pathway (GO:0007178),-0.3416001262255949,-0.6429423908111673,0.9415204678362573,0.9738072295844532,1.0,3/19,3.95%,TGFB1I1;SMAD6;CLDN5
GO_Biological_Process_2023,prerank,Negative Regulation Of Cellular Catabolic Process (GO:0031330),-0.38150607164357647,-0.6288316606634266,0.9233576642335767,0.9727859356997595,1.0,4/10,21.60%,HGF;STK38L;DAPL1;LEPR
GO_Biological_Process_2023,prerank,DNA Metabolic Process (GO:0006259),0.33128735125189723,0.6123953151441371,0.9702127659574468,0.9794847000784102,1.0,2/16,8.86%,PCLAF;TOP2A
GO_Biological_Process_2023,prerank,Icosanoid Metabolic Process (GO:0006690),0.36014214112398646,0.606061059214349,0.941908713692946,0.9787024551744438,1.0,5/11,20.18%,MGLL;CYP4F3;PYCARD;HPGD;ALOX5
GO_Biological_Process_2023,prerank,Phosphate-Containing Compound Metabolic Process (GO:0006796),0.3590586944049209,0.6001533408751412,0.9352051835853131,0.9776010584941663,1.0,2/11,13.35%,ALPL;ACP3
GO_Biological_Process_2023,prerank,Regulation Of Protein Binding (GO:0043393),-0.37070099868816014,-0.5963704997612175,0.946969696969697,0.981109448946114,1.0,2/10,11.64%,CLDN5;EFHB
GO_Biological_Process_2023,prerank,Blood Vessel Diameter Maintenance (GO:0097746),0.3597370421861674,0.5831793801700985,0.9652777777777778,0.9821447483318353,1.0,2/10,14.80%,KLF2;EDN1
GO_Biological_Process_2023,prerank,Intracellular Calcium Ion Homeostasis (GO:0006874),0.30615035406369095,0.571445848979059,0.9752577319587629,0.9828524840637481,1.0,4/17,21.14%,MICU3;EDN1;TMEM64;FZD9
GO_Biological_Process_2023,prerank,Positive Regulation Of Cellular Component Organization (GO:0051130),-0.30030714124449354,-0.5083413582690754,0.9921875,0.9956477745923438,1.0,4/11,29.00%,VEGFA;FRMPD4;LGALS3;APOC2
GO_Biological_Process_2023,prerank,Myeloid Leukocyte Differentiation (GO:0002573),0.30159734435920305,0.5025738027954115,0.9915433403805497,0.9954980185680479,1.0,2/10,15.77%,LIF;DCSTAMP
KEGG_2021_Human,prerank,JAK-STAT signaling pathway,0.8744484262048449,1.6230041936708872,0.022587268993839837,1.0,0.26,4/18,2.70%,IL6;PDGFRA;EGF;IL3RA
KEGG_2021_Human,prerank,HIF-1 signaling pathway,0.9251049274932074,1.6220244431184199,0.018947368421052633,0.5877604315586816,0.262,3/13,1.57%,IL6;EGF;ANGPT2
KEGG_2021_Human,prerank,FoxO signaling pathway,0.8999344518148717,1.6010512355184126,0.01762114537444934,0.4667276643601914,0.306,4/14,1.21%,IL6;PCK1;BCL6;EGF
KEGG_2021_Human,prerank,Ras signaling pathway,0.8133838748119662,1.599364830847753,0.02390438247011952,0.3551876632164846,0.31,7/24,7.19%,PDGFRA;RASA4B;EGF;ANGPT2;RRAS2;PDGFC;GNG12
KEGG_2021_Human,prerank,Cellular senescence,0.8699193849247848,1.5713392189837754,0.03282275711159737,0.36040868454661557,0.394,2/18,2.06%,IL6;RRAS2
KEGG_2021_Human,prerank,PI3K-Akt signaling pathway,0.7605779849574648,1.5582668212035984,0.04554455445544554,0.3327741878093568,0.431,9/37,8.08%,IL6;PDGFRA;PCK1;EGF;ANGPT2;IL3RA;PDGFC;GNG12;IL2RG
KEGG_2021_Human,prerank,Human cytomegalovirus infection,0.8110824247780235,1.550870621953991,0.047337278106508875,0.3033164772742745,0.458,2/22,0.28%,IL6;PDGFRA
KEGG_2021_Human,prerank,Transcriptional misregulation in cancer,0.80409993757772,1.533260115868056,0.04329004329004329,0.30436181163149767,0.511,2/23,0.75%,IL6;BCL6
KEGG_2021_Human,prerank,Coronavirus disease,0.7496704710253496,1.5285124673565664,0.06072106261859583,0.27986080665213736,0.523,8/36,8.43%,RPS19;IL6;CXCL10;OAS2;RPS24;NFKBIA;RPL41;RPL21
KEGG_2021_Human,prerank,Chagas disease,0.8772411400167932,1.527231007986592,0.028513238289205704,0.25393149196546005,0.524,1/12,0.18%,IL6
KEGG_2021_Human,prerank,Pathways in cancer,0.717196772720343,1.5137257697063788,0.05697445972495088,0.2581744707323709,0.574,11/50,10.11%,IL6;PDGFRA;CKS2;EGF;PMAIP1;IL3RA;GNG12;NFKBIA;IL2RG;DLL4;SMAD4
KEGG_2021_Human,prerank,Epstein-Barr virus infection,0.7786093442097468,1.482547424330742,0.04411764705882353,0.30416404567202304,0.666,6/22,9.07%,IL6;RUNX3;CXCL10;OAS2;NFKBIA;HLA-DRB5
KEGG_2021_Human,prerank,Kaposi sarcoma-associated herpesvirus infection,0.7745796783331903,1.4786134921458598,0.05454545454545454,0.2898944710576208,0.68,4/21,8.04%,IL6;ANGPT2;GNG12;NFKBIA
KEGG_2021_Human,prerank,Inflammatory bowel disease,0.8700198754857937,1.4772155725217544,0.03355704697986577,0.2715609146386295,0.684,3/11,9.07%,IL6;IL2RG;HLA-DRB5
KEGG_2021_Human,prerank,Hepatitis B,0.8422283377289149,1.4717825729531557,0.04897959183673469,0.2637934211445963,0.698,3/12,10.11%,IL6;NFKBIA;SMAD4
KEGG_2021_Human,prerank,Viral protein interaction with cytokine and cytokine receptor,0.8104645804925633,1.4700151190781912,0.040339702760084924,0.25116276853281483,0.709,3/16,8.08%,IL6;CXCL10;IL2RG
KEGG_2021_Human,prerank,Th17 cell differentiation,0.8576113599488131,1.4565417067658384,0.048728813559322036,0.26077186750493647,0.744,5/11,10.11%,IL6;NFKBIA;IL2RG;HLA-DRB5;SMAD4
KEGG_2021_Human,prerank,MAPK signaling pathway,0.7368979185621263,1.455215092210023,0.057539682539682536,0.24839404510016966,0.748,7/28,7.19%,PDGFRA;HSPB1;EGF;ANGPT2;RRAS2;PDGFC;GNG12
KEGG_2021_Human,prerank,Phospholipase D signaling pathway,0.8217182876494544,1.4497909256726726,0.0709812108559499,0.24506324999322807,0.768,4/15,4.70%,PDGFRA;EGF;RRAS2;PDGFC
KEGG_2021_Human,prerank,Influenza A,0.7485485167126325,1.4468076939066874,0.07317073170731707,0.23795200243990774,0.778,6/24,9.07%,IL6;CXCL10;OAS2;NFKBIA;TPSD1;HLA-DRB5
KEGG_2021_Human,prerank,C-type lectin receptor signaling pathway,0.8851576362280815,1.4451113015389885,0.045548654244306416,0.22880579768553694,0.782,2/10,2.06%,IL6;RRAS2
KEGG_2021_Human,prerank,Calcium signaling pathway,0.755572315642488,1.4365221462731135,0.04921259842519685,0.23523361943331061,0.799,3/23,4.70%,PDGFRA;EGF;PDGFC
KEGG_2021_Human,prerank,Leukocyte transendothelial migration,-0.8035746205972408,-1.436089828548316,0.04024144869215292,1.0,0.739,3/15,5.69%,PECAM1;CLDN5;ITGAL
KEGG_2021_Human,prerank,Hematopoietic cell lineage,0.8794552572842846,1.4348503201596332,0.04025423728813559,0.228514266912978,0.804,4/10,9.07%,IL6;IL3RA;CD55;HLA-DRB5
KEGG_2021_Human,prerank,Measles,0.77268042479247,1.4110626262315848,0.08016032064128256,0.2567002153981053,0.862,4/17,8.08%,IL6;OAS2;NFKBIA;IL2RG
KEGG_2021_Human,prerank,Insulin resistance,0.8476205993266355,1.4034263641168228,0.08577405857740586,0.26250662396828117,0.877,2/10,0.43%,IL6;PCK1
KEGG_2021_Human,prerank,Rap1 signaling pathway,0.7516699891927305,1.3859953849786033,0.08617234468937876,0.28691276889938755,0.915,4/19,4.70%,PDGFRA;EGF;ANGPT2;PDGFC
KEGG_2021_Human,prerank,AGE-RAGE signaling pathway in diabetic complications,0.843595584243783,1.3845526359686675,0.06720977596741344,0.2792162361175533,0.915,1/10,0.18%,IL6
KEGG_2021_Human,prerank,Focal adhesion,0.7520972646153201,1.3819738967087842,0.08731808731808732,0.27404711527202524,0.918,3/21,4.70%,PDGFRA;EGF;PDGFC
KEGG_2021_Human,prerank,Rheumatoid arthritis,0.7757877711315165,1.3708633035623388,0.10625,0.2853830990377745,0.936,1/14,0.18%,IL6
KEGG_2021_Human,prerank,Glucagon signaling pathway,0.8174504245675656,1.3615147316508878,0.10677618069815195,0.2929573079684591,0.947,1/10,0.43%,PCK1
KEGG_2021_Human,prerank,Ribosome,0.7105528111624353,1.3540528103152292,0.10978043912175649,0.2962661663871964,0.951,1/23,0.11%,RPS19
KEGG_2021_Human,prerank,Prion disease,0.7469691028720769,1.3487364829913349,0.12738853503184713,0.29640173176264273,0.955,1/16,0.18%,IL6
KEGG_2021_Human,prerank,Parkinson disease,-0.748429886258879,-1.3417161515979181,0.10074626865671642,1.0,0.949,5/15,14.34%,NDUFB3;SDHD;XBP1;MFN2;COX7C
KEGG_2021_Human,prerank,MicroRNAs in cancer,0.8067202766600328,1.3395305266783932,0.12017167381974249,0.30319319459823835,0.959,2/11,5.34%,PDGFRA;TPM1
KEGG_2021_Human,prerank,Herpes simplex virus 1 infection,0.6636803166173704,1.3349562499591432,0.13131313131313133,0.3032566489167864,0.961,10/31,17.26%,IL6;ZNF556;OAS2;NFKBIA;HLA-DRB5;ZNF718;ZNF624;BIRC3;ZNF783;BID
KEGG_2021_Human,prerank,Human T-cell leukemia virus 1 infection,0.7077288411030163,1.3341230752838351,0.1192468619246862,0.2958578753740874,0.962,5/21,10.11%,IL6;NFKBIA;IL2RG;HLA-DRB5;SMAD4
KEGG_2021_Human,prerank,Lipid and atherosclerosis,0.6854652913374498,1.325227448720761,0.138671875,0.30328508585213565,0.967,1/25,0.18%,IL6
KEGG_2021_Human,prerank,AMPK signaling pathway,0.7598551087997815,1.32467661749608,0.15065502183406113,0.2956440743368175,0.967,1/13,0.43%,PCK1
KEGG_2021_Human,prerank,TNF signaling pathway,0.7304625440954987,1.3028776383337577,0.14437367303609341,0.3232536651286821,0.978,4/17,9.79%,IL6;CXCL10;NFKBIA;LIF
KEGG_2021_Human,prerank,Axon guidance,-0.7173262374924758,-1.2871776251206013,0.14575645756457564,1.0,0.985,5/15,26.01%,EPHB4;NTN1;TRPC6;DPYSL5;MYL12B
KEGG_2021_Human,prerank,Cytokine-cytokine receptor interaction,0.62143604803959,1.2819643601280433,0.13524590163934427,0.35257106744497374,0.986,7/36,9.79%,IL6;GDF10;IL3RA;CXCL10;BMP5;IL2RG;LIF
KEGG_2021_Human,prerank,Chemical carcinogenesis,0.6727680476106548,1.265745429391867,0.169921875,0.37251196126646463,0.991,4/21,9.89%,BCL6;EGF;AKR1C2;DLL4
KEGG_2021_Human,prerank,Cell adhesion molecules,-0.6826278293284932,-1.2559846257687404,0.16184971098265896,1.0,0.994,3/18,5.69%,PECAM1;CLDN5;ITGAL
KEGG_2021_Human,prerank,Natural killer cell mediated cytotoxicity,-0.6901198321615893,-1.2473871843701634,0.19653179190751446,0.9515414138912962,0.994,4/16,12.81%,SH2D1A;ITGAL;LCP2;TNFRSF10B
KEGG_2021_Human,prerank,Choline metabolism in cancer,0.7344609032234403,1.23572811594003,0.23742454728370221,0.4178746488099639,0.994,3/11,4.70%,PDGFRA;EGF;PDGFC
KEGG_2021_Human,prerank,Toll-like receptor signaling pathway,0.734400557609846,1.205386605036306,0.2472885032537961,0.4637894272479965,0.996,3/10,8.04%,IL6;CXCL10;NFKBIA
KEGG_2021_Human,prerank,Platelet activation,-0.6796027564569118,-1.1993172823781293,0.24229979466119098,1.0,0.998,3/13,17.69%,LCP2;VAMP8;P2RY12
KEGG_2021_Human,prerank,Tuberculosis,0.6829041684364271,1.1987460653339808,0.22247706422018348,0.46481439368248306,0.996,3/15,9.07%,IL6;CEBPG;HLA-DRB5
KEGG_2021_Human,prerank,Toxoplasmosis,0.6836493440554662,1.1980543503911254,0.26215644820295986,0.4552572387106612,0.996,7/14,20.82%,NFKBIA;HLA-DRB5;CIITA;BIRC3;LAMC2;ALOX5;IFNGR2
KEGG_2021_Human,prerank,Wnt signaling pathway,-0.6504854646864162,-1.197112037814708,0.23121387283236994,0.8800398208063713,0.998,3/17,6.58%,TBL1Y;CCN4;SFRP4
KEGG_2021_Human,prerank,Complement and coagulation cascades,-0.66234962799256,-1.1882821370198398,0.2523719165085389,0.8043518633155875,0.999,7/15,17.30%,CFHR4;PROS1;F13B;C4B;F11;SERPINA5;CFHR3
KEGG_2021_Human,prerank,Non-alcoholic fatty liver disease,0.6771976846537174,1.1785458597580303,0.24835164835164836,0.47977142808732,0.997,1/12,0.18%,IL6
KEGG_2021_Human,prerank,Thermogenesis,-0.6779488153557055,-1.1731107315599951,0.2820037105751391,0.7630603064551312,0.999,6/12,14.34%,NDUFB3;ACSL5;PRKAB2;SDHD;RPS6KA1;COX7C
KEGG_2021_Human,prerank,NOD-like receptor signaling pathway,0.6384534042939912,1.1591181078991462,0.2727272727272727,0.5077598016911942,0.997,3/16,8.04%,IL6;OAS2;NFKBIA
KEGG_2021_Human,prerank,Apoptosis,0.6461597601912497,1.1450278681721358,0.2795918367346939,0.5219338215582233,0.998,6/14,17.26%,PMAIP1;IL3RA;NFKBIA;BIRC3;TUBA4A;BID
KEGG_2021_Human,prerank,Pathways of neurodegeneration,0.588198984056182,1.1426435769692356,0.27233115468409586,0.5145870265530585,0.998,1/27,0.18%,IL6
KEGG_2021_Human,prerank,Alzheimer disease,0.5962831896228329,1.1417876259701907,0.267223382045929,0.5057642431364952,0.998,1/22,0.18%,IL6
KEGG_2021_Human,prerank,Phagosome,0.6379391586568288,1.1367143792150078,0.3,0.5041608051695544,0.998,3/16,17.19%,COLEC12;HLA-DRB5;TUBA4A
KEGG_2021_Human,prerank,Th1 and Th2 cell differentiation,0.6574967472370483,1.1359600812488648,0.32432432432432434,0.4956712941938942,0.998,5/12,9.89%,RUNX3;NFKBIA;IL2RG;HLA-DRB5;DLL4
KEGG_2021_Human,prerank,Hepatitis C,0.6340286151949097,1.132007331538917,0.3185483870967742,0.4928023454786193,0.998,4/15,8.04%,EGF;CXCL10;OAS2;NFKBIA
KEGG_2021_Human,prerank,Lysosome,0.710387509787794,1.1284571260143539,0.35403726708074534,0.4902506192380828,0.998,4/10,12.92%,DNASE2B;MAN2B1;ASAH1;HYAL2
KEGG_2021_Human,prerank,Small cell lung cancer,0.6770187429320528,1.1221859717840983,0.3494736842105263,0.4913092406563747,0.998,2/10,8.04%,CKS2;NFKBIA
KEGG_2021_Human,prerank,Diabetic cardiomyopathy,0.6268131794214258,1.1159758284716577,0.3156779661016949,0.4923868986658487,0.998,1/14,0.85%,REN
KEGG_2021_Human,prerank,Yersinia infection,0.638763463816489,1.1118155362222972,0.3543788187372709,0.49082685913617463,0.998,1/13,0.18%,IL6
KEGG_2021_Human,prerank,cAMP signaling pathway,0.6167016048966599,1.1093481467514095,0.32919254658385094,0.48607403260634385,0.998,3/16,8.04%,RRAS2;ATP1A4;NFKBIA
KEGG_2021_Human,prerank,Regulation of actin cytoskeleton,0.6270296113079482,1.1085963113759598,0.35306122448979593,0.479002792879308,0.998,5/15,7.19%,PDGFRA;EGF;RRAS2;PDGFC;GNG12
KEGG_2021_Human,prerank,Cushing syndrome,-0.6001706003063718,-1.08654682034536,0.37358490566037733,0.9572436725092414,1.0,2/15,13.52%,KMT2D;CDK6
KEGG_2021_Human,prerank,Fluid shear stress and atherosclerosis,-0.5585733191921367,-1.0711657043659746,0.40165631469979296,0.9151623416820891,1.0,5/22,20.43%,PECAM1;NPPC;VCAM1;VEGFA;KDR
KEGG_2021_Human,prerank,Gastric cancer,0.6351572497325038,1.056570831503534,0.41830065359477125,0.5547368682918288,0.998,2/11,10.11%,EGF;SMAD4
KEGG_2021_Human,prerank,Salmonella infection,0.5584116358811811,1.0534592099831697,0.38095238095238093,0.5507650127396224,0.998,1/21,0.18%,IL6
KEGG_2021_Human,prerank,Leishmaniasis,0.6142319055612819,1.0428390305956738,0.4403470715835141,0.5596841494430992,0.999,2/11,9.07%,NFKBIA;HLA-DRB5
KEGG_2021_Human,prerank,RNA transport,0.5955829642852846,1.0403422160655416,0.43186582809224316,0.5546633413085359,0.999,1/14,0.39%,SNORD3C
KEGG_2021_Human,prerank,Endocytosis,0.5532076317135937,1.0373797382796839,0.39314516129032256,0.5507059968660015,0.999,1/22,0.28%,PDGFRA
KEGG_2021_Human,prerank,Amyotrophic lateral sclerosis,-0.5399845676543936,-1.0299141636245401,0.4202626641651032,0.952522447632018,1.0,6/22,14.41%,NDUFB3;SDHD;XBP1;CHMP2B;COX7C;DCTN6
KEGG_2021_Human,prerank,Malaria,0.5898381528594934,0.9995051213404786,0.4943820224719101,0.6031861763977049,1.0,1/12,0.18%,IL6
KEGG_2021_Human,prerank,Breast cancer,0.5545920709374496,0.989208146667876,0.4663951120162933,0.6101901339163306,1.0,2/15,9.89%,EGF;DLL4
KEGG_2021_Human,prerank,Tight junction,-0.541790682734271,-0.9774774820797115,0.4990138067061144,1.0,1.0,5/16,17.83%,WAS;CLDN5;PRKAB2;ACTR3;CLDN20
KEGG_2021_Human,prerank,Pathogenic Escherichia coli infection,0.5316175144470701,0.9713658302569331,0.5182926829268293,0.6297827014931149,1.0,1/21,0.18%,IL6
KEGG_2021_Human,prerank,Oxytocin signaling pathway,0.5648751067662909,0.9628100334996701,0.5377969762419006,0.6334650303124966,1.0,2/13,9.04%,MYL6;RGS2
KEGG_2021_Human,prerank,Huntington disease,-0.5214273715326385,-0.9619201195685217,0.5393258426966292,0.9850848845171348,1.0,5/18,14.41%,NDUFB3;SDHD;TGM2;COX7C;DCTN6
KEGG_2021_Human,prerank,Relaxin signaling pathway,0.5305176099935953,0.9402658842488224,0.5447154471544715,0.6602823722272119,1.0,4/14,14.80%,GNG12;NFKBIA;RXFP4;EDN1
KEGG_2021_Human,prerank,Human papillomavirus infection,0.47269195475918013,0.9323690132086178,0.5604838709677419,0.6641038242625509,1.0,1/28,1.21%,EGF
KEGG_2021_Human,prerank,Neutrophil extracellular trap formation,-0.45808836245919604,-0.9213573651956793,0.5598377281947262,1.0,1.0,3/26,8.83%,ITGAL;H4C4;H3C13
KEGG_2021_Human,prerank,Systemic lupus erythematosus,-0.47034127956747845,-0.9169051292699895,0.5883458646616542,0.96064663329737,1.0,3/23,8.97%,H4C4;H3C13;C4B
KEGG_2021_Human,prerank,Neuroactive ligand-receptor interaction,0.45706164137741234,0.9141115322824026,0.5538160469667319,0.6842250161344344,1.0,5/28,18.04%,FPR2;UCN3;RXFP4;EDN1;ADRA2B
KEGG_2021_Human,prerank,Apelin signaling pathway,0.5091918136040975,0.8798312873492324,0.6423982869379015,0.7276450299363901,1.0,4/14,10.11%,RRAS2;GNG12;KLF2;SMAD4
KEGG_2021_Human,prerank,Hepatocellular carcinoma,-0.47559597258008324,-0.8517418576156195,0.6856617647058824,1.0,1.0,2/15,13.52%,HGF;CDK6
KEGG_2021_Human,prerank,cGMP-PKG signaling pathway,0.49667559225035574,0.8431669536559858,0.6753812636165577,0.7733747715233963,1.0,2/12,9.04%,ATP1A4;RGS2
KEGG_2021_Human,prerank,Alcoholism,-0.43316995853903917,-0.8297153639157777,0.7279693486590039,1.0,1.0,3/22,11.85%,H4C4;H3C13;GNG7
KEGG_2021_Human,prerank,mTOR signaling pathway,0.48515316596141067,0.8280509196772688,0.6858974358974359,0.7866858955628617,1.0,1/12,5.55%,LAMTOR2
KEGG_2021_Human,prerank,Antigen processing and presentation,0.5053246491704351,0.8197401572930659,0.7235772357723578,0.7895458505340133,1.0,2/10,14.41%,HLA-DRB5;CIITA
KEGG_2021_Human,prerank,Human immunodeficiency virus 1 infection,0.44244250153335385,0.7992640771936887,0.7423312883435583,0.8121799686116035,1.0,2/17,8.04%,GNG12;NFKBIA
KEGG_2021_Human,prerank,PPAR signaling pathway,0.4503309573748497,0.7789734422598263,0.764172335600907,0.8325738719188891,1.0,1/13,0.43%,PCK1
KEGG_2021_Human,prerank,Olfactory transduction,0.3775858510167003,0.7726319878133001,0.7768762677484787,0.8315211027511594,1.0,4/34,11.21%,OR7A5;OR2A4;RGS2;OR5H14
KEGG_2021_Human,prerank,Protein digestion and absorption,-0.44390898877632656,-0.7697765072404122,0.79491833030853,1.0,1.0,2/11,5.23%,CPB1;COL11A2
KEGG_2021_Human,prerank,Proteoglycans in cancer,0.3963914219663369,0.719461474413838,0.8559322033898306,0.8982834134661206,1.0,1/15,2.06%,RRAS2
KEGG_2021_Human,prerank,Viral carcinogenesis,0.382740199613826,0.7168033809941977,0.8370672097759674,0.8907579084064619,1.0,2/21,8.04%,PMAIP1;NFKBIA
KEGG_2021_Human,prerank,TGF-beta signaling pathway,-0.4273542672936036,-0.7038200842182905,0.872,1.0,1.0,3/10,15.48%,SMAD6;BMP6;INHBA
KEGG_2021_Human,prerank,Viral myocarditis,0.4172681593273774,0.6859827277977096,0.8626262626262626,0.9188206477192582,1.0,2/11,9.07%,CD55;HLA-DRB5
KEGG_2021_Human,prerank,Chemokine signaling pathway,0.3485593659924474,0.6657553257640692,0.9256198347107438,0.931658344199724,1.0,3/20,8.04%,CXCL10;GNG12;NFKBIA
KEGG_2021_Human,prerank,Hippo signaling pathway,-0.35527509244914723,-0.6422327070456487,0.9408284023668639,1.0,1.0,1/15,2.35%,AREG
KEGG_2021_Human,prerank,Osteoclast differentiation,-0.3578301440061847,-0.6336369398862102,0.953757225433526,1.0,1.0,4/14,24.70%,LCP2;TNFRSF11A;LILRB3;FOSL1
KEGG_2021_Human,prerank,Staphylococcus aureus infection,0.3469023248863793,0.6187539046383129,0.9381663113006397,0.9626668080027858,1.0,3/15,10.25%,FPR2;HLA-DRB5;KRT16
KEGG_2021_Human,prerank,Necroptosis,-0.35207852457404665,-0.5966391606621044,0.9530332681017613,1.0,1.0,2/12,12.81%,CHMP2B;TNFRSF10B
KEGG_2021_Human,prerank,NF-kappa B signaling pathway,-0.341982694088913,-0.5735734497009125,0.958498023715415,1.0,1.0,4/11,18.40%,BCL2A1;EDARADD;VCAM1;TNFRSF11A
KEGG_2021_Human,prerank,Vascular smooth muscle contraction,-0.324452059938443,-0.5660073216723377,0.974910394265233,1.0,1.0,6/13,25.94%,NPPC;EDN3;PLA2G5;RAMP2;AVPR1A;KCNMB2
KEGG_2021_Human,prerank,Estrogen signaling pathway,0.2949549449013733,0.524284945866628,0.9940119760479041,0.9932521301538285,1.0,1/15,10.25%,KRT16
KEGG_2021_Human,prerank,Shigellosis,-0.2510102485497486,-0.4752864455796173,1.0,0.9988326641787085,1.0,2/19,13.70%,H3C13;ACTR3
Reactome_2022,prerank,Sensory Perception R-HSA-9709957,0.8499401134742576,1.8409714975033482,0.001,0.09650836802310764,0.041,3/51,2.81%,RPE65;GNAT3;OR7A5
Reactome_2022,prerank,Visual Phototransduction R-HSA-2187338,0.9409993430166204,1.6608713314592034,0.0021551724137931034,0.865177130235324,0.325,1/14,0.04%,RPE65
Reactome_2022,prerank,MAPK Family Signaling Cascades R-HSA-5683057,0.8246167595830048,1.574156872322127,0.03962264150943396,1.0,0.546,6/24,5.55%,IL6;PDGFRA;HSPB1;EGF;IL3RA;LAMTOR2
Reactome_2022,prerank,Interleukin-4 And Interleukin-13 Signaling R-HSA-6785807,0.8324329576416827,1.5107016709864955,0.03838383838383838,1.0,0.727,2/16,0.75%,IL6;BCL6
Reactome_2022,prerank,Metabolism Of RNA R-HSA-8953854,0.7532254443206954,1.5077441803704037,0.05327868852459016,1.0,0.734,7/34,8.43%,RPS19;HSPB1;SNRPG;COLEC12;RPS24;RPL41;RPL21
Reactome_2022,prerank,RAC1 GTPase Cycle R-HSA-9013149,-0.8468596908149173,-1.5073006166040668,0.008350730688935281,0.8435772097123168,0.515,6/15,6.33%,CYFIP1;WAS;ARHGAP23;ARHGAP30;DOCK7;JAG1
Reactome_2022,prerank,MAPK1/MAPK3 Signaling R-HSA-5684996,0.807895720087987,1.490376157168351,0.05970149253731343,1.0,0.794,6/20,8.08%,IL6;PDGFRA;EGF;IL3RA;LAMTOR2;IL2RG
Reactome_2022,prerank,Signaling By Interleukins R-HSA-449147,0.7077279647588253,1.4742773325065686,0.05776892430278884,0.9930458633202665,0.824,7/38,9.79%,IL6;BCL6;IL3RA;CXCL10;NFKBIA;IL2RG;LIF
Reactome_2022,prerank,Intracellular Signaling By Second Messengers R-HSA-9006925,0.7928259473636043,1.4737404070037305,0.06262626262626263,0.7746344594530815,0.825,3/19,5.55%,PDGFRA;EGF;LAMTOR2
Reactome_2022,prerank,PIP3 Activates AKT Signaling R-HSA-1257604,0.7928259473636043,1.4737404070037305,0.06262626262626263,0.7746344594530815,0.825,3/19,5.55%,PDGFRA;EGF;LAMTOR2
Reactome_2022,prerank,ADORA2B Mediated Anti-Inflammatory Cytokine Production R-HSA-9660821,0.8384472346852638,1.4596322647752769,0.034261241970021415,0.7643190892872314,0.862,3/14,7.19%,IL6;GNAT3;GNG12
Reactome_2022,prerank,Anti-inflammatory Response Favoring Leishmania Infection R-HSA-9662851,0.7547525859159053,1.4301439506321962,0.06639839034205232,0.8350877734957252,0.916,4/22,10.68%,IL6;GNAT3;GNG12;TARP
Reactome_2022,prerank,Cellular Response To Starvation R-HSA-9711097,0.7554375215663856,1.423736277278036,0.08793456032719836,0.7975533089796959,0.922,6/22,8.43%,RPS19;LAMTOR2;CEBPG;RPS24;RPL41;RPL21
Reactome_2022,prerank,SARS-CoV-2-host Interactions R-HSA-9705683,0.7646624054887303,1.3926257110005695,0.08993576017130621,0.8860367395750965,0.954,1/18,0.11%,RPS19
Reactome_2022,prerank,Metabolism Of Amino Acids And Derivatives R-HSA-71291,0.6684077381154131,1.3869397211470098,0.09315589353612168,0.8467298566695389,0.96,7/41,8.51%,RPS19;SERINC4;GATM;RPS24;RPL41;RPL21;SRMS
Reactome_2022,prerank,SARS-CoV-2 Infection R-HSA-9694516,0.6831976354670294,1.3869142211225238,0.0975103734439834,0.7902811995582364,0.96,1/30,0.11%,RPS19
Reactome_2022,prerank,Influenza Infection R-HSA-168255,0.7405533395203115,1.377827542170782,0.1022964509394572,0.7794579899753632,0.965,1/21,0.11%,RPS19
Reactome_2022,prerank,SARS-CoV Infections R-HSA-9679506,0.6521180704436358,1.3710338534809319,0.096,0.7611927618723984,0.966,3/40,5.27%,RPS19;ATP1A4;SNRPG
Reactome_2022,prerank,Post-translational Protein Phosphorylation R-HSA-8957275,0.7958627215126448,1.3705263036851743,0.10681818181818181,0.682641102799476,0.967,2/12,2.31%,IL6;MATN3
Reactome_2022,prerank,Regulation Of IGF Transport And Uptake By IGFBPs R-HSA-381426,0.7958627215126448,1.3705263036851743,0.10681818181818181,0.682641102799476,0.967,2/12,2.31%,IL6;MATN3
Reactome_2022,prerank,Response Of EIF2AK4 (GCN2) To Amino Acid Deficiency R-HSA-9633012,0.7482983335506413,1.3703957414062176,0.09603340292275574,0.6489847931356725,0.968,5/19,8.43%,RPS19;CEBPG;RPS24;RPL41;RPL21
Reactome_2022,prerank,Selenoamino Acid Metabolism R-HSA-2408522,0.7427828560703628,1.3699479037016005,0.10351966873706005,0.6191811190536872,0.968,1/20,0.11%,RPS19
Reactome_2022,prerank,CDC42 GTPase Cycle R-HSA-9013148,-0.8082618639283933,-1.3646174339815047,0.07894736842105263,1.0,0.959,3/11,4.98%,WAS;ARHGAP30;DOCK7
Reactome_2022,prerank,Nonsense Mediated Decay (NMD) Enhanced By Exon Junction Complex (EJC) R-HSA-975957,0.743006919155899,1.3587637691322907,0.11570247933884298,0.6305790038692936,0.978,1/19,0.11%,RPS19
Reactome_2022,prerank,Cap-dependent Translation Initiation R-HSA-72737,0.743006919155899,1.3578237962275976,0.12291666666666666,0.6057628733844784,0.979,1/19,0.11%,RPS19
Reactome_2022,prerank,RAF/MAP Kinase Cascade R-HSA-5673001,0.7451454368783915,1.3557182600174245,0.10881801125703565,0.5865828448446747,0.98,5/19,8.08%,PDGFRA;EGF;IL3RA;LAMTOR2;IL2RG
Reactome_2022,prerank,Influenza Viral RNA Transcription And Replication R-HSA-168273,0.743006919155899,1.3538911066993404,0.1228813559322034,0.5695896695268031,0.981,1/19,0.11%,RPS19
Reactome_2022,prerank,Separation Of Sister Chromatids R-HSA-2467813,0.8069609999397903,1.3508048030306552,0.13580246913580246,0.5573541232363762,0.981,3/11,10.75%,SKA1;CENPO;CENPA
Reactome_2022,prerank,Regulation Of Expression Of SLITs And ROBOs R-HSA-9010553,0.7272304280815094,1.3505606028421693,0.11157894736842106,0.5374161860441701,0.981,1/21,0.11%,RPS19
Reactome_2022,prerank,Eukaryotic Translation Elongation R-HSA-156842,0.727527034920072,1.3472008085607856,0.12368972746331237,0.5287085694867532,0.984,1/20,0.11%,RPS19
Reactome_2022,prerank,Cellular Responses To Stimuli R-HSA-8953897,0.6122425449604683,1.3462148038452892,0.10224948875255624,0.5125395844257805,0.984,9/66,8.43%,RPS19;IL6;MT1M;DDX11;LAMTOR2;CEBPG;RPS24;RPL41;RPL21
Reactome_2022,prerank,Peptide Chain Elongation R-HSA-156902,0.7361073568530784,1.3455320911146054,0.1148936170212766,0.497448531702206,0.984,1/19,0.11%,RPS19
Reactome_2022,prerank,Eukaryotic Translation Termination R-HSA-72764,0.7430071758138632,1.3454601109203945,0.12,0.4035570699405548,0.984,1/18,0.11%,RPS19
Reactome_2022,prerank,GTP Hydrolysis And Joining Of 60S Ribosomal Subunit R-HSA-72706,0.7430071758138632,1.3454601109203945,0.12,0.4035570699405548,0.984,1/18,0.11%,RPS19
Reactome_2022,prerank,L13a-mediated Translational Silencing Of Ceruloplasmin Expression R-HSA-156827,0.7430071758138632,1.3454601109203945,0.12,0.4035570699405548,0.984,1/18,0.11%,RPS19
Reactome_2022,prerank,Selenocysteine Synthesis R-HSA-2408557,0.7430071758138632,1.3454601109203945,0.12,0.4035570699405548,0.984,1/18,0.11%,RPS19
Reactome_2022,prerank,Viral mRNA Translation R-HSA-192823,0.7430071758138632,1.3454601109203945,0.12,0.4035570699405548,0.984,1/18,0.11%,RPS19
Reactome_2022,prerank,Formation Of A Pool Of Free 40S Subunits R-HSA-72689,0.7430071758138632,1.3454601109203945,0.12,0.4035570699405548,0.984,1/18,0.11%,RPS19
Reactome_2022,prerank,Nonsense Mediated Decay (NMD) Independent Of Exon Junction Complex (EJC) R-HSA-975956,0.7430071758138632,1.3454601109203945,0.12,0.4035570699405548,0.984,1/18,0.11%,RPS19
Reactome_2022,prerank,Translation R-HSA-72766,0.6739209422293837,1.3450476973135206,0.11363636363636363,0.39368832411501953,0.984,1/30,0.11%,RPS19
Reactome_2022,prerank,Signaling By ROBO Receptors R-HSA-376176,0.7147779966379134,1.342070455550987,0.11387163561076605,0.3895884932330434,0.986,1/23,0.11%,RPS19
Reactome_2022,prerank,SRP-dependent Cotranslational Protein Targeting To Membrane R-HSA-1799339,0.7320767808753751,1.3416651103902357,0.12159329140461216,0.38073230821510495,0.986,1/19,0.11%,RPS19
Reactome_2022,prerank,rRNA Processing In Nucleus And Cytosol R-HSA-8868773,0.7275984003360906,1.3358859164939094,0.11226611226611227,0.3655179362761853,0.988,1/20,0.11%,RPS19
Reactome_2022,prerank,Major Pathway Of rRNA Processing In Nucleolus And Cytosol R-HSA-6791226,0.7275984003360906,1.3358859164939094,0.11226611226611227,0.3655179362761853,0.988,1/20,0.11%,RPS19
Reactome_2022,prerank,rRNA Processing R-HSA-72312,0.7275984003360906,1.3358859164939094,0.11226611226611227,0.3655179362761853,0.988,1/20,0.11%,RPS19
Reactome_2022,prerank,Cellular Responses To Stress R-HSA-2262752,0.6058716005985669,1.3278463048843023,0.11585365853658537,0.37197735575103685,0.988,8/64,8.43%,RPS19;IL6;DDX11;LAMTOR2;CEBPG;RPS24;RPL41;RPL21
Reactome_2022,prerank,PI3K/AKT Signaling In Cancer R-HSA-2219528,0.8224825648282849,1.3274958669543524,0.14791666666666667,0.36431531352948393,0.988,2/10,1.21%,PDGFRA;EGF
Reactome_2022,prerank,Cellular Senescence R-HSA-2559583,0.7709782609336358,1.3145663144927047,0.1328976034858388,0.38160106082376366,0.992,1/12,0.18%,IL6
Reactome_2022,prerank,Nervous System Development R-HSA-9675108,0.6212747138602053,1.3026242456253465,0.13565891472868216,0.3961846369639052,0.995,5/42,8.43%,RPS19;MYL6;RPS24;RPL41;RPL21
Reactome_2022,prerank,Antigen processing-Cross Presentation R-HSA-1236975,-0.7701584433907,-1.2983473828549095,0.14711359404096835,1.0,0.996,2/10,10.50%,TLR1;VAMP8
Reactome_2022,prerank,SARS-CoV-2 Activates/Modulates Innate And Adaptive Immune Responses R-HSA-9705671,-0.7893530574710029,-1.2969792757805787,0.14128440366972478,1.0,0.996,3/10,20.18%,TLR1;IFIH1;HLA-E
Reactome_2022,prerank,Drug ADME R-HSA-9748784,0.7898779409510334,1.2968171846104508,0.1492842535787321,0.40036247274374875,0.996,3/10,10.43%,PCK1;ABCG2;IMPDH2
Reactome_2022,prerank,Axon Guidance R-HSA-422475,0.6225908974633005,1.296250048827676,0.13663366336633664,0.3930794983867304,0.997,5/41,8.43%,RPS19;MYL6;RPS24;RPL41;RPL21
Reactome_2022,prerank,Senescence-Associated Secretory Phenotype (SASP) R-HSA-2559582,0.7709787716848204,1.2944962858001732,0.1575492341356674,0.3882626794664854,0.997,1/11,0.18%,IL6
Reactome_2022,prerank,Mitotic Anaphase R-HSA-68882,0.70419649662375,1.2924693014754027,0.16297786720321933,0.3767015415983218,0.997,4/18,10.75%,SKA1;TUBB8B;CENPO;CENPA
Reactome_2022,prerank,Mitotic Metaphase And Anaphase R-HSA-2555396,0.70419649662375,1.2924693014754027,0.16297786720321933,0.3767015415983218,0.997,4/18,10.75%,SKA1;TUBB8B;CENPO;CENPA
Reactome_2022,prerank,RHO GTPase Cycle R-HSA-9012999,-0.6195594794497072,-1.2923833854951703,0.11434511434511435,1.0,0.997,6/32,6.33%,CYFIP1;WAS;ARHGAP23;ARHGAP30;DOCK7;JAG1
Reactome_2022,prerank,Chromatin Modifying Enzymes R-HSA-3247509,-0.7111965276160658,-1.2869976575951891,0.15555555555555556,1.0,0.998,4/16,8.83%,YEATS4;KMT2D;KAT2B;H3C13
Reactome_2022,prerank,Adaptive Immune System R-HSA-1280218,-0.546272135078209,-1.2842114780164424,0.07835051546391752,1.0,0.998,14/65,16.23%,TLR1;WAS;DNM3;SH2D1A;ASB2;LONRF1;GAN;ITGAL;LCP2;CAPZA2;VAMP8;DCTN6;LRR1;VCAM1
Reactome_2022,prerank,Fatty Acid Metabolism R-HSA-8978868,-0.6863692163279382,-1.2730667139896636,0.15828677839851024,1.0,0.998,6/19,11.28%,FADS2;ACSL5;SLC22A5;PRKAB2;ELOVL3;CYP2J2
Reactome_2022,prerank,Class I MHC Mediated Antigen Processing And Presentation R-HSA-983169,-0.6244490926930172,-1.2636185867998,0.13051823416506717,1.0,0.998,8/26,20.18%,TLR1;ASB2;LONRF1;GAN;VAMP8;LRR1;HECTD2;HLA-E
Reactome_2022,prerank,Degradation Of Extracellular Matrix R-HSA-1474228,0.7014524179255343,1.246906132249419,0.1877637130801688,0.4609986487417911,0.998,9/16,21.92%,CAPN8;COL23A1;CAPN12;ADAM15;LAMC2;CTRB1;ADAMTS9;MMP3;TIMP1
Reactome_2022,prerank,Transcriptional Regulation By TP53 R-HSA-3700989,0.6460505947405125,1.2459945030454607,0.17586912065439672,0.45404745498195503,0.998,3/24,5.55%,BCL6;PMAIP1;LAMTOR2
Reactome_2022,prerank,Diseases Of Metabolism R-HSA-5668914,-0.6086088001167242,-1.2204480301088008,0.19433962264150945,1.0,1.0,4/25,7.69%,LCT;GPC6;MUC20;MUC6
Reactome_2022,prerank,Metabolism Of Lipids R-HSA-556833,-0.5347310900360928,-1.2188451316741635,0.16194331983805668,1.0,1.0,18/56,20.28%,FADS2;GLIPR1;FABP2;ACSL5;SLC22A5;PRKAB2;ELOVL3;CYP2J2;FABP1;PLA2G5;DHCR24;ACACB;ARSG;GK3;APOA1;CCNC;CYP4F22;ACADVL
Reactome_2022,prerank,Innate Immune System R-HSA-168249,-0.467234260478984,-1.2179050188114706,0.11312217194570136,1.0,1.0,26/119,13.70%,GDI2;PECAM1;CYFIP1;CHI3L1;TLR1;WAS;DNM3;CFHR4;GLIPR1;PROS1;SIGLEC14;PSTPIP1;ITGAL;MUC20;DPP7;MUC6;PI3;LCP2;CAPZA2;C4B;VAMP8;RPS6KA1;TTR;FCN1;PIGR;ACTR3
Reactome_2022,prerank,Cell Cycle Checkpoints R-HSA-69620,0.6580963856603494,1.20629032629183,0.23890063424947147,0.5272742719008966,1.0,3/19,10.75%,SKA1;CENPO;CENPA
Reactome_2022,prerank,Infectious Disease R-HSA-5663205,0.5289831635917405,1.205508642261918,0.1619047619047619,0.5193635690619803,1.0,13/87,10.68%,RPS19;IL6;GNAT3;ATP1A4;SNRPG;GNG12;NOXA1;RPS24;RPL41;RPL21;UCN3;IMPDH2;TARP
Reactome_2022,prerank,Phase II - Conjugation Of Compounds R-HSA-156580,-0.7281341763857625,-1.203794076718365,0.2709551656920078,1.0,1.0,4/10,23.13%,ABHD10;UGT3A2;GCLM;UGT2B17
Reactome_2022,prerank,Signal Transduction R-HSA-162582,0.4859680909757266,1.1921212831984322,0.18070175438596492,0.539631297255968,1.0,31/203,10.75%,IL6;PDGFRA;PCK1;HSPB1;EGF;SKA1;RUNX3;RRAS2;GNAT3;IL3RA;MYL6;CXCL10;PDGFC;CENPO;LAMTOR2;FPR2;CD55;ARHGAP11A;GNG12;NOXA1;NFKBIA;IL2RG;SRMS;MGLL;UCN3;CRABP1;RXFP4;DLL4;SMAD4;WWP1;CENPA
Reactome_2022,prerank,Metabolism Of Carbohydrates R-HSA-71387,0.607630965541021,1.1915747090545692,0.24737945492662475,0.5311709959309701,1.0,3/25,6.09%,PCK1;B3GNT7;MAN2B1
Reactome_2022,prerank,Developmental Biology R-HSA-1266738,0.5320318456293335,1.1854059007034614,0.16923076923076924,0.5345858609711601,1.0,11/78,10.96%,RPS19;PCK1;MYL6;TSC22D1;RPS24;RPL41;RPL21;SMAD4;KRT16;LHX3;KRTAP19-8
Reactome_2022,prerank,Interferon Alpha/Beta Signaling R-HSA-909733,0.6830094330985151,1.178690711821626,0.2816593886462882,0.5405148245688557,1.0,1/12,6.41%,OAS2
Reactome_2022,prerank,Cytokine Signaling In Immune System R-HSA-1280215,0.5266948757173486,1.1731757799002254,0.19215686274509805,0.5426395239202765,1.0,14/70,15.09%,IL6;BCL6;IL3RA;CXCL10;OAS2;NFKBIA;IL2RG;HLA-DRB5;LIF;IKBIP;TRIM21;CIITA;IL2RB;BIRC3
Reactome_2022,prerank,G Alpha (I) Signaling Events R-HSA-418594,0.5794268439233439,1.1719593974013058,0.2404040404040404,0.5362769627926479,1.0,8/31,18.04%,GNAT3;CXCL10;FPR2;GNG12;RXFP4;GPSM2;GNA14;ADRA2B
Reactome_2022,prerank,Metabolism Of Proteins R-HSA-392499,0.49484750793773546,1.1717387147350977,0.19056603773584907,0.5280451149111416,1.0,22/152,10.11%,RPS19;IL6;ANKRD9;MATN3;GNAT3;FAM110A;TUBB8B;B3GNT7;ALPL;CD55;LY6K;GNG12;GCNT3;CALB1;RPS24;NFKBIA;RPL41;RPL21;OTOA;TOP2A;ADAMTS14;SMAD4
Reactome_2022,prerank,Diseases Of Glycosylation R-HSA-3781865,-0.647845874685146,-1.1565333642564923,0.2826923076923077,1.0,1.0,3/15,7.69%,GPC6;MUC20;MUC6
Reactome_2022,prerank,Transcriptional Regulation By RUNX1 R-HSA-8878171,-0.6302163319595587,-1.152358909692092,0.2902621722846442,1.0,1.0,5/17,13.52%,CLDN5;KMT2D;KAT2B;H3C13;CDK6
Reactome_2022,prerank,Diseases Of Signal Transduction By Growth Factor Receptors And Second Messengers R-HSA-5663202,0.5877989694406804,1.146852286019102,0.275049115913556,0.5688131849460538,1.0,2/29,1.21%,PDGFRA;EGF
Reactome_2022,prerank,Peptide Ligand-Binding Receptors R-HSA-375276,0.6238640208233209,1.1458320304902727,0.30620985010706636,0.5616933402168302,1.0,4/21,14.80%,CXCL10;FPR2;RXFP4;EDN1
Reactome_2022,prerank,Signaling By Nuclear Receptors R-HSA-9006931,0.5832324010826987,1.1431476909519822,0.26881720430107525,0.558434570837935,1.0,5/25,9.40%,PCK1;EGF;GNAT3;GNG12;CRABP1
Reactome_2022,prerank,Disease R-HSA-1643685,0.474789830272169,1.1360990217422182,0.21693121693121692,0.564524248183938,1.0,20/152,10.68%,RPS19;IL6;PDGFRA;EGF;GNAT3;FAM110A;ATP1A4;SNRPG;GNG12;NOXA1;RPS24;NFKBIA;RPL41;RPL21;UCN3;ADAMTS14;DLL4;SMAD4;IMPDH2;TARP
Reactome_2022,prerank,Disorders Of Transmembrane Transporters R-HSA-5619115,-0.6835871276774517,-1.1351484589108884,0.3058608058608059,1.0,1.0,3/11,17.90%,SLC22A12;SLC22A5;APOA1
Reactome_2022,prerank,Ion Channel Transport R-HSA-983712,0.597679728678544,1.130278924821199,0.3024193548387097,0.5675963359602613,1.0,2/22,10.57%,ATP1A4;WWP1
Reactome_2022,prerank,G Alpha (S) Signaling Events R-HSA-418555,0.6255413269496225,1.127378641730247,0.32186234817813764,0.5650831877409354,1.0,2/15,7.19%,GNAT3;GNG12
Reactome_2022,prerank,HATs Acetylate Histones R-HSA-3214847,-0.6608087034791603,-1.1155362915566038,0.34306569343065696,1.0,1.0,3/12,8.83%,YEATS4;KAT2B;H3C13
Reactome_2022,prerank,Transcriptional Regulation By RUNX2 R-HSA-8878166,-0.6195831724435313,-1.1127466453686319,0.33398821218074654,1.0,1.0,5/15,15.52%,AREG;SMAD6;SP7;GATD3;NKX3-2
Reactome_2022,prerank,Citric Acid (TCA) Cycle And Respiratory Electron Transport R-HSA-1428517,-0.6499237121706258,-1.1098529385790732,0.34026465028355385,1.0,1.0,5/12,14.34%,NDUFB3;SUCLG1;NUBPL;SDHD;COX7C
Reactome_2022,prerank,Asparagine N-linked Glycosylation R-HSA-446203,-0.5653272223723111,-1.107051913536585,0.35094339622641507,1.0,1.0,4/22,14.41%,AREG;CAPZA2;KDELR3;DCTN6
Reactome_2022,prerank,RHOA GTPase Cycle R-HSA-8980692,-0.6833787420967605,-1.1046581820032362,0.3545966228893058,1.0,1.0,2/10,3.24%,ARHGAP23;ARHGAP30
Reactome_2022,prerank,Interleukin-1 Family Signaling R-HSA-446652,0.6464955095989244,1.097043659801522,0.3790849673202614,0.6157505734432079,1.0,4/11,22.60%,NFKBIA;IKBIP;ALOX5;SIGIRR
Reactome_2022,prerank,Platelet Homeostasis R-HSA-418346,-0.6464606458181532,-1.0958904782191181,0.37572254335260113,1.0,1.0,1/11,0.60%,PECAM1
Reactome_2022,prerank,Neuronal System R-HSA-112316,0.5841592617979409,1.095279028893858,0.34029227557411273,0.6103900610356557,1.0,4/21,8.47%,GNAT3;SHANK1;GNG12;SLC1A2
Reactome_2022,prerank,Gene Expression (Transcription) R-HSA-74160,0.47768050512272714,1.0929875959718336,0.25616698292220114,0.6061790275535921,1.0,10/98,5.59%,IL6;PCK1;BCL6;PMAIP1;RUNX3;ZNF556;ZNF678;SNRPG;LAMTOR2;COLEC12
Reactome_2022,prerank,Mitotic Prometaphase R-HSA-68877,0.6232707224289519,1.0864650277420314,0.363265306122449,0.6096990165056215,1.0,3/14,10.75%,SKA1;CENPO;CENPA
Reactome_2022,prerank,RNA Polymerase II Transcription R-HSA-73857,0.4783852778343171,1.08304276955421,0.275,0.6075949367088608,1.0,10/93,5.59%,IL6;PCK1;BCL6;PMAIP1;RUNX3;ZNF556;ZNF678;SNRPG;LAMTOR2;COLEC12
Reactome_2022,prerank,Metabolism Of Vitamins And Cofactors R-HSA-196854,-0.5557418769494104,-1.0772763044426745,0.375,1.0,1.0,9/23,24.80%,GPC6;APOM;TTR;ACACB;APOA1;VKORC1;NMRK2;CD38;AOX1
Reactome_2022,prerank,Generic Transcription Pathway R-HSA-212436,0.47785048966810845,1.069420110759625,0.27626459143968873,0.626679126667233,1.0,7/87,1.96%,IL6;PCK1;BCL6;PMAIP1;RUNX3;ZNF556;ZNF678
Reactome_2022,prerank,Antigen Processing: Ubiquitination And Proteasome Degradation R-HSA-983168,-0.5652039049563516,-1.0660275477433163,0.35645472061657035,1.0,1.0,5/18,18.15%,ASB2;LONRF1;GAN;LRR1;HECTD2
Reactome_2022,prerank,Biological Oxidations R-HSA-211859,-0.5818289070990816,-1.0623876323628767,0.3786407766990291,1.0,1.0,7/17,23.13%,CYP2S1;ABHD10;CYP2J2;UGT3A2;GCLM;CYP4F22;UGT2B17
Reactome_2022,prerank,Toll Like Receptor 4 (TLR4) Cascade R-HSA-166016,-0.5645561817922166,-1.0623146562546912,0.38461538461538464,0.9941578775419628,1.0,4/17,14.91%,TLR1;DNM3;RPS6KA1;DUSP4
Reactome_2022,prerank,Transport To Golgi And Subsequent Modification R-HSA-948021,-0.6205734081284031,-1.0604336834910246,0.4218455743879473,0.9630913267622939,1.0,4/12,14.41%,AREG;CAPZA2;KDELR3;DCTN6
Reactome_2022,prerank,Toll-like Receptor Cascades R-HSA-168898,-0.5539349103134646,-1.0558145888979245,0.39105058365758755,0.9437118645037949,1.0,4/18,14.91%,TLR1;DNM3;RPS6KA1;DUSP4
Reactome_2022,prerank,Complement Cascade R-HSA-166658,-0.6003921346950352,-1.029053984922498,0.46564885496183206,0.9944928168979058,1.0,5/11,17.30%,CFHR4;PROS1;C4B;FCN1;CFHR3
Reactome_2022,prerank,Class B/2 (Secretin Family Receptors) R-HSA-373080,0.6056961637167783,1.024806365958843,0.44375,0.7097729030758019,1.0,3/11,9.15%,CD55;GNG12;UCN3
Reactome_2022,prerank,ER To Golgi Anterograde Transport R-HSA-199977,-0.6206755218831259,-1.0191228040676965,0.4847328244274809,0.9903658145684751,1.0,4/10,14.41%,AREG;CAPZA2;KDELR3;DCTN6
Reactome_2022,prerank,Cilium Assembly R-HSA-5617833,0.5963090368398599,1.0152065752857609,0.44654088050314467,0.7211030410418737,1.0,3/12,19.82%,DYNLT5;TUBA4A;EXOC7
Reactome_2022,prerank,GPCR Ligand Binding R-HSA-500792,0.4757933241439817,1.0118922625553228,0.4146825396825397,0.7178528717905152,1.0,6/48,9.86%,CXCL10;FPR2;CD55;GNG12;UCN3;RXFP4
Reactome_2022,prerank,MyD88:MAL(TIRAP) Cascade Initiated On Plasma Membrane R-HSA-166058,-0.57611953434955,-1.0060827791634062,0.4766355140186916,0.9971894718611136,1.0,3/12,14.91%,TLR1;RPS6KA1;DUSP4
Reactome_2022,prerank,Signaling By Rho GTPases R-HSA-194315,-0.4502413020793619,-1.005814206104856,0.42828282828282827,0.9666264324064429,1.0,8/47,8.83%,CYFIP1;WAS;ARHGAP23;AREG;ARHGAP30;DOCK7;JAG1;H3C13
Reactome_2022,prerank,Potential Therapeutics For SARS R-HSA-9679191,0.5944268386081312,1.0046834135506706,0.48582995951417,0.7246300444452092,1.0,2/11,10.43%,ATP1A4;IMPDH2
Reactome_2022,prerank,Extra-nuclear Estrogen Signaling R-HSA-9009391,0.6096299699821774,1.0045462026990986,0.49478079331941544,0.7158949961770452,1.0,3/10,7.19%,EGF;GNAT3;GNG12
Reactome_2022,prerank,Signaling By GPCR R-HSA-372790,0.45556022037503596,1.0006221532770432,0.4197292069632495,0.7144237092414817,1.0,8/64,9.86%,GNAT3;CXCL10;FPR2;CD55;GNG12;MGLL;UCN3;RXFP4
Reactome_2022,prerank,Post-translational Protein Modification R-HSA-597592,0.4373410059948635,0.9999219630088241,0.375968992248062,0.7070539212740695,1.0,15/99,10.11%,IL6;ANKRD9;MATN3;FAM110A;TUBB8B;B3GNT7;ALPL;CD55;LY6K;GCNT3;NFKBIA;OTOA;TOP2A;ADAMTS14;SMAD4
Reactome_2022,prerank,Membrane Trafficking R-HSA-199991,-0.4591963265653133,-0.9909631981894625,0.45901639344262296,0.9799062424873788,1.0,11/39,14.41%,GDI2;AREG;DNM3;DENND6B;CAPZA2;PRKAB2;VAMP8;CHMP2B;KDELR3;ACTR3;DCTN6
Reactome_2022,prerank,Signaling By Receptor Tyrosine Kinases R-HSA-9006934,0.4832900587329568,0.9906156022002005,0.43636363636363634,0.7169263239347672,1.0,4/35,4.70%,PDGFRA;HSPB1;EGF;PDGFC
Reactome_2022,prerank,Transport Of Small Molecules R-HSA-382551,0.4481245588275997,0.9901450687324646,0.42359767891682787,0.7092976686044394,1.0,10/63,13.02%,SLC26A7;SLC13A2;SLC5A3;ATP1A4;ABCG2;GNG12;SLC1A2;WWP1;MICU3;LSR
Reactome_2022,prerank,Apoptosis R-HSA-109581,0.5851420137655695,0.9818667971991204,0.5020833333333333,0.7179838786249357,1.0,1/12,1.53%,PMAIP1
Reactome_2022,prerank,"Signaling By Rho GTPases, Miro GTPases And RHOBTB3 R-HSA-9716542",-0.4347945076232027,-0.9792868771409345,0.4949290060851927,0.9839660040632969,1.0,8/49,8.83%,CYFIP1;WAS;ARHGAP23;AREG;ARHGAP30;DOCK7;JAG1;H3C13
Reactome_2022,prerank,Immune System R-HSA-168256,-0.360737618626618,-0.978866348894484,0.49746192893401014,0.9569671333554659,1.0,27/197,8.97%,GDI2;PECAM1;TNFRSF13B;CYFIP1;CHI3L1;TLR1;WAS;GBP5;DNM3;CFHR4;GLIPR1;SH2D1A;PROS1;SIGLEC14;PSTPIP1;ASB2;LONRF1;GAN;ITGAL;MUC20;DPP7;MUC6;PI3;LCP2;CAPZA2;H3C13;C4B
Reactome_2022,prerank,SUMOylation R-HSA-2990846,-0.6003173987111861,-0.9777658050900784,0.5365418894830659,0.90784788715312,1.0,2/10,5.05%,AREG;NR4A2
Reactome_2022,prerank,SUMO E3 Ligases SUMOylate Target Proteins R-HSA-3108232,-0.6003173987111861,-0.9777658050900784,0.5365418894830659,0.90784788715312,1.0,2/10,5.05%,AREG;NR4A2
Reactome_2022,prerank,SLC-mediated Transmembrane Transport R-HSA-425407,0.49470317672072317,0.9605529470136469,0.5,0.7512827149103137,1.0,4/24,8.47%,SLC26A7;SLC13A2;SLC5A3;SLC1A2
Reactome_2022,prerank,M Phase R-HSA-68886,0.48988681086796226,0.9548612991757449,0.4916317991631799,0.7546463791296943,1.0,4/26,10.75%,SKA1;TUBB8B;CENPO;CENPA
Reactome_2022,prerank,Leishmania Infection R-HSA-9658195,0.4803868510489803,0.9545130923434204,0.5135135135135135,0.7467195959252709,1.0,4/28,7.54%,IL6;GNAT3;GNG12;NOXA1
Reactome_2022,prerank,Neutrophil Degranulation R-HSA-6798695,-0.39925564350496395,-0.9516871264295397,0.545054945054945,0.9521037448176094,1.0,8/66,7.12%,GDI2;PECAM1;CYFIP1;CHI3L1;GLIPR1;SIGLEC14;ITGAL;DPP7
Reactome_2022,prerank,Vesicle-mediated Transport R-HSA-5653656,-0.43010958145810513,-0.9478636344690052,0.527542372881356,0.9359970904966497,1.0,15/46,17.94%,GDI2;AREG;DNM3;DENND6B;CAPZA2;PRKAB2;VAMP8;CHMP2B;KDELR3;ACTR3;DCTN6;JCHAIN;STAB1;APOA1;RGPD1
Reactome_2022,prerank,Hemostasis R-HSA-109582,0.42775946067284587,0.9473647830286059,0.51171875,0.7523345796515717,1.0,8/66,4.45%,EGF;ANGPT2;SERPINA3;CEACAM6;GNAT3;KIF19;FAM110A;KIF25
Reactome_2022,prerank,C-type Lectin Receptors (CLRs) R-HSA-5621481,-0.5633091044351305,-0.9299900095788388,0.5952848722986247,0.9551561623527526,1.0,2/10,7.69%,MUC20;MUC6
Reactome_2022,prerank,Regulation Of TP53 Activity R-HSA-5633007,-0.5603181610902437,-0.9298100784470018,0.5853174603174603,0.9322789114981461,1.0,3/10,24.48%,PRKAB2;RMI2;BRCA1
Reactome_2022,prerank,DNA Double-Strand Break Repair R-HSA-5693532,-0.5631504801449961,-0.9214853076269038,0.6045197740112994,0.9289391892665393,1.0,4/11,24.48%,POLD1;CNKSR3;RMI2;BRCA1
Reactome_2022,prerank,Transmission Across Chemical Synapses R-HSA-112315,0.5215802107530069,0.9141851731072733,0.5919661733615222,0.8088730307063499,1.0,3/14,8.47%,GNAT3;GNG12;SLC1A2
Reactome_2022,prerank,Metabolism R-HSA-1430728,0.37258690734454214,0.9072301043478834,0.5636998254799301,0.8134874215920856,1.0,17/185,9.36%,RPS19;PCK1;SERINC4;GATM;B3GNT7;AKR1C2;MAN2B1;ABCG2;GNG12;RPS24;RPL41;RPL21;SRMS;MGLL;SUCLG2;AGMO;CYP4F3
Reactome_2022,prerank,"Cell Cycle, Mitotic R-HSA-69278",0.4352267089394408,0.9040791475054767,0.5513626834381551,0.8107027957434078,1.0,7/38,12.95%,SKA1;TUBB8B;CENPO;TOP2A;GINS3;CENPA;ESCO2
Reactome_2022,prerank,Intra-Golgi And Retrograde Golgi-to-ER Traffic R-HSA-6811442,0.5236861727319818,0.9004070718272861,0.6177777777777778,0.8090596262182528,1.0,2/12,4.45%,KIF19;KIF25
Reactome_2022,prerank,Death Receptor Signaling R-HSA-73887,-0.5237202757774313,-0.9001122350029239,0.6057692307692307,0.9546745509199642,1.0,3/12,18.19%,RTN4;TNFRSF10B;ARHGEF16
Reactome_2022,prerank,Class A/1 (Rhodopsin-like Receptors) R-HSA-373076,0.4430362057355743,0.8941284888299372,0.5542168674698795,0.8119630465785911,1.0,5/35,18.04%,CXCL10;FPR2;RXFP4;EDN1;ADRA2B
Reactome_2022,prerank,ESR-mediated Signaling R-HSA-8939211,0.48693464018027366,0.8873512639840379,0.6239495798319328,0.8160358418772272,1.0,3/16,7.19%,EGF;GNAT3;GNG12
Reactome_2022,prerank,RHO GTPase Effectors R-HSA-195258,-0.4523532449383515,-0.8848811901058614,0.6381322957198443,0.9674603333600449,1.0,3/23,2.35%,CYFIP1;WAS;AREG
Reactome_2022,prerank,GPCR Downstream Signaling R-HSA-388396,0.4061485351469918,0.8780934533686692,0.6272189349112426,0.8256024693455668,1.0,10/59,18.04%,GNAT3;CXCL10;FPR2;GNG12;MGLL;RXFP4;EDN1;GPSM2;GNA14;ADRA2B
Reactome_2022,prerank,Cell Cycle R-HSA-1640170,0.40661050070504345,0.8561256897582871,0.6197478991596639,0.8596489537891042,1.0,7/44,12.95%,SKA1;TUBB8B;CENPO;TOP2A;GINS3;CENPA;ESCO2
Reactome_2022,prerank,TCF Dependent Signaling In Response To WNT R-HSA-201681,0.4988276076111664,0.8536858157690179,0.6512605042016807,0.8553432077104056,1.0,1/12,1.71%,RUNX3
Reactome_2022,prerank,Signaling By TGFB Family Members R-HSA-9006936,-0.5012144126179081,-0.8513075538474562,0.6785009861932939,1.0,1.0,3/11,19.22%,SMAD6;INHBA;CCNC
Reactome_2022,prerank,Deubiquitination R-HSA-5688426,-0.43649152736521,-0.832206418446699,0.702803738317757,1.0,1.0,4/21,13.91%,AREG;KAT2B;CNKSR3;OTUD7A
Reactome_2022,prerank,Programmed Cell Death R-HSA-5357801,0.47162787469167794,0.8304460972258337,0.6892177589852009,0.8929049221292871,1.0,6/16,20.78%,PMAIP1;BIRC3;BID;DSG1;CASP4;TMED7-TICAM2
Reactome_2022,prerank,Olfactory Signaling Pathway R-HSA-381753,0.41441955565200655,0.8158963198620515,0.6966067864271457,0.9120312632741484,1.0,3/27,11.21%,OR7A5;OR2A4;OR5H14
Reactome_2022,prerank,Muscle Contraction R-HSA-397014,0.4458300118678441,0.8157569363701216,0.7066381156316917,0.9032031229628782,1.0,5/19,10.82%,ATP1A4;MYL6;TPM1;KCNE5;KCNIP3
Reactome_2022,prerank,"Platelet Activation, Signaling And Aggregation R-HSA-76002",0.3990480800316479,0.8156085341571302,0.7191919191919192,0.8946147144610966,1.0,5/33,8.61%,EGF;SERPINA3;GNAT3;GNG12;MGLL
Reactome_2022,prerank,Cardiac Conduction R-HSA-5576891,-0.4612896481363746,-0.8154423814039397,0.7397003745318352,1.0,1.0,4/14,8.11%,TBX5;KCNE2;NPPC;KAT2B
Reactome_2022,prerank,Signaling By WNT R-HSA-195721,0.4395786685196845,0.8149219601178228,0.7225806451612903,0.8870244710342103,1.0,2/20,7.19%,RUNX3;GNG12
Reactome_2022,prerank,Cell Surface Interactions At Vascular Wall R-HSA-202733,-0.44416022351483697,-0.8144270094280119,0.7346153846153847,1.0,1.0,6/18,15.34%,PECAM1;PROS1;ITGAL;TNFRSF10B;SLC7A6;JCHAIN
Reactome_2022,prerank,DNA Replication R-HSA-69306,-0.48481129195510214,-0.81352277999441,0.7135325131810193,1.0,1.0,3/11,18.36%,POLD1;H3C13;ANAPC16
Reactome_2022,prerank,Expression And Translocation Of Olfactory Receptors R-HSA-9752946,0.41445982477364407,0.8092683942993679,0.7094188376753507,0.8891604530037968,1.0,3/26,11.21%,OR7A5;OR2A4;OR5H14
Reactome_2022,prerank,Cargo Recognition For Clathrin-Mediated Endocytosis R-HSA-8856825,0.5041785574270324,0.8084666427002344,0.7384937238493724,0.88231044010502,1.0,1/10,1.21%,EGF
Reactome_2022,prerank,Neurotransmitter Receptors And Postsynaptic Signal Transmission R-HSA-112314,0.48155068667688455,0.8057639208119279,0.7151898734177216,0.8786544481721148,1.0,2/11,7.19%,GNAT3;GNG12
Reactome_2022,prerank,Signaling By VEGF R-HSA-194138,0.4758470578010458,0.7894094308478579,0.7298969072164948,0.8996988480321907,1.0,1/10,1.00%,HSPB1
Reactome_2022,prerank,Stimuli-sensing Channels R-HSA-2672351,0.4532774629820979,0.7772286004199794,0.7379454926624738,0.9134187283877199,1.0,1/13,10.57%,WWP1
Reactome_2022,prerank,Macroautophagy R-HSA-1632852,-0.47891774310109975,-0.7747563188828462,0.7915057915057915,1.0,1.0,4/10,14.16%,PRKAB2;PEX5;CHMP2B;MFN2
Reactome_2022,prerank,Signaling By NOTCH R-HSA-157118,0.4278737724474939,0.7696871691512638,0.7768421052631579,0.9181077114569393,1.0,1/16,1.21%,EGF
Reactome_2022,prerank,Ub-specific Processing Proteases R-HSA-5689880,-0.4289539808520577,-0.764222345447691,0.7849056603773585,1.0,1.0,1/15,2.35%,AREG
Reactome_2022,prerank,Keratinization R-HSA-6805567,-0.4214491027958281,-0.7511123428248445,0.8231827111984283,1.0,1.0,5/16,17.12%,LORICRIN;PI3;KRTAP17-1;KRT19;KRT83
Reactome_2022,prerank,Neddylation R-HSA-8951664,0.4505112976441226,0.7433981011205755,0.7768595041322314,0.9541724268425483,1.0,1/11,1.35%,ANKRD9
Reactome_2022,prerank,Response To Elevated Platelet Cytosolic Ca2+ R-HSA-76005,0.4249185123928728,0.7426877078041109,0.8129032258064516,0.9383472699248758,1.0,2/15,1.92%,EGF;SERPINA3
Reactome_2022,prerank,Platelet Degranulation R-HSA-114608,0.4249185123928728,0.7426877078041109,0.8129032258064516,0.9383472699248758,1.0,2/15,1.92%,EGF;SERPINA3
Reactome_2022,prerank,Cellular Response To Chemical Stress R-HSA-9711123,-0.44381443778478546,-0.7394074516917715,0.827027027027027,1.0,1.0,3/11,18.79%,FABP1;COX7C;GCLM
Reactome_2022,prerank,Autophagy R-HSA-9612973,-0.4457773757443021,-0.7375363845407059,0.8428030303030303,1.0,1.0,4/11,14.16%,PRKAB2;PEX5;CHMP2B;MFN2
Reactome_2022,prerank,S Phase R-HSA-69242,-0.44684783533591604,-0.7375308793379868,0.8180147058823529,1.0,1.0,3/10,18.36%,POLD1;CKS1B;ANAPC16
Reactome_2022,prerank,Mitotic G1 Phase And G1/S Transition R-HSA-453279,-0.4386507008285968,-0.7248173975810763,0.8256880733944955,1.0,1.0,2/10,15.69%,CDK6;CKS1B
Reactome_2022,prerank,Beta-catenin Independent WNT Signaling R-HSA-3858494,0.4269579180897386,0.7097008853778232,0.8259911894273128,0.9808656793394295,1.0,1/11,7.19%,GNG12
Reactome_2022,prerank,Integration Of Energy Metabolism R-HSA-163685,-0.4229843164085918,-0.7016264226418638,0.8401559454191033,1.0,1.0,3/10,16.48%,PRKAB2;GNG7;ACACB
Reactome_2022,prerank,Clathrin-mediated Endocytosis R-HSA-8856828,-0.4028962054617625,-0.6951253344793357,0.8871595330739299,1.0,1.0,4/13,13.70%,AREG;DNM3;VAMP8;ACTR3
Reactome_2022,prerank,Glycerophospholipid Biosynthesis R-HSA-1483206,0.4181504609018003,0.6869836321440411,0.8652173913043478,1.0,1.0,1/10,8.61%,MGLL
Reactome_2022,prerank,G Alpha (Q) Signaling Events R-HSA-416476,0.3522014691240861,0.6797473990615565,0.9144486692015209,1.0,1.0,5/25,16.41%,FPR2;GNG12;MGLL;EDN1;GNA14
Reactome_2022,prerank,Immunoregulatory Interactions Between A Lymphoid And A non-Lymphoid Cell R-HSA-198933,-0.34336613835925256,-0.6638970824897675,0.9442231075697212,1.0,1.0,2/22,5.69%,SH2D1A;ITGAL
Reactome_2022,prerank,Toll Like Receptor 3 (TLR3) Cascade R-HSA-168164,0.39941946451764826,0.658782568959901,0.9094736842105263,1.0,1.0,3/10,15.09%,NFKBIA;IKBIP;BIRC3
Reactome_2022,prerank,Extracellular Matrix Organization R-HSA-1474244,0.31621715327738587,0.6500736117302651,0.9625984251968503,1.0,1.0,11/39,17.15%,CEACAM6;MATN3;CAPN8;COL23A1;ADAMTS14;CAPN12;ADAM19;BMP10;SDC4;ADAM15;LAMC2
Reactome_2022,prerank,Phospholipid Metabolism R-HSA-1483257,0.3630757392370944,0.6377355404855769,0.9279835390946503,1.0,1.0,1/14,8.61%,MGLL
Reactome_2022,prerank,Amyloid Fiber Formation R-HSA-977225,-0.38167474603715,-0.6328539438263263,0.9299820466786356,1.0,1.0,4/10,23.88%,H3C13;TTR;APOA1;ITM2B
Reactome_2022,prerank,O-linked Glycosylation R-HSA-5173105,0.36802517525304485,0.6313839774756885,0.9144736842105263,1.0,1.0,3/12,9.54%,B3GNT7;GCNT3;ADAMTS14
Reactome_2022,prerank,Glycosaminoglycan Metabolism R-HSA-1630316,-0.3744045079570814,-0.6260325376734591,0.9357798165137615,1.0,1.0,2/11,13.77%,GPC6;CHST2
Reactome_2022,prerank,MyD88-independent TLR4 Cascade R-HSA-166166,0.369166375577826,0.6256566366686342,0.9287211740041929,1.0,1.0,3/11,15.09%,NFKBIA;IKBIP;BIRC3
Reactome_2022,prerank,Interferon Signaling R-HSA-913531,0.3156276495756576,0.6100824199739044,0.967948717948718,1.0,1.0,4/28,14.41%,OAS2;HLA-DRB5;TRIM21;CIITA
Reactome_2022,prerank,Metabolism Of Water-Soluble Vitamins And Cofactors R-HSA-196849,-0.35107359164229446,-0.6079048057341706,0.9607843137254902,1.0,1.0,5/13,27.26%,ACACB;NMRK2;CD38;AOX1;CD320
Reactome_2022,prerank,Transcriptional Regulation By RUNX3 R-HSA-8878159,-0.3465770110395417,-0.6043283201828573,0.9474708171206225,1.0,1.0,4/13,14.56%,ITGAL;JAG1;KAT2B;GATD3
Reactome_2022,prerank,DNA Repair R-HSA-73894,0.32285143046311815,0.5972456261169866,0.9553191489361702,1.0,1.0,5/18,21.21%,PCLAF;UVSSA;H2BC4;H2AC6;MDC1
Reactome_2022,prerank,Interferon Gamma Signaling R-HSA-877300,0.3240233377896351,0.579275870056636,0.9696312364425163,1.0,1.0,4/17,14.41%,OAS2;HLA-DRB5;TRIM21;CIITA
Reactome_2022,prerank,Collagen Formation R-HSA-1474290,-0.33125184637941624,-0.566662501074036,0.9756554307116105,1.0,1.0,2/12,13.88%,COL11A2;COLGALT1
Reactome_2022,prerank,Toll Like Receptor 7/8 (TLR7/8) Cascade R-HSA-168181,0.33049570874095713,0.5628949004219871,0.9729166666666667,0.9993891363358699,1.0,2/11,12.74%,NFKBIA;IKBIP
Reactome_2022,prerank,Toll Like Receptor 9 (TLR9) Cascade R-HSA-168138,0.33049570874095713,0.5628949004219871,0.9729166666666667,0.9993891363358699,1.0,2/11,12.74%,NFKBIA;IKBIP
Reactome_2022,prerank,MyD88 Dependent Cascade Initiated On Endosome R-HSA-975155,0.33049570874095713,0.5628949004219871,0.9729166666666667,0.9993891363358699,1.0,2/11,12.74%,NFKBIA;IKBIP
Reactome_2022,prerank,TRAF6 Mediated Induction Of NFkB And MAP Kinases Upon TLR7/8 Or 9 Activation R-HSA-975138,0.33054113312721756,0.5492505531173181,0.9729166666666667,0.9952766608447158,1.0,2/10,12.74%,NFKBIA;IKBIP
Reactome_2022,prerank,Organelle Biogenesis And Maintenance R-HSA-1852241,0.2999052854085898,0.535975265891901,0.9894736842105263,0.9909204825418401,1.0,3/16,19.82%,DYNLT5;TUBA4A;EXOC7
Reactome_2022,prerank,G2/M Transition R-HSA-69275,-0.29840949266122896,-0.5024827279830337,0.9980276134122288,0.9968346822662072,1.0,2/12,29.15%,CEP164;NDE1
Reactome_2022,prerank,Mitotic G2-G2/M Phases R-HSA-453274,-0.29840949266122896,-0.5024827279830337,0.9980276134122288,0.9968346822662072,1.0,2/12,29.15%,CEP164;NDE1
