rank,feature,mean_abs_shap
1,ENSG00000261599.6,0.6162025905227507
2,ENSG00000085276.18,0.48089020469056587
3,ENSG00000197019.5,0.42895521866081104
4,ENSG00000183604.14,0.38533436350260736
5,ENSG00000213860.4,0.3294258822610724
6,ENSG00000091879.13,0.31091154281124084
7,ENSG00000184500.15,0.289039491276499
8,ENSG00000142910.16,0.27139667562023934
9,ENSG00000184113.9,0.26878653211965364
10,ENSG00000142748.12,0.26597175628956604
11,ENSG00000134531.10,0.25543300385732753
12,ENSG00000136235.16,0.25213544347895483
13,ENSG00000131730.16,0.2256462246268621
14,ENSG00000236682.1,0.21811560218667217
15,ENSG00000238622.1,0.2154699878278984
16,ENSG00000134955.11,0.20874772032941685
17,ENSG00000110799.13,0.20150025074463407
18,ENSG00000280893.1,0.19780081341895173
19,ENSG00000279656.1,0.1935251305187372
20,ENSG00000255769.7,0.19302335072469076
21,ENSG00000261798.1,0.18576662148461934
22,ENSG00000203616.2,0.1854385517361364
23,ENSG00000123358.20,0.1800336187404907
24,ENSG00000120669.16,0.172573879260523
25,ENSG00000125954.12,0.16855899569662586
26,ENSG00000229828.2,0.15804951741595635
27,ENSG00000141682.11,0.15538830867443967
28,ENSG00000142675.18,0.14796481918091714
29,ENSG00000134184.12,0.14479711385588495
30,ENSG00000124370.11,0.14355872912610146
31,ENSG00000286065.1,0.14324651873156538
32,ENSG00000285578.1,0.14310646541154406
33,ENSG00000128918.15,0.1348052961882518
34,ENSG00000073737.16,0.1317336730873798
35,ENSG00000162366.8,0.12979409257052307
36,ENSG00000203620.2,0.1283845044877413
37,ENSG00000232332.1,0.12708501866391383
38,ENSG00000268388.5,0.12662755526056046
39,ENSG00000254681.6,0.1253076703161007
40,ENSG00000049860.14,0.12273725604322822
41,ENSG00000260653.5,0.1218205870676155
42,ENSG00000284931.1,0.11931906072734197
43,ENSG00000151632.17,0.11846437292292819
44,ENSG00000230178.1,0.11701687441540828
45,ENSG00000132518.6,0.1151373570857955
46,ENSG00000007038.11,0.11223333802188942
47,ENSG00000284662.1,0.11212104486815083
48,ENSG00000230663.1,0.11178806358634803
49,ENSG00000248668.2,0.10806096717007499
50,ENSG00000169245.6,0.10767763253820155
51,ENSG00000244414.6,0.10684107395836147
52,ENSG00000196684.12,0.10670870446606305
53,ENSG00000131981.16,0.10641206611802745
54,ENSG00000263755.2,0.10585340921844105
55,ENSG00000269296.1,0.10569949625190779
56,ENSG00000236611.1,0.10372805573077407
57,ENSG00000223718.3,0.1032327053219989
58,ENSG00000278765.1,0.09979644411450089
59,ENSG00000259846.1,0.09977237972295996
60,ENSG00000252697.1,0.09841066556880068
61,ENSG00000176533.13,0.09771216348472078
62,ENSG00000198959.12,0.09755006515863698
63,ENSG00000137767.14,0.09653156326125695
64,ENSG00000189196.4,0.09631756483158103
65,ENSG00000103023.11,0.09600830787499828
66,ENSG00000233296.1,0.09474556285962897
67,ENSG00000085491.17,0.09221321805538021
68,ENSG00000280828.1,0.09161396999955326
69,ENSG00000230267.7,0.09063222798001153
70,ENSG00000249781.6,0.08594836045237558
71,ENSG00000237624.1,0.08593613088808258
72,ENSG00000260644.6,0.08574357212304715
73,ENSG00000118777.12,0.08532651864331021
74,ENSG00000223821.1,0.0851918313195854
75,ENSG00000249961.9,0.08376728014006042
76,ENSG00000257702.3,0.0834440745823921
77,ENSG00000267074.1,0.08313135201743185
78,ENSG00000182974.3,0.08297677496319611
79,ENSG00000154760.14,0.08182977082680293
80,ENSG00000284733.1,0.08162547388020758
81,ENSG00000275221.1,0.08096487141379678
82,ENSG00000078401.7,0.08086163142124986
83,ENSG00000272619.1,0.07876835507623862
84,ENSG00000113249.12,0.07711487957184762
85,ENSG00000167600.14,0.07675130151766342
86,ENSG00000133048.13,0.07656178716700668
87,ENSG00000203883.7,0.07611549734097026
88,ENSG00000225991.1,0.07607199703880409
89,ENSG00000269038.1,0.07439918062888454
90,ENSG00000266524.3,0.07340776829428462
91,ENSG00000268955.2,0.07338737699452441
92,ENSG00000260776.5,0.07265530846126717
93,ENSG00000273226.1,0.07206454024438161
94,ENSG00000111335.12,0.07183671666835462
95,ENSG00000023445.14,0.07019961797073938
96,ENSG00000279960.1,0.07015100972410662
97,ENSG00000272832.1,0.06984243862040615
98,ENSG00000226308.1,0.06892795822142452
99,ENSG00000185291.11_PAR_Y,0.06877235917179102
100,ENSG00000236908.2,0.06715627018694452
101,ENSG00000138623.10,0.06681904828956262
102,ENSG00000248909.1,0.06679616724741722
103,ENSG00000231106.2,0.06614191964193458
104,ENSG00000159618.16,0.06611507277697233
105,ENSG00000279711.1,0.06604223724199643
106,ENSG00000159860.7,0.0655323397677091
107,ENSG00000276846.1,0.06550649154619434
108,ENSG00000148803.12,0.06521148161270253
109,ENSG00000197142.10,0.06515874743086789
110,ENSG00000205502.4,0.06403192422277157
111,ENSG00000271741.1,0.06145535370972134
112,ENSG00000205578.6,0.06134499677616039
113,ENSG00000255557.1,0.06129129833402434
114,ENSG00000282419.2,0.05946120660035098
115,ENSG00000183648.10,0.05828555590871627
116,ENSG00000111331.13,0.05825011798423815
117,ENSG00000286226.1,0.05805869963222916
118,ENSG00000250252.1,0.057938877649887185
119,ENSG00000214485.6,0.0575302683843074
120,ENSG00000148773.14,0.05698788520775312
121,ENSG00000004799.8,0.05697904179746203
122,ENSG00000237027.1,0.05671161370690238
123,ENSG00000241155.1,0.05670022609967993
124,ENSG00000213598.4,0.056508106907797506
125,ENSG00000198856.13,0.056426415723233196
126,ENSG00000174059.16,0.056261543968694636
127,ENSG00000137834.15,0.05464563669363041
128,ENSG00000205018.2,0.05415193145033817
129,ENSG00000112715.21,0.053474586824974094
130,ENSG00000196136.17,0.0531305363064351
131,ENSG00000257829.1,0.05291138230285037
132,ENSG00000243302.3,0.05261633643674899
133,ENSG00000232852.1,0.05250856985690567
134,ENSG00000204370.11,0.052152383839141704
135,ENSG00000166275.15,0.052136716709464404
136,ENSG00000233579.1,0.052106930435121324
137,ENSG00000227191.8,0.052037117888054894
138,ENSG00000103569.9,0.05162499628581557
139,ENSG00000230805.6,0.05141244470750518
140,ENSG00000062822.13,0.051208445800397
141,ENSG00000267776.1,0.05117854855144959
142,ENSG00000225916.1,0.05115121752534616
143,ENSG00000235724.9,0.051143112245519186
144,ENSG00000230138.1,0.05053132008046471
145,ENSG00000270077.1,0.04942228515712537
146,ENSG00000235162.8,0.0487303724958068
147,ENSG00000261459.1,0.048688478203313484
148,ENSG00000204592.9,0.04831325817425019
149,ENSG00000026652.14,0.04825527999835022
150,ENSG00000142627.13,0.04803399066580188
151,ENSG00000185614.5,0.047794874723882705
152,ENSG00000074211.14,0.0477819154147597
153,ENSG00000249839.1,0.04746750885838425
154,ENSG00000254629.1,0.04723106048766294
155,ENSG00000105357.16,0.047019590200615365
156,ENSG00000278212.2,0.046888529593775666
157,ENSG00000214940.8,0.04684830074860737
158,ENSG00000161970.14,0.0461086493824219
159,ENSG00000242551.2,0.04594994755535461
160,ENSG00000233426.3,0.04534520447316135
161,ENSG00000182912.6,0.045077876355332995
162,ENSG00000230793.1,0.044857321373607796
163,ENSG00000150687.12,0.044740650440431705
164,ENSG00000279414.1,0.044597724450651334
165,ENSG00000224557.7,0.04415383420880785
166,ENSG00000123610.5,0.043727342442628804
167,ENSG00000214184.3,0.04357287148224761
168,ENSG00000138326.19,0.04357246108197055
169,ENSG00000265666.1,0.04354909320859751
170,ENSG00000279058.2,0.04328742003104378
171,ENSG00000253846.2,0.04319090691401865
172,ENSG00000272123.1,0.04303962344818976
173,ENSG00000233063.2,0.04281460729548728
174,ENSG00000160221.18,0.04261184249895685
175,ENSG00000137337.15,0.04230657592964627
176,ENSG00000243385.2,0.04214727627309784
177,ENSG00000260300.5,0.041794771962004096
178,ENSG00000225725.4,0.04178761519967256
179,ENSG00000169313.9,0.04133685255161504
180,ENSG00000248795.1,0.04132453581882775
181,ENSG00000283458.1,0.04130386544154217
182,ENSG00000270020.1,0.041066864909748375
183,ENSG00000256588.1,0.04076374115770997
184,ENSG00000277200.1,0.04026285918996259
185,ENSG00000154451.14,0.03996999524242481
186,ENSG00000087589.16,0.03974814550455381
187,ENSG00000132002.8,0.03930672730531639
188,ENSG00000182477.5,0.039083950838303474
189,ENSG00000249996.1,0.03904700142875493
190,ENSG00000278313.1,0.038729127209382215
191,ENSG00000272735.1,0.03865124651122434
192,ENSG00000245711.2,0.03863135326191329
193,ENSG00000169668.11,0.038354113608078555
194,ENSG00000260852.1,0.03787270301830847
195,ENSG00000166295.9,0.03766949235295668
196,ENSG00000154102.11,0.0376078884269285
197,ENSG00000116133.13,0.03733097991987028
198,ENSG00000140379.8,0.03710124747005875
199,ENSG00000238917.1,0.03645945081448947
200,ENSG00000286100.1,0.03643945762834134
201,ENSG00000135269.18,0.03627155267119642
202,ENSG00000259658.5,0.03604445539894516
203,ENSG00000123427.17,0.03600558848828015
204,ENSG00000162888.4,0.03600070190846726
205,ENSG00000224272.2,0.03584262631830875
206,ENSG00000101951.16,0.03580108605666778
207,ENSG00000280429.1,0.03572124313048907
208,ENSG00000280217.1,0.03563914664852131
209,ENSG00000279107.1,0.03558064294260366
210,ENSG00000188681.11,0.03555806569080602
211,ENSG00000161640.15,0.035529770472335784
212,ENSG00000099399.6,0.03534522146381169
213,ENSG00000231760.5,0.03511550731907125
214,ENSG00000137273.5,0.03507941506192761
215,ENSG00000280401.1,0.035026760795350276
216,ENSG00000136457.10,0.03497726064904115
217,ENSG00000143162.9,0.034849016136629954
218,ENSG00000226777.7,0.03414162064046135
219,ENSG00000148426.13,0.03403488955645717
220,ENSG00000163217.2,0.03396591991325314
221,ENSG00000255374.3,0.033891827050192995
222,ENSG00000119917.14,0.03379229170254217
223,ENSG00000229414.2,0.03379207240066644
224,ENSG00000130518.17,0.03358444854847828
225,ENSG00000224598.1,0.03352937465792186
226,ENSG00000275803.1,0.033458851104744954
227,ENSG00000168405.17,0.033409748157221
228,ENSG00000258701.1,0.03335794243833102
229,ENSG00000273055.1,0.03324986592107463
230,ENSG00000187922.13,0.03321217094767385
231,ENSG00000227684.2,0.03311637512036603
232,ENSG00000243173.3,0.033010089762189866
233,ENSG00000185615.15,0.03294724558945393
234,ENSG00000113384.14,0.032785826999447314
235,ENSG00000137575.12,0.03275674414359801
236,ENSG00000264943.1,0.032694267467404045
237,ENSG00000255495.1,0.032613489898916
238,ENSG00000197238.4,0.0326000176097177
239,ENSG00000111885.7,0.032407341514394915
240,ENSG00000274226.5,0.032375450089311
241,ENSG00000273706.4,0.03234744229358538
242,ENSG00000269937.1,0.03232642923634223
243,ENSG00000235012.1,0.032248576396805395
244,ENSG00000215302.8,0.03224168569560162
245,ENSG00000226686.7,0.03212619046989641
246,ENSG00000164488.12,0.0320391116601775
247,ENSG00000280195.1,0.03201983078542215
248,ENSG00000276076.4,0.0317400720818619
249,ENSG00000251286.2,0.031640148167523884
250,ENSG00000271555.1,0.031570987268227504
251,ENSG00000135094.11,0.03152363916911745
252,ENSG00000266667.1,0.031448310484045366
253,ENSG00000236078.1,0.03129233201042643
254,ENSG00000233003.4,0.031258286637084895
255,ENSG00000285807.1,0.03124482306595534
256,ENSG00000254447.3,0.03108780745399793
257,ENSG00000214338.10,0.031037825596392187
258,ENSG00000229921.6,0.030996944968636753
259,ENSG00000285888.1,0.030874187811066555
260,ENSG00000286011.1,0.030864027096475982
261,ENSG00000279203.1,0.030781977063479692
262,ENSG00000254995.4,0.03077279147173582
263,ENSG00000205571.13,0.030718429448746132
264,ENSG00000163762.7,0.030664372727094696
265,ENSG00000274080.1,0.030640498871456787
266,ENSG00000242049.1,0.03046118488593834
267,ENSG00000264490.3,0.030420668691529075
268,ENSG00000251379.1,0.03032482789151649
269,ENSG00000134042.13,0.029996654448842267
270,ENSG00000267402.1,0.029942777093284356
271,ENSG00000281938.2,0.029808590800750774
272,ENSG00000173530.6,0.029698463785367838
273,ENSG00000269242.1,0.029655704492155013
274,ENSG00000134612.12,0.029507836560030917
275,ENSG00000111796.3,0.02936304521284326
276,ENSG00000251046.2,0.029307127522736807
277,ENSG00000255073.8,0.029163712275650868
278,ENSG00000263727.1,0.029127501348759053
279,ENSG00000105699.16,0.029040797852410098
280,ENSG00000196378.11,0.029011703155116537
281,ENSG00000227141.2,0.028986872348668494
282,ENSG00000042062.12,0.028720530460121844
283,ENSG00000263050.1,0.028715779696585713
284,ENSG00000286241.1,0.02870745835807311
285,ENSG00000142227.11,0.028649954699412724
286,ENSG00000134760.6,0.028479566286359316
287,ENSG00000255221.3,0.02841732804176344
288,ENSG00000216490.4,0.028263156415739017
289,ENSG00000248769.1,0.028243898782341223
290,ENSG00000236017.8,0.028202777227033966
291,ENSG00000139567.12,0.028041929033067285
292,ENSG00000175040.6,0.028032801794472866
293,ENSG00000222445.1,0.028014518027343942
294,ENSG00000217539.2,0.027999645760139528
295,ENSG00000261744.1,0.02789468431729996
296,ENSG00000236514.1,0.027817946009850637
297,ENSG00000225630.1,0.02775264178902742
298,ENSG00000108405.4,0.027705323901833608
299,ENSG00000127954.12,0.02754209600881747
300,ENSG00000122420.10,0.02754177423415688
301,ENSG00000272949.1,0.027331336616457834
302,ENSG00000103642.12,0.02724834525505663
303,ENSG00000259488.2,0.027204128719118266
304,ENSG00000286159.1,0.027133194957947374
305,ENSG00000269930.1,0.026947290639380055
306,ENSG00000135185.12,0.026923457108456287
307,ENSG00000226747.6,0.02678895138882022
308,ENSG00000182698.11,0.026780046304399667
309,ENSG00000254443.1,0.026779040251365748
310,ENSG00000132170.21,0.026715007074129184
311,ENSG00000159167.12,0.026624268423711385
312,ENSG00000273142.1,0.02655591127953762
313,ENSG00000243927.6,0.026473827479596947
314,ENSG00000167397.15,0.026372783844350725
315,ENSG00000182183.15,0.026305719625931548
316,ENSG00000251634.2,0.02619693813739009
317,ENSG00000233334.3,0.026193726359574097
318,ENSG00000104332.12,0.026151056381991458
319,ENSG00000235750.10,0.02611484005048631
320,ENSG00000171124.13,0.025852545306700038
321,ENSG00000166436.16,0.025847552202934776
322,ENSG00000223599.1,0.0258217839396327
323,ENSG00000133055.9,0.02567435707586234
324,ENSG00000166884.2,0.025661168350883168
325,ENSG00000279791.1,0.025579705761116078
326,ENSG00000235368.1,0.02538975247623952
327,ENSG00000271361.1,0.025372952370874342
328,ENSG00000232166.1,0.02529265688043802
329,ENSG00000254919.1,0.025266685633300274
330,ENSG00000240505.8,0.025249466243545612
331,ENSG00000248578.1,0.02512293607573935
332,ENSG00000185291.11,0.02509988014031717
333,ENSG00000163597.14,0.024862235588677273
334,ENSG00000231535.6,0.024793552455251833
335,ENSG00000085999.12,0.024695999391222558
336,ENSG00000232643.1,0.024682685716575704
337,ENSG00000241945.8,0.024681053390697528
338,ENSG00000154133.14,0.02455225603976967
339,ENSG00000115705.21,0.024550840107463383
340,ENSG00000101883.4,0.024515152127392355
341,ENSG00000234187.1,0.024506326785679697
342,ENSG00000285556.1,0.02449142928672882
343,ENSG00000186930.4,0.02448837801355021
344,ENSG00000259695.2,0.02427656202836122
345,ENSG00000257183.1,0.02418331589766647
346,ENSG00000142546.13,0.024045744978044032
347,ENSG00000178562.18,0.02398380130929648
348,ENSG00000104671.8,0.02398243233064065
349,ENSG00000160886.13,0.023974609296369034
350,ENSG00000250268.3,0.02396675652242079
351,ENSG00000072840.13,0.023909363476239235
352,ENSG00000101187.16,0.02383916153035199
353,ENSG00000140368.12,0.023715161059519593
354,ENSG00000125945.15,0.023714469518595616
355,ENSG00000277669.1,0.023640879591839446
356,ENSG00000126856.14,0.023569584607081334
357,ENSG00000153162.9,0.0235204245472778
358,ENSG00000270141.3,0.023519331163399316
359,ENSG00000280474.1,0.02350315725210208
360,ENSG00000111206.12,0.023473450513199188
361,ENSG00000180776.15,0.0234499603930874
362,ENSG00000145287.10,0.02343071691761952
363,ENSG00000224509.2,0.02342464885462085
364,ENSG00000205362.11,0.023419908770125803
365,ENSG00000278492.1,0.023396808975047114
366,ENSG00000250794.2,0.023355977412812645
367,ENSG00000237276.8,0.023252920436705016
368,ENSG00000249610.1,0.02321319412984437
369,ENSG00000266821.1,0.023138409480625476
370,ENSG00000136297.14,0.0230695878571503
371,ENSG00000211966.2,0.02304754784704454
372,ENSG00000240053.8,0.023018688473666303
373,ENSG00000279128.1,0.023007335876032257
374,ENSG00000211968.3,0.02297218372320543
375,ENSG00000142871.17,0.022971501855043885
376,ENSG00000229018.5,0.022910895817578946
377,ENSG00000272158.1,0.022899811510795263
378,ENSG00000254484.1,0.022667766768472267
379,ENSG00000226900.1,0.022585239558535888
380,ENSG00000279667.1,0.022468999797271755
381,ENSG00000187627.15,0.022403675901461802
382,ENSG00000160410.15,0.022366160023900655
383,ENSG00000186765.11,0.022364246747094342
384,ENSG00000214108.4,0.022354699062595504
385,ENSG00000279253.1,0.02233145583132901
386,ENSG00000275139.1,0.022295414599705955
387,ENSG00000184795.9,0.02209134221430988
388,ENSG00000233288.1,0.02199955465632475
389,ENSG00000261783.1,0.021989204382415323
390,ENSG00000004468.13,0.02194316024675995
391,ENSG00000231035.1,0.021884609529305946
392,ENSG00000212664.5,0.02188232635052771
393,ENSG00000232412.1,0.02179091601794275
394,ENSG00000241343.9,0.02173499534805548
395,ENSG00000138772.13,0.02171887659068371
396,ENSG00000185112.5,0.021548034378322947
397,ENSG00000228874.1,0.02150128254128083
398,ENSG00000233901.5,0.02149885487449884
399,ENSG00000144837.9,0.021494586458328198
400,ENSG00000249359.2,0.02140106173133021
401,ENSG00000247627.2,0.021397553051178336
402,ENSG00000179364.13,0.02136511210607561
403,ENSG00000275572.1,0.021349563797205484
404,ENSG00000257771.5,0.021330474664855183
405,ENSG00000263535.2,0.02128933500993492
406,ENSG00000172457.6,0.02128399170762336
407,ENSG00000268883.2,0.021275598354976052
408,ENSG00000204006.9,0.021192461487888274
409,ENSG00000070614.15,0.021124078693942894
410,ENSG00000277209.1,0.021066372987628666
411,ENSG00000105281.12,0.021063413614681253
412,ENSG00000235628.1,0.02105251754383497
413,ENSG00000146070.16,0.021029551244707862
414,ENSG00000250471.2,0.021021852116757212
415,ENSG00000163923.10,0.021003037675042302
416,ENSG00000124205.17,0.020976212351731555
417,ENSG00000257878.1,0.02091165261372756
418,ENSG00000267238.1,0.020905532947579852
419,ENSG00000120210.8,0.020863447657778852
420,ENSG00000274678.1,0.020860304974913382
421,ENSG00000237741.1,0.02085053893176341
422,ENSG00000269404.7,0.020814298957387664
423,ENSG00000161016.17,0.02076901928939788
424,ENSG00000213239.3,0.020749194914685305
425,ENSG00000176532.4,0.020742523922291273
426,ENSG00000179134.15,0.02070142155565813
427,ENSG00000133315.11,0.020640054458257926
428,ENSG00000238961.1,0.020633349208914645
429,ENSG00000124253.11,0.020631562985470604
430,ENSG00000164363.10,0.020626159492686372
431,ENSG00000099994.11,0.02055820032325558
432,ENSG00000259782.2,0.020502714956826273
433,ENSG00000113303.11,0.020486689239353574
434,ENSG00000233190.1,0.02047388038691259
435,ENSG00000242280.1,0.020439703356651254
436,ENSG00000254788.7,0.020406171260488663
437,ENSG00000073146.16,0.020286544332935703
438,ENSG00000222042.1,0.02027532551666607
439,ENSG00000173727.12,0.020197000935676057
440,ENSG00000280222.1,0.020179837964874606
441,ENSG00000159197.3,0.020157554596301232
442,ENSG00000076344.16,0.02015417609988994
443,ENSG00000259349.1,0.020090643078865753
444,ENSG00000175643.10,0.020082185087743953
445,ENSG00000225355.1,0.020065033585350944
446,ENSG00000100802.15,0.020026468608208683
447,ENSG00000171053.9,0.019962442792188742
448,ENSG00000249675.1,0.01995921129803951
449,ENSG00000112175.8,0.019859914782128472
450,ENSG00000125691.13,0.019790389314496643
451,ENSG00000235001.3,0.019716695458133645
452,ENSG00000116586.11,0.019699123544304264
453,ENSG00000132530.17,0.01966023407062243
454,ENSG00000275385.1,0.019639660205633996
455,ENSG00000261436.5,0.019617956581833525
456,ENSG00000144857.14,0.019567406367667736
457,ENSG00000272668.2,0.019537317679687635
458,ENSG00000272626.1,0.019478605926847366
459,ENSG00000184669.9,0.019459117843485987
460,ENSG00000273851.1,0.019444011683347046
461,ENSG00000147100.11,0.01942932258468622
462,ENSG00000258459.1,0.01937683870200404
463,ENSG00000285950.1,0.0191674527760439
464,ENSG00000271959.1,0.019141831537916976
465,ENSG00000227045.1,0.019082833930958325
466,ENSG00000237790.1,0.01904086478812158
467,ENSG00000146166.16,0.01900482726101692
468,ENSG00000272040.1,0.018978588129528375
469,ENSG00000273675.1,0.0189234709294039
470,ENSG00000258545.5,0.018901065751117274
471,ENSG00000224791.1,0.018830122007891217
472,ENSG00000182899.16,0.01881111432690974
473,ENSG00000182798.10,0.018803724999019687
474,ENSG00000155719.17,0.01865258081359431
475,ENSG00000258469.1,0.01863218131048046
476,ENSG00000213120.3,0.01852326416583896
477,ENSG00000261831.2,0.018493768581935917
478,ENSG00000126890.13,0.01842736070458563
479,ENSG00000261371.6,0.01842464486054615
480,ENSG00000267246.1,0.01841891051815025
481,ENSG00000231697.3,0.018407653944320493
482,ENSG00000232105.1,0.01840108015599786
483,ENSG00000263644.1,0.01839265151642431
484,ENSG00000198931.10,0.018368541550372208
485,ENSG00000225930.4,0.018295093802039416
486,ENSG00000229117.9,0.018276322513093232
487,ENSG00000213853.10,0.018246091943726277
488,ENSG00000213513.3,0.01818694044930482
489,ENSG00000273802.2,0.018171889586951522
490,ENSG00000236383.8,0.018112604431345485
491,ENSG00000227827.3,0.01808878386605319
492,ENSG00000121318.2,0.01807382732400162
493,ENSG00000153283.12,0.018058108996114017
494,ENSG00000273595.1,0.01804531061101672
495,ENSG00000277157.1,0.0180023751768083
496,ENSG00000268650.3,0.018000599843680968
497,ENSG00000237036.4,0.017996510657864506
498,ENSG00000197888.2,0.017972775141550976
499,ENSG00000102755.12,0.017958982105681788
500,ENSG00000184616.9,0.017932289627042346
501,ENSG00000226438.1,0.01790519944926935
502,ENSG00000253848.1,0.017864050706229567
503,ENSG00000235042.1,0.01785177984513851
504,ENSG00000215241.3,0.017690381915623714
505,ENSG00000234232.7,0.017600253719151186
506,ENSG00000256377.5,0.017596339431244886
507,ENSG00000261701.7,0.017588349145004536
508,ENSG00000275585.2,0.017583390472373728
509,ENSG00000172058.15,0.01754582721969108
510,ENSG00000203706.8,0.01752241951517072
511,ENSG00000274175.1,0.01751391337087262
512,ENSG00000224635.1,0.017468397291465036
513,ENSG00000277998.1,0.017457155879611316
514,ENSG00000248874.5,0.017451579282001497
515,ENSG00000218233.1,0.017433087626895327
516,ENSG00000255224.1,0.017423790912166223
517,ENSG00000116745.7,0.017375880975764646
518,ENSG00000178878.12,0.017356049231492067
519,ENSG00000228787.1,0.01734375204441933
520,ENSG00000207496.1,0.017329436471306824
521,ENSG00000198743.7,0.017322090280918332
522,ENSG00000237510.7,0.0173176386522566
523,ENSG00000121858.11,0.017310172871691436
524,ENSG00000285579.1,0.01729233369481492
525,ENSG00000280035.1,0.01727523675914415
526,ENSG00000262869.1,0.017261160614550564
527,ENSG00000260192.2,0.017251267505661232
528,ENSG00000261760.8,0.017219818951685603
529,ENSG00000272733.1,0.017172523559454686
530,ENSG00000229007.1,0.017152614402778536
531,ENSG00000128052.9,0.017085621511531306
532,ENSG00000254929.6,0.01707797473108316
533,ENSG00000286227.1,0.017047765523005583
534,ENSG00000233981.1,0.017047617979030347
535,ENSG00000226808.2,0.01704124015720187
536,ENSG00000236530.2,0.017026725414844332
537,ENSG00000229454.1,0.016985050084953747
538,ENSG00000284823.1,0.016950993137239793
539,ENSG00000225549.3,0.016950414090255824
540,ENSG00000134817.10,0.016842125197433253
541,ENSG00000116678.19,0.016840090567097
542,ENSG00000225806.8,0.01683289619989124
543,ENSG00000155363.18,0.01678297249912428
544,ENSG00000237773.6,0.01677739054140381
545,ENSG00000137965.11,0.016762791808108923
546,ENSG00000271394.1,0.016683499128657613
547,ENSG00000168077.14,0.016656644301138727
548,ENSG00000211747.3,0.016650425822681905
549,ENSG00000235453.10,0.01658714629295989
550,ENSG00000185372.3,0.016562995904983883
551,ENSG00000162654.9,0.016514810096319273
552,ENSG00000206262.9,0.016478390778542188
553,ENSG00000275367.1,0.01647560389132868
554,ENSG00000180914.10,0.01645340638554381
555,ENSG00000204177.10,0.016444352638208492
556,ENSG00000227337.1,0.016439639361602653
557,ENSG00000237522.1,0.016400356265811156
558,ENSG00000226285.1,0.01637516366061635
559,ENSG00000254709.7,0.016357514098289144
560,ENSG00000134207.16,0.016350569684206045
561,ENSG00000230694.1,0.01634257641519317
562,ENSG00000205544.4,0.016329396306713498
563,ENSG00000231351.2,0.016323679494666007
564,ENSG00000133661.16,0.01632204505951475
565,ENSG00000100196.11,0.016312760748236406
566,ENSG00000283483.1,0.016312511049563314
567,ENSG00000151882.11,0.01629559004347313
568,ENSG00000229605.5,0.016282711427665533
569,ENSG00000236603.2,0.01627559310353209
570,ENSG00000233223.2,0.016264609455991296
571,ENSG00000232144.1,0.01626333693246649
572,ENSG00000224569.3,0.016214594490568876
573,ENSG00000279454.1,0.016140926512812962
574,ENSG00000239951.1,0.0160986412989319
575,ENSG00000184139.8,0.016083591582137232
576,ENSG00000285190.1,0.016063593303308803
577,ENSG00000285628.1,0.016048808846868302
578,ENSG00000131375.10,0.016033052094722503
579,ENSG00000024422.12,0.016020941353009535
580,ENSG00000227453.1,0.016010069654250076
581,ENSG00000234026.1,0.015994376953971746
582,ENSG00000227051.6,0.015985971141291452
583,ENSG00000198355.5,0.015968037434969433
584,ENSG00000276434.1,0.015906853228398705
585,ENSG00000244003.3,0.01590338817426624
586,ENSG00000217527.1,0.015848338432231476
587,ENSG00000118640.11,0.015847552854263498
588,ENSG00000285852.1,0.01584445616259746
589,ENSG00000202198.1,0.015817418926815353
590,ENSG00000115604.10,0.015814931328431595
591,ENSG00000261707.1,0.01580197584405288
592,ENSG00000134853.12,0.01579663208049629
593,ENSG00000171217.5,0.01578363179491521
594,ENSG00000273012.1,0.015738252982783862
595,ENSG00000188580.14,0.015719766994504388
596,ENSG00000160323.18,0.015677917453977435
597,ENSG00000157927.16,0.015650291303683055
598,ENSG00000285808.1,0.01562986234159383
599,ENSG00000063169.10,0.015604273244397393
600,ENSG00000163273.4,0.015597159226976905
601,ENSG00000138316.11,0.015595111179244954
602,ENSG00000261593.1,0.015587497106928588
603,ENSG00000204525.16,0.01557262522204315
604,ENSG00000225823.1,0.015561587321949786
605,ENSG00000247498.9,0.015549067398249775
606,ENSG00000166928.10,0.015515929389374655
607,ENSG00000148386.9,0.015509150057731706
608,ENSG00000249926.2,0.015456787598186692
609,ENSG00000183918.16,0.015419878183471371
610,ENSG00000237643.1,0.015400568403566418
611,ENSG00000164331.10,0.015380259362516498
612,ENSG00000267312.1,0.015375130422689611
613,ENSG00000270547.5,0.015230452698050796
614,ENSG00000259493.2,0.015228887149408602
615,ENSG00000278950.1,0.015124960945740817
616,ENSG00000273342.1,0.015117063340140591
617,ENSG00000258365.1,0.01510856841728386
618,ENSG00000234782.3,0.015088484193314065
619,ENSG00000286135.1,0.01506395763076064
620,ENSG00000204283.3,0.015046365096271885
621,ENSG00000168255.20,0.015029314304031139
622,ENSG00000133112.16,0.01502626102070577
623,ENSG00000238107.1,0.014938221228689819
624,ENSG00000178053.18,0.01480659743305991
625,ENSG00000187848.13,0.014797458679991373
626,ENSG00000159128.14,0.014725536041845528
627,ENSG00000268658.5,0.014709767806863247
628,ENSG00000280163.1,0.014646616629282346
629,ENSG00000230563.3,0.014642691589088576
630,ENSG00000183598.3,0.014634602235304963
631,ENSG00000102265.12,0.01462337538271265
632,ENSG00000283145.1,0.014615870449909255
633,ENSG00000197566.10,0.014614707479042472
634,ENSG00000223375.1,0.014606744537208805
635,ENSG00000203666.12,0.014553189986517666
636,ENSG00000227657.1,0.014537900642312225
637,ENSG00000188269.9,0.01453158192482529
638,ENSG00000249448.1,0.014522837439655153
639,ENSG00000286027.1,0.014511658588464777
640,ENSG00000228049.7,0.014497500237258086
641,ENSG00000271985.1,0.014486622129250816
642,ENSG00000222898.1,0.01447177316575538
643,ENSG00000197451.12,0.014468298568155007
644,ENSG00000124102.5,0.014465928888452512
645,ENSG00000273828.2,0.014465495998434344
646,ENSG00000176605.8,0.014459669624687513
647,ENSG00000256281.1,0.014451724491113956
648,ENSG00000286253.1,0.014405055336475452
649,ENSG00000089356.18,0.01438504241751955
650,ENSG00000259562.2,0.014379014202046167
651,ENSG00000166002.7,0.014378462054389233
652,ENSG00000283674.2,0.014301525263970044
653,ENSG00000130675.15,0.014289557694580471
654,ENSG00000166130.15,0.014284279267182728
655,ENSG00000274847.1,0.014283397917682392
656,ENSG00000226742.4,0.014271849814052186
657,ENSG00000273340.1,0.014253747491179237
658,ENSG00000277301.1,0.014238423338787871
659,ENSG00000280169.1,0.014221286531726185
660,ENSG00000279437.1,0.014206611935668391
661,ENSG00000226336.2,0.014129213136375872
662,ENSG00000248187.1,0.014128505845481053
663,ENSG00000258818.4,0.014046302088181651
664,ENSG00000176571.11,0.014031146203902967
665,ENSG00000244479.7,0.014027119631641534
666,ENSG00000259368.1,0.01398035699086146
667,ENSG00000278920.1,0.013857046292815669
668,ENSG00000162896.6,0.01384727321984124
669,ENSG00000198826.11,0.013838047400645839
670,ENSG00000026751.17,0.01382101282764647
671,ENSG00000119013.9,0.013785159818431876
672,ENSG00000279619.1,0.013777650904147837
673,ENSG00000064932.16,0.013741352265538727
674,ENSG00000272094.1,0.013730024354756063
675,ENSG00000269194.1,0.013726328124037636
676,ENSG00000232553.3,0.013714632975480371
677,ENSG00000260171.1,0.013710860111761324
678,ENSG00000163945.16,0.013660815946054674
679,ENSG00000235387.4,0.013624445624841218
680,ENSG00000213411.2,0.013571991163009469
681,ENSG00000244219.7,0.013538982793326434
682,ENSG00000275857.1,0.013528522912822267
683,ENSG00000256694.1,0.013437660389543117
684,ENSG00000241185.2,0.013419457279520887
685,ENSG00000179600.3,0.013392646616396374
686,ENSG00000150783.9,0.013392449612208241
687,ENSG00000285765.1,0.013345567293939457
688,ENSG00000256287.1,0.01334072163852131
689,ENSG00000214558.4,0.013273467427111224
690,ENSG00000242267.6,0.013167701305474707
691,ENSG00000227249.1,0.013167062308663182
692,ENSG00000266835.5,0.013165929710245258
693,ENSG00000257390.5,0.013159316139046282
694,ENSG00000277031.1,0.013158477300498838
695,ENSG00000054116.12,0.013125628103078973
696,ENSG00000261312.1,0.013082782813614193
697,ENSG00000246095.2,0.013081678124509343
698,ENSG00000196092.13,0.013075857931865439
699,ENSG00000005206.17,0.013073208831756576
700,ENSG00000261158.1,0.013067965213219764
701,ENSG00000269994.2,0.013061959979225988
702,ENSG00000211695.2,0.013061619469247873
703,ENSG00000219027.2,0.013058348796452889
704,ENSG00000273356.1,0.013033795738298506
705,ENSG00000170412.17,0.01300687919620245
706,ENSG00000276975.3,0.012987084980735161
707,ENSG00000085231.14,0.012986169421795481
708,ENSG00000231081.1,0.012979475940493406
709,ENSG00000132661.4,0.01297336349816119
710,ENSG00000242485.6,0.012922197221640322
711,ENSG00000137691.13,0.012910519754674612
712,ENSG00000115956.10,0.012907464565134932
713,ENSG00000137561.4,0.012903301977847084
714,ENSG00000279970.1,0.012868252492426147
715,ENSG00000253716.5,0.012854596473547215
716,ENSG00000214067.2,0.01283888219708292
717,ENSG00000285077.2,0.012817108241370804
718,ENSG00000235526.1,0.012808886679366832
719,ENSG00000284779.1,0.012784427979091907
720,ENSG00000235812.4,0.012783831367696997
721,ENSG00000240566.1,0.012782861336081664
722,ENSG00000213402.3,0.012732577453035755
723,ENSG00000211802.3,0.01273095630472402
724,ENSG00000219201.4,0.012727780281634238
725,ENSG00000035141.8,0.012707032116086139
726,ENSG00000215895.4,0.012704487982231446
727,ENSG00000065320.9,0.012674625616937312
728,ENSG00000230789.1,0.01267115079407705
729,ENSG00000232422.1,0.012656930860760173
730,ENSG00000236807.1,0.012620899378788181
731,ENSG00000013441.16,0.012613304678136561
732,ENSG00000241336.1,0.012600467542861891
733,ENSG00000256070.1,0.012598470086905627
734,ENSG00000273540.4,0.01258454485797461
735,ENSG00000258366.8,0.012580763303609162
736,ENSG00000237090.1,0.012527438451243616
737,ENSG00000133106.14,0.012523346836255712
738,ENSG00000229021.2,0.01251729896508352
739,ENSG00000132465.11,0.012515621711585276
740,ENSG00000164484.11,0.012508496660385006
741,ENSG00000227067.3,0.012504991750141569
742,ENSG00000286110.1,0.012463270103107651
743,ENSG00000278558.4,0.012460872945686463
744,ENSG00000088926.13,0.012456966888385247
745,ENSG00000225024.1,0.012430984646013256
746,ENSG00000078596.11,0.01241629939427877
747,ENSG00000238224.1,0.012381630824218242
748,ENSG00000187714.7,0.012371959999414955
749,ENSG00000254607.2,0.012367104319751611
750,ENSG00000176945.17,0.012353730528703567
751,ENSG00000204301.6,0.012328375374367082
752,ENSG00000203782.6,0.012255791087481014
753,ENSG00000226859.1,0.012243719214335888
754,ENSG00000110871.15,0.012242217501987729
755,ENSG00000274750.2,0.012227379855041407
756,ENSG00000178722.12,0.01222595807605762
757,ENSG00000261615.6,0.012194284770145685
758,ENSG00000260922.2,0.012187778083721781
759,ENSG00000240036.4,0.012167108882257216
760,ENSG00000137819.13,0.012163414694589775
761,ENSG00000235833.1,0.012160523939248147
762,ENSG00000125864.14,0.012145417372777214
763,ENSG00000145365.11,0.012134376278583655
764,ENSG00000163661.4,0.012119138457300284
765,ENSG00000267387.1,0.012115782588819004
766,ENSG00000170909.13,0.01210437314651251
767,ENSG00000168995.13,0.012080002048595006
768,ENSG00000259940.2,0.012078889933079191
769,ENSG00000130309.11,0.012060320438406253
770,ENSG00000272707.1,0.01204699839375174
771,ENSG00000130656.5,0.012020607073743268
772,ENSG00000102010.15,0.011959296524580115
773,ENSG00000260571.1,0.011939869865467616
774,ENSG00000285323.1,0.011932256356062845
775,ENSG00000278531.1,0.01193031617125399
776,ENSG00000259784.1,0.011919135624194842
777,ENSG00000196361.10,0.011917787102438722
778,ENSG00000265174.1,0.011906440204769598
779,ENSG00000251073.1,0.011868258609298143
780,ENSG00000108932.12,0.01186318306721361
781,ENSG00000215045.8,0.011861945018928835
782,ENSG00000237550.5,0.011857512969218324
783,ENSG00000229238.3,0.011851437652702829
784,ENSG00000273374.1,0.01185110712924985
785,ENSG00000196123.13,0.011843477429284295
786,ENSG00000279968.2,0.011816483762220527
787,ENSG00000272512.1,0.011804068995445954
788,ENSG00000196169.15,0.011775749187091678
789,ENSG00000152779.14,0.011764967600270309
790,ENSG00000257858.1,0.011757272782317469
791,ENSG00000280438.1,0.01174155147061574
792,ENSG00000229267.2,0.011727962679205652
793,ENSG00000222099.1,0.011717192633489191
794,ENSG00000229093.1,0.011713662236937419
795,ENSG00000284154.1,0.011713434830569261
796,ENSG00000196850.6,0.01171055963910549
797,ENSG00000238741.1,0.011707883781953544
798,ENSG00000244171.4,0.011675933653497391
799,ENSG00000211689.7,0.011671841354794762
800,ENSG00000237973.1,0.01162337806113157
801,ENSG00000257759.2,0.011619010818606609
802,ENSG00000237181.1,0.011612783583421502
803,ENSG00000115541.11,0.011612695578801513
804,ENSG00000236953.1,0.011594926278292698
805,ENSG00000270941.1,0.011584155618520133
806,ENSG00000141096.5,0.011564433877430563
807,ENSG00000240270.1,0.01156100049503668
808,ENSG00000004777.18,0.011555927828465812
809,ENSG00000179580.10,0.011554490045866771
810,ENSG00000131435.13,0.011548512038206034
811,ENSG00000019991.17,0.011534694370125121
812,ENSG00000238223.1,0.011532014425684179
813,ENSG00000249995.1,0.011510155801471503
814,ENSG00000285794.1,0.01149009874854633
815,ENSG00000198795.11,0.011453662106052347
816,ENSG00000244062.1,0.011443576545050998
817,ENSG00000250329.1,0.011442876401321049
818,ENSG00000282432.1,0.011407646893554111
819,ENSG00000188293.6,0.011393447484866245
820,ENSG00000109991.8,0.011392911768263216
821,ENSG00000224318.5,0.011389309784613553
822,ENSG00000137441.8,0.011373222435313428
823,ENSG00000168671.10,0.011367369315731382
824,ENSG00000137976.7,0.011332997879301497
825,ENSG00000188056.11,0.011296067828495382
826,ENSG00000147606.9,0.011289577043114816
827,ENSG00000138670.17,0.011274653777618477
828,ENSG00000160781.17,0.011262753973608248
829,ENSG00000185561.10,0.011261990887836113
830,ENSG00000204248.10,0.011261731650389809
831,ENSG00000110448.11,0.011261075670702954
832,ENSG00000151500.15,0.01124457422594344
833,ENSG00000214226.9,0.011237167073076407
834,ENSG00000233476.3,0.011224717519336005
835,ENSG00000249094.2,0.011220423438667394
836,ENSG00000263677.1,0.011207761079825868
837,ENSG00000096006.11,0.011203507329928059
838,ENSG00000237520.1,0.011184998646969027
839,ENSG00000277918.1,0.011183829719238345
840,ENSG00000185467.7,0.011177686329852589
841,ENSG00000213089.4,0.011146443179243083
842,ENSG00000214719.12,0.011137425900741224
843,ENSG00000262202.4,0.011099107275820315
844,ENSG00000248127.1,0.01105469536537065
845,ENSG00000152977.10,0.011038691809367285
846,ENSG00000169989.2,0.011002589528454638
847,ENSG00000197891.12,0.010998411307605408
848,ENSG00000183291.17,0.010967786497095343
849,ENSG00000235808.1,0.010955669589054673
850,ENSG00000225760.2,0.010939879043844098
851,ENSG00000165795.23,0.010918753023639123
852,ENSG00000232809.1,0.010894780093011142
853,ENSG00000259671.1,0.010893959758131948
854,ENSG00000158164.7,0.010890060509682166
855,ENSG00000267091.1,0.010873125933682079
856,ENSG00000285925.1,0.010850564335069158
857,ENSG00000284738.1,0.010840607971614593
858,ENSG00000267072.2,0.010802323946579852
859,ENSG00000260518.2,0.01079812442383787
860,ENSG00000231725.1,0.010796172503331022
861,ENSG00000115850.10,0.010782106767212992
862,ENSG00000258743.5,0.010766588385123978
863,ENSG00000257743.8,0.01075348573360867
864,ENSG00000236790.5,0.010743273477085685
865,ENSG00000267895.1,0.010733228243268562
866,ENSG00000256274.1,0.010724404562454798
867,ENSG00000238087.3,0.010720020361060914
868,ENSG00000162976.13,0.010670049684394863
869,ENSG00000244752.3,0.01066638088936857
870,ENSG00000150676.12,0.010653716272283481
871,ENSG00000106633.16,0.010649156575566596
872,ENSG00000266117.1,0.010642772161747607
873,ENSG00000100219.16,0.010639583283700018
874,ENSG00000248924.2,0.01062420326180591
875,ENSG00000226084.5,0.01058884761356499
876,ENSG00000166523.7,0.0105630940429946
877,ENSG00000234535.1,0.01055638014410756
878,ENSG00000235109.7,0.010551423268378587
879,ENSG00000280248.1,0.010542807542603798
880,ENSG00000261786.1,0.01047722810303596
881,ENSG00000232375.1,0.010464823950798155
882,ENSG00000104804.7,0.01044966690099895
883,ENSG00000233858.4,0.01044749952787061
884,ENSG00000176020.8,0.010419654516743544
885,ENSG00000234655.3,0.010404479091665118
886,ENSG00000267051.1,0.010400158318584485
887,ENSG00000261512.2,0.01039629035760515
888,ENSG00000263761.2,0.010372138396408962
889,ENSG00000176435.6,0.010368769312623755
890,ENSG00000174576.10,0.010347966135445785
891,ENSG00000117013.16,0.010346528522451768
892,ENSG00000211662.2,0.01032681071937808
893,ENSG00000181218.5,0.01030253068345903
894,ENSG00000275291.1,0.010287369514236743
895,ENSG00000177854.8,0.010256199059851144
896,ENSG00000144182.17,0.010255729660824204
897,ENSG00000114779.19,0.010211288299159236
898,ENSG00000127418.15,0.010207781160258802
899,ENSG00000232235.1,0.010200924858374542
900,ENSG00000243716.10,0.010137782311979475
901,ENSG00000116212.15,0.010113448293898286
902,ENSG00000095380.11,0.010101586837484898
903,ENSG00000273466.1,0.010095539292714754
904,ENSG00000163612.10,0.010070894969858923
905,ENSG00000249906.1,0.010054332302067925
906,ENSG00000279585.1,0.010053780879460166
907,ENSG00000256463.8,0.010052217398022504
908,ENSG00000259040.5,0.010051261827038534
909,ENSG00000250166.2,0.010047243125721085
910,ENSG00000254001.5,0.010039956093085958
911,ENSG00000257365.8,0.01003421812691362
912,ENSG00000251368.1,0.010004602542105702
913,ENSG00000079385.22,0.009999835854611292
914,ENSG00000279528.1,0.009971343185894682
915,ENSG00000283005.1,0.009950703304059911
916,ENSG00000258982.1,0.009948342530931707
917,ENSG00000286128.1,0.009944351799320331
918,ENSG00000206028.1,0.009940702830199299
919,ENSG00000283886.2,0.009932738500205512
920,ENSG00000163633.12,0.009908546119631663
921,ENSG00000285557.1,0.00989415483125399
922,ENSG00000275393.1,0.00989401200816253
923,ENSG00000196565.15,0.009887302458753288
924,ENSG00000211660.3,0.009884213013693783
925,ENSG00000226210.3,0.00988349010302609
926,ENSG00000279261.2,0.009879329843223502
927,ENSG00000236047.1,0.009864881219095295
928,ENSG00000260433.2,0.009860695956324425
929,ENSG00000250310.2,0.009857302434936288
930,ENSG00000260494.1,0.009848059204974283
931,ENSG00000235454.1,0.009836667073122033
932,ENSG00000124721.17,0.009829172390358708
933,ENSG00000272328.1,0.00982323052511073
934,ENSG00000204889.10,0.009811783348933715
935,ENSG00000125531.7,0.009811036160009839
936,ENSG00000185823.3,0.009781133004368588
937,ENSG00000226186.1,0.009775076235805457
938,ENSG00000257139.1,0.009769946341696862
939,ENSG00000235158.1,0.009763686635434386
940,ENSG00000125459.15,0.00974656474397949
941,ENSG00000251129.1,0.009714828251089413
942,ENSG00000271676.1,0.009643164991468507
943,ENSG00000235289.1,0.009635367716970135
944,ENSG00000103150.6,0.009623527494411562
945,ENSG00000259291.2,0.009587864571007253
946,ENSG00000137672.13,0.009579272254892654
947,ENSG00000243227.3,0.009578086764282874
948,ENSG00000213903.9,0.009571019388748667
949,ENSG00000225932.3,0.009563016627355045
950,ENSG00000173213.9,0.009489632449869107
951,ENSG00000229598.1,0.009485279472112846
952,ENSG00000104327.7,0.00947726950828172
953,ENSG00000273384.1,0.00943422667722839
954,ENSG00000173198.6,0.00941421819388837
955,ENSG00000254604.1,0.009394574341433867
956,ENSG00000100249.4,0.009392764645278088
957,ENSG00000254815.5,0.009379911380075141
958,ENSG00000170345.10,0.009377178098159977
959,ENSG00000217680.1,0.009352998909447277
960,ENSG00000254787.1,0.009348485828181749
961,ENSG00000273906.1,0.009343310303316891
962,ENSG00000243485.5,0.009317248613085903
963,ENSG00000226330.1,0.009316270805284034
964,ENSG00000035928.16,0.009303885739250065
965,ENSG00000187616.4,0.00928981931574075
966,ENSG00000213673.3,0.009283572205440106
967,ENSG00000267280.5,0.009270925003804146
968,ENSG00000147381.11,0.00925949402129934
969,ENSG00000100628.11,0.009258008270260463
970,ENSG00000047849.21,0.009244977610983694
971,ENSG00000286019.1,0.00923260889778257
972,ENSG00000185774.16,0.009227021834245322
973,ENSG00000264968.1,0.009222558324812951
974,ENSG00000260105.6,0.009203910859395878
975,ENSG00000228742.10,0.009195598335295742
976,ENSG00000175170.15,0.00918809203921673
977,ENSG00000224029.1,0.009145172780932269
978,ENSG00000171320.14,0.00913839850234388
979,ENSG00000230737.1,0.009129681441081314
980,ENSG00000237169.1,0.009128064252984246
981,ENSG00000272899.4,0.009127338021444656
982,ENSG00000284617.1,0.009124238555858344
983,ENSG00000156049.7,0.009121606666558335
984,ENSG00000227382.1,0.009112971503828688
985,ENSG00000103490.14,0.009107952858515636
986,ENSG00000206344.7,0.009107501814749551
987,ENSG00000203857.10,0.009097034273539575
988,ENSG00000253307.1,0.00908453167829133
989,ENSG00000213676.13,0.009079242352816224
990,ENSG00000104953.20,0.009047482026420733
991,ENSG00000175793.12,0.009014584710161488
992,ENSG00000259374.2,0.00901388488262662
993,ENSG00000254037.2,0.009010002921693183
994,ENSG00000280241.3,0.008994706021079895
995,ENSG00000165891.16,0.008955951870176646
996,ENSG00000135045.7,0.00894777207695773
997,ENSG00000117676.14,0.008942907070047168
998,ENSG00000166670.10,0.008938891930595178
999,ENSG00000149435.12,0.008933593749407455
1000,ENSG00000180016.2,0.008929780606541139
1001,ENSG00000108479.11,0.008915920406353407
1002,ENSG00000164123.6,0.008865761574902667
1003,ENSG00000165113.13,0.008840137051579839
1004,ENSG00000242111.1,0.008834940938095798
1005,ENSG00000216740.2,0.00883080736251475
1006,ENSG00000157227.13,0.008818649757737183
1007,ENSG00000179776.19,0.00880843779212857
1008,ENSG00000054965.10,0.008807084679427028
1009,ENSG00000275552.1,0.008793576923099448
1010,ENSG00000153266.12,0.008793417415091516
1011,ENSG00000099715.14,0.008774743928398698
1012,ENSG00000271590.1,0.008749928744641786
1013,ENSG00000241838.3,0.00870357700106373
1014,ENSG00000205809.9,0.00864675839878809
1015,ENSG00000206203.5,0.00864260825747662
1016,ENSG00000244124.1,0.008624266761989144
1017,ENSG00000282142.1,0.008608680822175141
1018,ENSG00000230683.1,0.008606151886660631
1019,ENSG00000090534.19,0.008599014628193605
1020,ENSG00000215559.8,0.008596015367474938
1021,ENSG00000250933.1,0.0085886912177297
1022,ENSG00000139675.12,0.008588217009138518
1023,ENSG00000226708.1,0.008585414205547608
1024,ENSG00000241030.1,0.00857984682792764
1025,ENSG00000162763.3,0.008564347031410057
1026,ENSG00000164867.11,0.008563631364024061
1027,ENSG00000224046.1,0.008563484157384196
1028,ENSG00000233682.3,0.008552756629786804
1029,ENSG00000271527.1,0.008547375912238295
1030,ENSG00000279474.1,0.008531892903671004
1031,ENSG00000284128.1,0.008520199467865912
1032,ENSG00000244331.1,0.008513468377716113
1033,ENSG00000236409.2,0.008510952609321937
1034,ENSG00000224516.5,0.00850011793096335
1035,ENSG00000167703.14,0.008436328078687726
1036,ENSG00000285838.1,0.008430577824259268
1037,ENSG00000151687.14,0.008415072925331222
1038,ENSG00000186312.10,0.008403685016264244
1039,ENSG00000204219.10,0.008395113068636554
1040,ENSG00000224662.2,0.008391219352518837
1041,ENSG00000273659.1,0.008385270536122182
1042,ENSG00000273901.1,0.008371528740278408
1043,ENSG00000225387.1,0.00836734270272821
1044,ENSG00000182853.12,0.008355664533212546
1045,ENSG00000187017.16,0.0083544921135757
1046,ENSG00000105428.5,0.008349412554637312
1047,ENSG00000149735.7,0.008348602163523561
1048,ENSG00000279034.1,0.008340551714188951
1049,ENSG00000250917.1,0.008339804364020258
1050,ENSG00000254731.1,0.008336111219000497
1051,ENSG00000247809.7,0.008333829424214616
1052,ENSG00000275620.1,0.0083199327541248
1053,ENSG00000100344.10,0.008318549888260154
1054,ENSG00000260586.2,0.008317712488999804
1055,ENSG00000260628.5,0.00829925805782114
1056,ENSG00000260693.1,0.008272157621400078
1057,ENSG00000283703.2,0.008264075118377739
1058,ENSG00000137513.10,0.008257881630095078
1059,ENSG00000260413.1,0.008232793671781384
1060,ENSG00000283504.1,0.008229439437729337
1061,ENSG00000011638.10,0.008179224268853574
1062,ENSG00000285741.1,0.008178495697753982
1063,ENSG00000259648.1,0.008166116269025003
1064,ENSG00000043462.12,0.008164281463203976
1065,ENSG00000204444.11,0.008150036616223884
1066,ENSG00000104343.20,0.00813354193503379
1067,ENSG00000141753.7,0.008113701187815585
1068,ENSG00000284600.1,0.008104791271302873
1069,ENSG00000272727.1,0.008092242957684966
1070,ENSG00000136048.14,0.008088385582386736
1071,ENSG00000175592.8,0.008078981557872202
1072,ENSG00000279701.1,0.008060560777259437
1073,ENSG00000181963.5,0.008058296968350486
1074,ENSG00000092377.14,0.008052896381994433
1075,ENSG00000227615.1,0.00803446569082475
1076,ENSG00000273172.1,0.008034193661614357
1077,ENSG00000253281.6,0.008027288222081675
1078,ENSG00000234409.6,0.008015051822711243
1079,ENSG00000169894.18,0.008012994140957425
1080,ENSG00000278272.1,0.008012090446586628
1081,ENSG00000228807.1,0.008011357105388299
1082,ENSG00000179082.3,0.008009887959043496
1083,ENSG00000141655.17,0.008004286809793017
1084,ENSG00000162600.12,0.008003210188502932
1085,ENSG00000274354.1,0.008000744754864874
1086,ENSG00000272589.1,0.007990074575635407
1087,ENSG00000224661.1,0.007989057520189928
1088,ENSG00000198898.14,0.007986664926399066
1089,ENSG00000130997.16,0.007963465399889099
1090,ENSG00000226359.1,0.00792515243887932
1091,ENSG00000245571.6,0.007921650784937007
1092,ENSG00000249509.1,0.00789993080787179
1093,ENSG00000226955.1,0.007888009747245132
1094,ENSG00000133818.14,0.0078777937655684
1095,ENSG00000225791.6,0.007863153976800442
1096,ENSG00000145832.14,0.0078559600772999
1097,ENSG00000259953.1,0.007845002846837774
1098,ENSG00000235931.2,0.007843242617531948
1099,ENSG00000266490.1,0.00784048733565622
1100,ENSG00000270419.1,0.00784039877082254
1101,ENSG00000249503.1,0.007836004907592826
1102,ENSG00000271553.1,0.00781582185090069
1103,ENSG00000229854.1,0.00781556128797317
1104,ENSG00000170667.14,0.007796674280383034
1105,ENSG00000258876.1,0.007790482254378473
1106,ENSG00000242978.1,0.007788810628771871
1107,ENSG00000260566.2,0.0077687226543812675
1108,ENSG00000259077.1,0.007766903889372182
1109,ENSG00000230313.1,0.0077489179856395545
1110,ENSG00000232871.8,0.007720947083941513
1111,ENSG00000267554.1,0.0077169441451149096
1112,ENSG00000274331.1,0.007711736495412897
1113,ENSG00000255222.1,0.00770505673100065
1114,ENSG00000234458.4,0.0076915437015013955
1115,ENSG00000255931.1,0.007688807306125345
1116,ENSG00000257155.1,0.007687445963706032
1117,ENSG00000275832.5,0.007665952014045023
1118,ENSG00000136279.20,0.007657251794850522
1119,ENSG00000128342.5,0.007636659522291836
1120,ENSG00000225140.1,0.007620128120168983
1121,ENSG00000125652.8,0.0076136922647725
1122,ENSG00000205593.12,0.007610268527345322
1123,ENSG00000213190.3,0.007605950696358417
1124,ENSG00000272617.3,0.007600668933169159
1125,ENSG00000233483.3,0.007593947914333773
1126,ENSG00000127472.11,0.007590633459264626
1127,ENSG00000126709.15,0.007576893940091937
1128,ENSG00000167355.8,0.0075760326219869835
1129,ENSG00000257292.2,0.007566422282540497
1130,ENSG00000149201.10,0.007561719088294908
1131,ENSG00000239149.1,0.007557008298532358
1132,ENSG00000116785.13,0.0075300217688777865
1133,ENSG00000236818.1,0.007521592391632698
1134,ENSG00000099822.3,0.007519387207312016
1135,ENSG00000172150.4,0.007510688986091819
1136,ENSG00000090013.10,0.007504459629282412
1137,ENSG00000238035.8,0.007503601742729326
1138,ENSG00000214132.4,0.007500855338810643
1139,ENSG00000261291.1,0.007470356364559573
1140,ENSG00000114200.10,0.007463864674485863
1141,ENSG00000255505.1,0.007452089285937599
1142,ENSG00000255325.2,0.007451865388703549
1143,ENSG00000250284.2,0.007446572465960752
1144,ENSG00000229495.1,0.007445813163334086
1145,ENSG00000226536.1,0.0074188959420814
1146,ENSG00000279689.1,0.007413294504134656
1147,ENSG00000241905.1,0.007405027294727768
1148,ENSG00000250706.1,0.00740170157277515
1149,ENSG00000276718.1,0.0073626708381926975
1150,ENSG00000125900.13,0.007356557966545343
1151,ENSG00000176014.12,0.0073559225264563525
1152,ENSG00000240766.1,0.007355273550247541
1153,ENSG00000226161.1,0.007335702389007156
1154,ENSG00000220721.2,0.0073337067469050376
1155,ENSG00000261029.1,0.007330943334149391
1156,ENSG00000183347.14,0.007322573091991064
1157,ENSG00000104881.16,0.007317539801942268
1158,ENSG00000224477.5,0.007310691222668863
1159,ENSG00000198523.6,0.007307416880440389
1160,ENSG00000237282.3,0.007293203283349272
1161,ENSG00000226751.2,0.007271492371734214
1162,ENSG00000101384.12,0.007261609044181613
1163,ENSG00000279685.2,0.007251545288287239
1164,ENSG00000284660.1,0.007247533836925684
1165,ENSG00000275183.1,0.007244254262228235
1166,ENSG00000226366.1,0.00724174098527443
1167,ENSG00000282968.1,0.007224899754455309
1168,ENSG00000280186.1,0.007211158801795653
1169,ENSG00000263586.1,0.007203849702961976
1170,ENSG00000234141.1,0.007201156373160148
1171,ENSG00000249647.2,0.007199254322949801
1172,ENSG00000189350.12,0.007180152864948447
1173,ENSG00000171766.16,0.0071609288684557635
1174,ENSG00000213293.4,0.007159855884581536
1175,ENSG00000128262.8,0.0071570185043301265
1176,ENSG00000234611.1,0.007157016495682931
1177,ENSG00000090376.10,0.007147753422449167
1178,ENSG00000226853.2,0.007138041827632225
1179,ENSG00000260677.1,0.007130884299324145
1180,ENSG00000266106.1,0.007130866122473697
1181,ENSG00000166897.15,0.007125430633139012
1182,ENSG00000184224.3,0.007116721438595026
1183,ENSG00000102230.13,0.00711554368716209
1184,ENSG00000272799.1,0.007109979670938643
1185,ENSG00000020633.18,0.007102912949190397
1186,ENSG00000100906.10,0.007100029141537496
1187,ENSG00000133958.13,0.007093948981676886
1188,ENSG00000001497.16,0.007088754131113879
1189,ENSG00000277349.1,0.007068463384527389
1190,ENSG00000251126.2,0.007067002255547783
1191,ENSG00000267254.6,0.007059734280716646
1192,ENSG00000267980.1,0.007058966075064546
1193,ENSG00000258945.1,0.007044589149398137
1194,ENSG00000086548.9,0.007040835148860098
1195,ENSG00000132357.14,0.007037235868707058
1196,ENSG00000267338.1,0.007035128863841811
1197,ENSG00000228036.1,0.00703017439231349
1198,ENSG00000276591.1,0.007028677771708026
1199,ENSG00000257016.1,0.0070230037902557765
1200,ENSG00000245281.7,0.0070198036915207086
1201,ENSG00000275812.1,0.007019164077127478
1202,ENSG00000272057.1,0.007011616458408599
1203,ENSG00000163072.15,0.0069945211882777684
1204,ENSG00000264462.1,0.006993666354717928
1205,ENSG00000225137.1,0.006941039099892965
1206,ENSG00000237523.1,0.006940190692075128
1207,ENSG00000274917.1,0.0069323644161656105
1208,ENSG00000181984.11,0.006931280179669261
1209,ENSG00000140297.13,0.006919204603306066
1210,ENSG00000176970.8,0.006910218613902639
1211,ENSG00000253500.5,0.006902727390414968
1212,ENSG00000282501.1,0.006893804318548483
1213,ENSG00000184924.5,0.006890514390507274
1214,ENSG00000164543.7,0.006881267346960459
1215,ENSG00000250992.1,0.006872364405280524
1216,ENSG00000138435.15,0.006871001644172043
1217,ENSG00000237788.1,0.00685542268396276
1218,ENSG00000180658.4,0.006853180738009223
1219,ENSG00000256443.1,0.006852915646742639
1220,ENSG00000248911.2,0.006845256167127756
1221,ENSG00000099860.9,0.0068339819890947525
1222,ENSG00000181450.17,0.00682953552436927
1223,ENSG00000261532.1,0.006826905735352971
1224,ENSG00000271150.1,0.006814641292148451
1225,ENSG00000274602.5,0.0068125241874425575
1226,ENSG00000236017.8_PAR_Y,0.006792844710892223
1227,ENSG00000278931.1,0.006789266401881535
1228,ENSG00000137936.18,0.006783195059682097
1229,ENSG00000234160.1,0.006768641725765665
1230,ENSG00000282936.1,0.006767918214167741
1231,ENSG00000135074.15,0.006764937910612857
1232,ENSG00000261429.2,0.0067489899100838
1233,ENSG00000266010.2,0.006744702227632718
1234,ENSG00000072864.15,0.006740518228404191
1235,ENSG00000231439.4,0.006740439280369733
1236,ENSG00000274895.1,0.00673292186683974
1237,ENSG00000132386.11,0.00673222593674699
1238,ENSG00000258677.2,0.006708126735387331
1239,ENSG00000134551.12,0.006698084715570437
1240,ENSG00000228255.1,0.006688361673670466
1241,ENSG00000204091.7,0.00667751127952936
1242,ENSG00000273650.1,0.006657107292490814
1243,ENSG00000260091.1,0.006644782703949275
1244,ENSG00000274499.1,0.006641957207608527
1245,ENSG00000237903.1,0.006640716407063041
1246,ENSG00000179071.5,0.006638382276680168
1247,ENSG00000131738.10,0.00663416347039258
1248,ENSG00000270135.1,0.00662923549039266
1249,ENSG00000234021.1,0.0066134102897370895
1250,ENSG00000147813.16,0.006605518279066739
1251,ENSG00000166347.19,0.006603236959175409
1252,ENSG00000197409.7,0.006584079471457159
1253,ENSG00000178852.16,0.006557056632317073
1254,ENSG00000243649.8,0.006553677561761097
1255,ENSG00000248327.1,0.006551866585888849
1256,ENSG00000252714.1,0.006527842359771471
1257,ENSG00000123353.10,0.00652684519280649
1258,ENSG00000211648.2,0.006522497876448541
1259,ENSG00000273013.1,0.0065183041203640425
1260,ENSG00000119915.5,0.006494976017107504
1261,ENSG00000232671.5,0.00649055865812365
1262,ENSG00000217733.2,0.006486163464085248
1263,ENSG00000265752.2,0.006480776974860947
1264,ENSG00000231120.3,0.006479566667123425
1265,ENSG00000174963.17,0.0064718646702864625
1266,ENSG00000122756.15,0.006470638364802852
1267,ENSG00000227878.2,0.006467202401641041
1268,ENSG00000273265.1,0.0064550217211175095
1269,ENSG00000282964.1,0.0064338984864337236
1270,ENSG00000214435.8,0.006430179742793223
1271,ENSG00000276232.1,0.006420649303587906
1272,ENSG00000170075.9,0.006406413771866096
1273,ENSG00000137414.6,0.006390830611274682
1274,ENSG00000167494.9,0.006385974846112094
1275,ENSG00000182035.12,0.006354793197627368
1276,ENSG00000163207.7,0.006336873312721045
1277,ENSG00000234573.1,0.006334999572810592
1278,ENSG00000272434.1,0.0063326139740069835
1279,ENSG00000204380.4,0.00632919156130519
1280,ENSG00000270755.1,0.006325233615149945
1281,ENSG00000130045.16,0.0063178636694996675
1282,ENSG00000285547.1,0.006312151848324115
1283,ENSG00000227014.6,0.006300366753586813
1284,ENSG00000267653.1,0.0062896617158364025
1285,ENSG00000224599.1,0.006289429037730081
1286,ENSG00000230395.1,0.006289326833453672
1287,ENSG00000237548.1,0.006283926923684606
1288,ENSG00000286144.1,0.006261537240922052
1289,ENSG00000138801.9,0.0062597968205285025
1290,ENSG00000273976.1,0.0062330872062859675
1291,ENSG00000127124.16,0.006232434581803158
1292,ENSG00000283051.1,0.006228570072150652
1293,ENSG00000231934.1,0.006225183144179484
1294,ENSG00000237468.2,0.006223958401134581
1295,ENSG00000223558.1,0.006204070826117463
1296,ENSG00000164120.14,0.006203886982989464
1297,ENSG00000267198.1,0.00619779737395726
1298,ENSG00000259935.1,0.006194446150018078
1299,ENSG00000226862.1,0.006189521621030948
1300,ENSG00000131153.9,0.006189070412716908
1301,ENSG00000258921.1,0.006181873022293941
1302,ENSG00000214776.12,0.006180044342926929
1303,ENSG00000142494.13,0.006177839336354213
1304,ENSG00000246375.2,0.00617739185680016
1305,ENSG00000185885.16,0.006171302316958139
1306,ENSG00000129255.16,0.006164818086402701
1307,ENSG00000268575.1,0.006153431177168377
1308,ENSG00000104723.20,0.006151845125191885
1309,ENSG00000257658.1,0.00614837864456126
1310,ENSG00000165887.11,0.006147496430276423
1311,ENSG00000118271.10,0.006137705306896967
1312,ENSG00000228195.2,0.006134537381070576
1313,ENSG00000214700.5,0.006129556096145214
1314,ENSG00000168497.5,0.006121614339214678
1315,ENSG00000259109.1,0.006111412504351169
1316,ENSG00000239246.3,0.006107405044881051
1317,ENSG00000240790.1,0.006106597487973819
1318,ENSG00000121653.11,0.006065080539463493
1319,ENSG00000226816.3,0.006064361837881843
1320,ENSG00000127184.13,0.006063441523073325
1321,ENSG00000249201.2,0.006050020016390113
1322,ENSG00000235005.1,0.006037361016179302
1323,ENSG00000235131.1,0.0060341650577198
1324,ENSG00000230320.1,0.006033316044370873
1325,ENSG00000279907.1,0.00602837933718004
1326,ENSG00000198756.12,0.006016735825345951
1327,ENSG00000245149.3,0.006013904033399461
1328,ENSG00000255134.1,0.006002774943918756
1329,ENSG00000249203.1,0.005995658370083627
1330,ENSG00000270359.1,0.005986909637030371
1331,ENSG00000257534.1,0.005986109101012675
1332,ENSG00000170162.14,0.005985740517281501
1333,ENSG00000242294.6,0.005984657783808824
1334,ENSG00000100373.10,0.005978606321800981
1335,ENSG00000180353.11,0.00593226558497655
1336,ENSG00000186714.12,0.005932225117262925
1337,ENSG00000286121.1,0.005931520845288728
1338,ENSG00000176974.20,0.005927131607497991
1339,ENSG00000231063.1,0.005923731855090441
1340,ENSG00000236816.2,0.0059205727994710005
1341,ENSG00000226072.1,0.005888920429491304
1342,ENSG00000150630.4,0.005884769599094412
1343,ENSG00000251449.2,0.005877470831239987
1344,ENSG00000166912.17,0.005877142508652693
1345,ENSG00000284732.1,0.005876253081411629
1346,ENSG00000232931.5,0.005866388818439968
1347,ENSG00000223404.3,0.00586629084491571
1348,ENSG00000204033.9,0.005857324401642577
1349,ENSG00000275489.1,0.005857303380114261
1350,ENSG00000234745.11,0.005832427526551271
1351,ENSG00000228592.1,0.00583170951588587
1352,ENSG00000198237.8,0.005819088992638536
1353,ENSG00000276272.1,0.005814413600387744
1354,ENSG00000235329.2,0.005807087499466031
1355,ENSG00000123411.15,0.005801757527591886
1356,ENSG00000180694.14,0.005785470943096753
1357,ENSG00000188610.12,0.005783036373420299
1358,ENSG00000162643.13,0.005777106177406436
1359,ENSG00000273136.7,0.00577435957809153
1360,ENSG00000228839.5,0.005752876447787125
1361,ENSG00000179044.16,0.005746795554190488
1362,ENSG00000139155.8,0.005741669515482802
1363,ENSG00000229696.1,0.0057397283716145485
1364,ENSG00000268996.3,0.005735415357301219
1365,ENSG00000241767.2,0.005725405731934845
1366,ENSG00000204657.4,0.005707685275555328
1367,ENSG00000278594.1,0.005707364383808375
1368,ENSG00000275186.1,0.005702179318541142
1369,ENSG00000104918.8,0.00569598415781193
1370,ENSG00000197721.16,0.005689276968438549
1371,ENSG00000259304.1,0.0056885044837301346
1372,ENSG00000176209.11,0.005685995583344553
1373,ENSG00000238110.1,0.005679914734942902
1374,ENSG00000226521.7,0.005664269419180575
1375,ENSG00000267587.1,0.00565904445550216
1376,ENSG00000226057.7,0.005658063211178145
1377,ENSG00000228672.3,0.005652309123686794
1378,ENSG00000183688.4,0.005651326121262309
1379,ENSG00000178750.3,0.0056380181027397645
1380,ENSG00000226578.1,0.005628494729180981
1381,ENSG00000225573.4,0.005628469390329295
1382,ENSG00000234283.1,0.00562461593208826
1383,ENSG00000047457.14,0.005618520344244875
1384,ENSG00000214872.8,0.0056110246516016685
1385,ENSG00000249820.1,0.005609191395393138
1386,ENSG00000125895.5,0.005602225715785048
1387,ENSG00000227932.2,0.005602198422497116
1388,ENSG00000273542.1,0.005596142537793563
1389,ENSG00000169885.10,0.005592649421917503
1390,ENSG00000101276.16,0.005591211645170359
1391,ENSG00000233713.2,0.0055909789323915025
1392,ENSG00000264940.4,0.005581016013250065
1393,ENSG00000074416.14,0.005577106987415364
1394,ENSG00000141316.13,0.005564732283787143
1395,ENSG00000227265.2,0.00556167832515164
1396,ENSG00000231394.1,0.005557300759728664
1397,ENSG00000243955.6,0.005550859716042673
1398,ENSG00000138092.11,0.00554152389557868
1399,ENSG00000196335.13,0.005523631464718825
1400,ENSG00000244604.1,0.005523032629496274
1401,ENSG00000174099.11,0.00551889004941262
1402,ENSG00000229473.2,0.005517347748992883
1403,ENSG00000058085.14,0.005509006428519781
1404,ENSG00000178772.7,0.00548769480519486
1405,ENSG00000146858.8,0.005471615998940936
1406,ENSG00000267761.3,0.005471430823953999
1407,ENSG00000276101.1,0.005470730658978548
1408,ENSG00000243224.1,0.005458764471978732
1409,ENSG00000281772.1,0.005454926547807842
1410,ENSG00000168010.11,0.005454516245816874
1411,ENSG00000233297.4,0.005453233187425017
1412,ENSG00000254123.1,0.005451373367828419
1413,ENSG00000266378.1,0.005446248355413435
1414,ENSG00000154727.10,0.005445341266095187
1415,ENSG00000241769.7,0.005443492780122784
1416,ENSG00000236823.1,0.005436653473302022
1417,ENSG00000279717.1,0.005435666966326667
1418,ENSG00000234795.10,0.005426709014007976
1419,ENSG00000228222.1,0.005414886779076683
1420,ENSG00000133937.4,0.005406537018084061
1421,ENSG00000198914.3,0.005402660802309627
1422,ENSG00000174226.9,0.005393471260991134
1423,ENSG00000167117.9,0.005390281915289159
1424,ENSG00000279662.1,0.005387075141732397
1425,ENSG00000286232.1,0.005383495498017161
1426,ENSG00000253259.1,0.0053766204658743195
1427,ENSG00000229241.1,0.005375618805190601
1428,ENSG00000213774.3,0.005363349219866342
1429,ENSG00000185842.15,0.005362677878314802
1430,ENSG00000215268.3,0.005357627813831175
1431,ENSG00000005059.16,0.005355133055571287
1432,ENSG00000260282.1,0.00535220405137223
1433,ENSG00000125508.3,0.005347285203674233
1434,ENSG00000253872.1,0.005343552551513379
1435,ENSG00000242539.2,0.005343394006024878
1436,ENSG00000077009.13,0.005339335139251762
1437,ENSG00000285053.1,0.0053089450801446
1438,ENSG00000260517.3,0.0053089148599628384
1439,ENSG00000254748.1,0.005303569115633557
1440,ENSG00000206102.2,0.005296158253474944
1441,ENSG00000233325.3,0.005278132495744321
1442,ENSG00000267522.1,0.005260555829057858
1443,ENSG00000239783.1,0.005257270647439704
1444,ENSG00000168575.10,0.005249616263011364
1445,ENSG00000010292.13,0.005214829157208083
1446,ENSG00000162367.11,0.005209304594891104
1447,ENSG00000109956.13,0.005190363648470959
1448,ENSG00000180257.13,0.005184723993054937
1449,ENSG00000171943.11,0.0051758283853155914
1450,ENSG00000260316.2,0.005173946565735346
1451,ENSG00000211786.3,0.005173468343325508
1452,ENSG00000258082.1,0.005172819141305345
1453,ENSG00000214107.8,0.0051685645498939095
1454,ENSG00000148604.14,0.005166795493451338
1455,ENSG00000281756.1,0.005166207516747939
1456,ENSG00000270948.1,0.005155082015340337
1457,ENSG00000179270.7,0.005148125207250551
1458,ENSG00000247903.1,0.005143575211298876
1459,ENSG00000233013.10,0.005138952357849238
1460,ENSG00000260027.4,0.005134515714771833
1461,ENSG00000277741.4,0.0051343937784407
1462,ENSG00000214946.14,0.005127573902776992
1463,ENSG00000203926.5,0.005127271153962601
1464,ENSG00000100206.10,0.005124266481768909
1465,ENSG00000266934.1,0.005120080135272978
1466,ENSG00000251215.1,0.005117922995663314
1467,ENSG00000188393.8,0.005106874794629346
1468,ENSG00000226203.1,0.005105935941929557
1469,ENSG00000225022.1,0.005104070260184294
1470,ENSG00000204969.7,0.005099128744378195
1471,ENSG00000280234.1,0.005099045976152762
1472,ENSG00000211820.1,0.005097344040446512
1473,ENSG00000130270.16,0.0050956049533109
1474,ENSG00000143032.8,0.005091182070267279
1475,ENSG00000286199.1,0.005090207273654452
1476,ENSG00000279370.1,0.005085161189667792
1477,ENSG00000148795.7,0.005080047939432229
1478,ENSG00000169908.12,0.0050774124270806876
1479,ENSG00000258331.1,0.0050753961251314905
1480,ENSG00000284430.1,0.005072039638519341
1481,ENSG00000158270.12,0.005068506343575074
1482,ENSG00000169154.7,0.005063508446431281
1483,ENSG00000256837.1,0.005059116860515532
1484,ENSG00000177374.13,0.0050590960035610325
1485,ENSG00000278276.1,0.005057572962592449
1486,ENSG00000235102.1,0.005055723947013512
1487,ENSG00000233979.1,0.005055195534746228
1488,ENSG00000227908.3,0.0050520118968071445
1489,ENSG00000000938.13,0.005048460460605063
1490,ENSG00000184154.14,0.005043024419519829
1491,ENSG00000203852.3,0.005041825910234886
1492,ENSG00000254482.1,0.005036902056357041
1493,ENSG00000123307.4,0.00503008446200564
1494,ENSG00000099834.18,0.005022135537629771
1495,ENSG00000253534.1,0.005019956597384638
1496,ENSG00000250299.6,0.0050094832002540255
1497,ENSG00000286095.1,0.005007220615778905
1498,ENSG00000181541.5,0.005007009815014329
1499,ENSG00000277543.1,0.005001901999092555
1500,ENSG00000214826.5,0.004995419035506263
1501,ENSG00000169495.5,0.0049916075765723735
1502,ENSG00000160957.13,0.00497671937844109
1503,ENSG00000155761.13,0.004973141442019832
1504,ENSG00000215057.4,0.004973115622429464
1505,ENSG00000276538.1,0.004973057937295524
1506,ENSG00000235154.1,0.004972343740461694
1507,ENSG00000164181.14,0.0049677515898707445
1508,ENSG00000203711.13,0.004962785513923405
1509,ENSG00000253917.4,0.004961137537763734
1510,ENSG00000268870.1,0.0049589535957932345
1511,ENSG00000184716.13,0.004957617420875905
1512,ENSG00000236032.3,0.0049566567078186225
1513,ENSG00000286009.1,0.0049549222972449245
1514,ENSG00000262664.3,0.004949808426676711
1515,ENSG00000229536.2,0.004946907501264488
1516,ENSG00000277152.1,0.004940076741008747
1517,ENSG00000248980.1,0.00493615507005596
1518,ENSG00000230506.1,0.004921039532131607
1519,ENSG00000271034.1,0.004919080183863531
1520,ENSG00000224373.3,0.0049177864993834855
1521,ENSG00000106605.11,0.004917733879607374
1522,ENSG00000231443.2,0.00489890266774567
1523,ENSG00000281974.1,0.004898502873767311
1524,ENSG00000114942.14,0.004886018351782161
1525,ENSG00000272305.5,0.004882780173929431
1526,ENSG00000227542.1,0.004881381740299762
1527,ENSG00000255624.3,0.004875583880446048
1528,ENSG00000229023.1,0.004869842848615216
1529,ENSG00000163755.8,0.004868956861901586
1530,ENSG00000070882.13,0.004865633820265471
1531,ENSG00000226557.1,0.004863995816745897
1532,ENSG00000272249.1,0.004862739557993853
1533,ENSG00000117472.10,0.004854663358091145
1534,ENSG00000274536.6,0.004851303593256118
1535,ENSG00000254206.5,0.004832763005678842
1536,ENSG00000278218.1,0.004831298549619676
1537,ENSG00000159182.5,0.0048308438351887
1538,ENSG00000267407.1,0.00482739137125316
1539,ENSG00000237752.2,0.004826351943671437
1540,ENSG00000118137.9,0.004818592691317998
1541,ENSG00000012779.11,0.004800131022837573
1542,ENSG00000128617.2,0.0047993181784976606
1543,ENSG00000285117.1,0.00479281479357446
1544,ENSG00000245317.2,0.004782603434172959
1545,ENSG00000151929.9,0.004780115460133226
1546,ENSG00000231434.1,0.004767128249708975
1547,ENSG00000269383.2,0.004766826984004461
1548,ENSG00000285476.1,0.004759745364541748
1549,ENSG00000083123.15,0.004750967341278417
1550,ENSG00000248461.2,0.004742404429523603
1551,ENSG00000271419.1,0.004739078384627109
1552,ENSG00000267507.1,0.004734790265315898
1553,ENSG00000265015.1,0.004723507023852564
1554,ENSG00000272115.1,0.004705554139409862
1555,ENSG00000224568.1,0.004704755425551373
1556,ENSG00000249931.4,0.004702868747792945
1557,ENSG00000186862.19,0.004694039867489989
1558,ENSG00000231859.1,0.004684244954451138
1559,ENSG00000227163.2,0.004679389069613349
1560,ENSG00000140830.9,0.004673864436615977
1561,ENSG00000187260.15,0.004673643618325119
1562,ENSG00000224094.1,0.00467098409131552
1563,ENSG00000253449.1,0.00466957258495795
1564,ENSG00000238199.1,0.004663075491261689
1565,ENSG00000270711.1,0.0046537177568883575
1566,ENSG00000234859.5,0.004644883558002648
1567,ENSG00000271755.1,0.004639496517882784
1568,ENSG00000255020.1,0.004630400430155303
1569,ENSG00000188488.14,0.004627137335045758
1570,ENSG00000128710.5,0.004619229020352666
1571,ENSG00000124092.12,0.0046127766224241355
1572,ENSG00000273485.1,0.004611093389270377
1573,ENSG00000242076.2,0.004605965457396727
1574,ENSG00000269755.1,0.004603526320110884
1575,ENSG00000254923.1,0.004592982411664663
1576,ENSG00000112208.11,0.0045919012936416195
1577,ENSG00000159588.15,0.004590603378436887
1578,ENSG00000278112.1,0.0045879714031173925
1579,ENSG00000187479.7,0.0045845755773189535
1580,ENSG00000279727.1,0.004580422066709298
1581,ENSG00000174125.8,0.004576601634292737
1582,ENSG00000141696.13,0.004575137444605597
1583,ENSG00000279537.1,0.004564497667333168
1584,ENSG00000279408.3,0.0045644043587147074
1585,ENSG00000258749.1,0.004561101325068192
1586,ENSG00000286116.1,0.004559796579437289
1587,ENSG00000101198.15,0.00455284164488779
1588,ENSG00000211784.2,0.004551322460413417
1589,ENSG00000236939.2,0.004540436698059318
1590,ENSG00000107187.16,0.004528933175456734
1591,ENSG00000184724.5,0.004515882566731278
1592,ENSG00000188649.14,0.0045098340737450655
1593,ENSG00000279936.1,0.004501005900229889
1594,ENSG00000142185.16,0.004500005373608861
1595,ENSG00000211673.2,0.004499746726036708
1596,ENSG00000187840.5,0.004486157237178465
1597,ENSG00000227785.1,0.004482747991560283
1598,ENSG00000205611.4,0.004481950913401065
1599,ENSG00000170374.6,0.004475443249356401
1600,ENSG00000278255.1,0.004472677737800349
1601,ENSG00000050555.18,0.004471147300802047
1602,ENSG00000285799.1,0.004463716171876728
1603,ENSG00000263316.1,0.004461116775065654
1604,ENSG00000116786.13,0.0044555685802330465
1605,ENSG00000260088.1,0.004453845532553919
1606,ENSG00000106236.4,0.004438114844503306
1607,ENSG00000285891.1,0.004436763500033101
1608,ENSG00000165496.4,0.004427695091664355
1609,ENSG00000284740.1,0.004425973872427179
1610,ENSG00000236459.1,0.0044218482720364966
1611,ENSG00000186204.14,0.00441804692087965
1612,ENSG00000229266.1,0.0044168299204061885
1613,ENSG00000106331.16,0.004416383030973759
1614,ENSG00000232713.2,0.0044151700155054254
1615,ENSG00000234304.2,0.0044125713584938905
1616,ENSG00000241170.3,0.0044052836840165295
1617,ENSG00000265206.5,0.004400533611025949
1618,ENSG00000258716.1,0.004399937713678877
1619,ENSG00000286254.1,0.004398218179309893
1620,ENSG00000149932.17,0.004396191294095003
1621,ENSG00000285551.1,0.004393620219716993
1622,ENSG00000214922.9,0.004392813900787345
1623,ENSG00000149923.14,0.004391276678218131
1624,ENSG00000131747.15,0.004390401474268543
1625,ENSG00000170955.10,0.004386629937951365
1626,ENSG00000203650.8,0.004377722021853482
1627,ENSG00000142541.17,0.004377378322697764
1628,ENSG00000214676.4,0.00437574152888546
1629,ENSG00000182397.14,0.004373155919988869
1630,ENSG00000178997.11,0.004372053389165308
1631,ENSG00000198805.11,0.0043543192676146055
1632,ENSG00000244356.3,0.004353359904553333
1633,ENSG00000132693.12,0.004349467385360269
1634,ENSG00000147488.11,0.004348512789175788
1635,ENSG00000230383.1,0.004347087923175108
1636,ENSG00000178146.9,0.004340898703260294
1637,ENSG00000115267.7,0.0043331802615860825
1638,ENSG00000274615.1,0.004332425995332997
1639,ENSG00000274067.1,0.004327450495520323
1640,ENSG00000230637.2,0.004307514676801628
1641,ENSG00000214602.3,0.004297906222281309
1642,ENSG00000272235.1,0.004294251339959396
1643,ENSG00000263069.5,0.004288372717725174
1644,ENSG00000226191.3,0.004280944571626285
1645,ENSG00000170385.10,0.004268435232789263
1646,ENSG00000279957.1,0.004262748800404396
1647,ENSG00000255815.3,0.0042624280428168555
1648,ENSG00000233553.1,0.004260400460418814
1649,ENSG00000018607.6,0.004259710460539114
1650,ENSG00000229891.1,0.0042525243691650914
1651,ENSG00000267594.5,0.004250359908254343
1652,ENSG00000263394.1,0.004245505382708319
1653,ENSG00000236849.5,0.0042450473530145135
1654,ENSG00000231546.1,0.004240215231922645
1655,ENSG00000183695.2,0.004237613953182197
1656,ENSG00000128340.15,0.004232948381252668
1657,ENSG00000267391.4,0.004228002470251933
1658,ENSG00000229379.1,0.004226468626138021
1659,ENSG00000228079.2,0.0042126508125059515
1660,ENSG00000103522.16,0.004206952988908683
1661,ENSG00000237707.1,0.004200225568952973
1662,ENSG00000215834.10,0.004193585664707995
1663,ENSG00000176597.12,0.004193208665807562
1664,ENSG00000230280.2,0.004192962691227924
1665,ENSG00000282988.2,0.0041876342835355665
1666,ENSG00000234724.1,0.00418186489898639
1667,ENSG00000275954.5,0.004176983403023416
1668,ENSG00000186910.4,0.0041759399645663045
1669,ENSG00000139890.10,0.004175322667531196
1670,ENSG00000242586.1,0.004174046360758938
1671,ENSG00000263015.1,0.004173511391923659
1672,ENSG00000230183.4,0.004169320932593142
1673,ENSG00000122432.17,0.004162084040079404
1674,ENSG00000263749.2,0.004155260295492983
1675,ENSG00000103064.15,0.004153014808879597
1676,ENSG00000227815.2,0.004152121984733126
1677,ENSG00000205584.6,0.004133446738026137
1678,ENSG00000233820.2,0.0041327574449951535
1679,ENSG00000228570.7,0.004132624995404062
1680,ENSG00000244227.7,0.00413249144988404
1681,ENSG00000037965.6,0.004130348511207095
1682,ENSG00000182378.14_PAR_Y,0.004118422589725046
1683,ENSG00000286036.1,0.0041177319420973866
1684,ENSG00000286008.1,0.0041162562414508415
1685,ENSG00000217325.2,0.00411089695888929
1686,ENSG00000124237.5,0.00410892554968786
1687,ENSG00000236304.1,0.004108620844735076
1688,ENSG00000262074.6,0.00410734302382752
1689,ENSG00000252854.1,0.0041024370920258275
1690,ENSG00000115540.15,0.0040989790933202725
1691,ENSG00000267127.7,0.004086291558359776
1692,ENSG00000241621.1,0.004082518715548257
1693,ENSG00000267904.1,0.004077158783968565
1694,ENSG00000239405.1,0.004074084691769418
1695,ENSG00000225819.1,0.004068778281540667
1696,ENSG00000267142.1,0.004063383129771364
1697,ENSG00000284709.1,0.004057251731130252
1698,ENSG00000253983.2,0.004053022121172157
1699,ENSG00000238286.1,0.004052374484112274
1700,ENSG00000231579.3,0.004047015436765745
1701,ENSG00000205181.6,0.004046598818246069
1702,ENSG00000230442.5,0.004043426146621303
1703,ENSG00000285694.1,0.004042548238075201
1704,ENSG00000164823.11,0.004040056545113733
1705,ENSG00000170790.5,0.004039798073250304
1706,ENSG00000243378.1,0.004039443089600556
1707,ENSG00000226200.6,0.004038545350624856
1708,ENSG00000134602.16,0.0040381812011663085
1709,ENSG00000110274.16,0.0040335145653975744
1710,ENSG00000230535.1,0.00402898494934645
1711,ENSG00000149380.12,0.004027865229890924
1712,ENSG00000266938.1,0.004025101618254181
1713,ENSG00000237492.1,0.004024979858766877
1714,ENSG00000258561.1,0.004022516098978991
1715,ENSG00000284620.2,0.0040213058034533995
1716,ENSG00000229954.1,0.004021133382835764
1717,ENSG00000274487.2,0.0040177868915196886
1718,ENSG00000243813.1,0.0040173831229716895
1719,ENSG00000141646.13,0.004013298142912095
1720,ENSG00000147256.12,0.004012948687539514
1721,ENSG00000151470.13,0.004011768086165023
1722,ENSG00000286016.1,0.004001221060687072
1723,ENSG00000136888.7,0.003992472337426298
1724,ENSG00000277075.2,0.003985153227065358
1725,ENSG00000283293.1,0.00397694365880513
1726,ENSG00000231652.2,0.0039751263096083796
1727,ENSG00000260448.5,0.003973271497851843
1728,ENSG00000214975.4,0.003973112418772811
1729,ENSG00000233237.7,0.003971900963655192
1730,ENSG00000226007.2,0.003969819256668561
1731,ENSG00000129214.15,0.0039422678572817674
1732,ENSG00000284337.1,0.003940852673151202
1733,ENSG00000279953.1,0.0039228901219082145
1734,ENSG00000243179.1,0.003919282984563467
1735,ENSG00000227073.1,0.003914575801212755
1736,ENSG00000269981.1,0.003913008619722004
1737,ENSG00000204946.10,0.003912570411902052
1738,ENSG00000254275.6,0.00390880039158899
1739,ENSG00000276507.1,0.003908275731659603
1740,ENSG00000144485.11,0.003908186633763594
1741,ENSG00000282887.2,0.0039059876795966603
1742,ENSG00000198156.10,0.0038985563098294872
1743,ENSG00000213362.3,0.003898142531504556
1744,ENSG00000050767.17,0.0038948127301650206
1745,ENSG00000214626.2,0.0038921197501871176
1746,ENSG00000152766.6,0.00388791028379474
1747,ENSG00000274933.5,0.0038856556600410748
1748,ENSG00000154734.15,0.0038807924451519852
1749,ENSG00000167775.11,0.0038687011077310745
1750,ENSG00000127528.5,0.0038670993896839216
1751,ENSG00000160447.7,0.0038665618822507886
1752,ENSG00000224546.2,0.0038662540795455927
1753,ENSG00000280012.2,0.0038647359843089024
1754,ENSG00000178404.9,0.0038591108339293156
1755,ENSG00000148926.10,0.00385433007809835
1756,ENSG00000109775.11,0.003853914195750801
1757,ENSG00000231079.7,0.0038508163895037994
1758,ENSG00000223702.1,0.003847045231602394
1759,ENSG00000149968.12,0.003844970332991201
1760,ENSG00000243083.6,0.003842005093717722
1761,ENSG00000270640.1,0.0038337640404318384
1762,ENSG00000169174.10,0.0038325752543413713
1763,ENSG00000253282.1,0.003831640841751379
1764,ENSG00000154447.15,0.003829512482472271
1765,ENSG00000225356.3,0.0038284695284670684
1766,ENSG00000161103.11,0.003825747854655045
1767,ENSG00000171241.9,0.003818664818631012
1768,ENSG00000270820.5,0.003818073699656151
1769,ENSG00000168811.7,0.0038167933797406545
1770,ENSG00000272746.1,0.0037993850040929245
1771,ENSG00000270760.1,0.0037940496790860707
1772,ENSG00000259000.1,0.0037926422433409517
1773,ENSG00000166529.14,0.0037921958780373017
1774,ENSG00000269514.2,0.003792004728530199
1775,ENSG00000177425.11,0.003783377128102714
1776,ENSG00000282912.1,0.0037806423995328554
1777,ENSG00000066855.16,0.0037761516127562157
1778,ENSG00000092841.18,0.003773679917359566
1779,ENSG00000285278.1,0.003769951595589288
1780,ENSG00000285018.1,0.003769851234213886
1781,ENSG00000163909.8,0.0037658417122246285
1782,ENSG00000122359.18,0.003762100772612814
1783,ENSG00000141744.3,0.003761154090768079
1784,ENSG00000272719.1,0.0037585180646797743
1785,ENSG00000196352.15,0.0037489232515702338
1786,ENSG00000234813.1,0.003745257575322506
1787,ENSG00000282994.1,0.003744811849792253
1788,ENSG00000182676.5,0.0037446789790318807
1789,ENSG00000156958.15,0.0037377465345767714
1790,ENSG00000267372.2,0.0037184593544238157
1791,ENSG00000241420.3,0.003717256659883399
1792,ENSG00000204758.7,0.0037161038856037667
1793,ENSG00000173976.15,0.0037130421955678997
1794,ENSG00000163576.18,0.0037083830320730083
1795,ENSG00000151846.8,0.003680113417652725
1796,ENSG00000279897.2,0.0036785331581914793
1797,ENSG00000221971.3,0.0036765391931405872
1798,ENSG00000244968.6,0.003676222845428637
1799,ENSG00000235845.1,0.0036752923798009972
1800,ENSG00000256802.2,0.003671654477358251
1801,ENSG00000235049.1,0.0036715752219539264
1802,ENSG00000176635.17,0.003670237733232262
1803,ENSG00000177694.16,0.003667391046726882
1804,ENSG00000148824.19,0.003650447314481896
1805,ENSG00000111087.10,0.0036464850121520295
1806,ENSG00000124749.17,0.0036455378943913504
1807,ENSG00000271701.1,0.0036387827069694926
1808,ENSG00000250312.8,0.0036335112001430196
1809,ENSG00000259367.1,0.003632901974475902
1810,ENSG00000147224.11,0.00363018185588466
1811,ENSG00000254633.1,0.003629479663194959
1812,ENSG00000238145.2,0.003629437460648089
1813,ENSG00000282413.1,0.003618644051995666
1814,ENSG00000215311.3,0.003614426849230007
1815,ENSG00000173391.9,0.00361396625898372
1816,ENSG00000273261.1,0.0036132233192716755
1817,ENSG00000102048.15,0.0036110233623068543
1818,ENSG00000168913.7,0.0036107034869686944
1819,ENSG00000125835.18,0.003610602390864507
1820,ENSG00000042304.11,0.0036029450324538814
1821,ENSG00000283122.1,0.003601781420719564
1822,ENSG00000100385.14,0.00360103603231491
1823,ENSG00000205861.11,0.0035978591117898735
1824,ENSG00000214147.2,0.003594754922777321
1825,ENSG00000093134.14,0.00359377955893906
1826,ENSG00000238215.1,0.0035916191462401466
1827,ENSG00000281332.1,0.00358654634169784
1828,ENSG00000281593.1,0.0035756015855769887
1829,ENSG00000285933.1,0.0035739585247299157
1830,ENSG00000185650.9,0.0035635739644193677
1831,ENSG00000261210.7,0.003556223184001335
1832,ENSG00000106483.12,0.0035511852248370393
1833,ENSG00000280179.1,0.0035344886145823183
1834,ENSG00000227179.6,0.0035328371712260035
1835,ENSG00000280496.1,0.003530389200961063
1836,ENSG00000255245.4,0.0035303857474642806
1837,ENSG00000251127.2,0.0035271633766092553
1838,ENSG00000249343.2,0.0035268207857897557
1839,ENSG00000251138.6,0.003524063950612689
1840,ENSG00000070526.15,0.003523545606571012
1841,ENSG00000243708.10,0.0035196844049915172
1842,ENSG00000233673.7,0.0035162962488853844
1843,ENSG00000102362.15,0.003511437113947196
1844,ENSG00000232396.2,0.0035094167508394184
1845,ENSG00000219891.2,0.0035075521389909144
1846,ENSG00000137434.11,0.0035036600371492164
1847,ENSG00000284060.1,0.0035021889667922177
1848,ENSG00000214039.8,0.0035001747566775336
1849,ENSG00000215278.4,0.003496601397223916
1850,ENSG00000167046.4,0.0034951436327021125
1851,ENSG00000225938.1,0.003482326902997599
1852,ENSG00000253673.1,0.0034732714458272935
1853,ENSG00000262429.1,0.003467270204591335
1854,ENSG00000267207.1,0.0034628888384143366
1855,ENSG00000224137.1,0.003461739110200149
1856,ENSG00000230999.1,0.0034611959397412946
1857,ENSG00000218537.1,0.003460272651087585
1858,ENSG00000280129.1,0.003459095302172377
1859,ENSG00000248139.2,0.003455800601598625
1860,ENSG00000285650.1,0.003451990854872085
1861,ENSG00000023041.11,0.003449507909425016
1862,ENSG00000223692.1,0.0034424594763477765
1863,ENSG00000260727.1,0.0034390576804895897
1864,ENSG00000229163.2,0.0034363703093689218
1865,ENSG00000243445.1,0.0034284235285300035
1866,ENSG00000227173.1,0.0034277408570664194
1867,ENSG00000241709.3,0.003426624377866991
1868,ENSG00000130312.6,0.003426451379542118
1869,ENSG00000198846.6,0.0034198071604795606
1870,ENSG00000236152.1,0.0034191647199921966
1871,ENSG00000072778.20,0.0034133239671859535
1872,ENSG00000180269.7,0.0034089634914556324
1873,ENSG00000261069.3,0.003397814221512938
1874,ENSG00000183763.9,0.0033973781647079655
1875,ENSG00000184068.2,0.0033966441662460233
1876,ENSG00000230561.4,0.003392907891779987
1877,ENSG00000249831.2,0.003385471231095096
1878,ENSG00000173207.13,0.0033827689811126624
1879,ENSG00000188747.8,0.0033744544687591867
1880,ENSG00000078269.15,0.003371072393438369
1881,ENSG00000284882.1,0.003367796898053848
1882,ENSG00000279123.1,0.0033653643684502755
1883,ENSG00000111077.17,0.003364510984712513
1884,ENSG00000188729.6,0.003361954577997373
1885,ENSG00000186628.12,0.003359743971602731
1886,ENSG00000250910.8,0.003357968867064856
1887,ENSG00000172346.15,0.0033558984527193385
1888,ENSG00000255364.1,0.0033552776809767882
1889,ENSG00000272476.1,0.003354624684151398
1890,ENSG00000250230.2,0.0033505182395240016
1891,ENSG00000261710.1,0.0033473813527166996
1892,ENSG00000165643.10,0.0033449063854617636
1893,ENSG00000258573.5,0.003335903649302959
1894,ENSG00000234838.3,0.003335212625513532
1895,ENSG00000175445.16,0.0033348232057794263
1896,ENSG00000216921.8,0.003309562336094711
1897,ENSG00000199846.1,0.0033068278279575107
1898,ENSG00000246223.8,0.0033055118516458364
1899,ENSG00000254703.2,0.003303602904733924
1900,ENSG00000053702.15,0.0033020160378497763
1901,ENSG00000253490.5,0.0033008241978244577
1902,ENSG00000122026.10,0.003280751543513135
1903,ENSG00000236722.1,0.0032777827458035703
1904,ENSG00000274238.1,0.0032753430824572754
1905,ENSG00000101448.13,0.0032692963398627695
1906,ENSG00000214279.13,0.0032571697214129405
1907,ENSG00000187244.11,0.0032557262080439822
1908,ENSG00000222976.1,0.003255016125477199
1909,ENSG00000266368.1,0.0032520032853941396
1910,ENSG00000234620.1,0.003251480649210193
1911,ENSG00000227868.6,0.00324150614179452
1912,ENSG00000153208.16,0.003233890469066185
1913,ENSG00000260257.2,0.0032247231998055233
1914,ENSG00000175920.18,0.0032244168219758866
1915,ENSG00000239445.5,0.003219576163643951
1916,ENSG00000213373.7,0.003208215491081345
1917,ENSG00000129657.16,0.003198865142404313
1918,ENSG00000168229.3,0.003184970260080778
1919,ENSG00000267226.2,0.0031808915071160648
1920,ENSG00000285565.1,0.003177154607274538
1921,ENSG00000231064.7,0.003170648957358813
1922,ENSG00000283141.1,0.003167624513594251
1923,ENSG00000166920.12,0.0031631677692011127
1924,ENSG00000178531.6,0.003157713679382832
1925,ENSG00000265790.1,0.0031518188139413187
1926,ENSG00000144043.12,0.003139039249717227
1927,ENSG00000256988.1,0.0031380623114210357
1928,ENSG00000148700.14,0.0031347721825266965
1929,ENSG00000267781.1,0.0031345285691886456
1930,ENSG00000274321.1,0.0031325598564999075
1931,ENSG00000263142.5,0.0031312854940578256
1932,ENSG00000286221.1,0.0031267303078248384
1933,ENSG00000243900.3,0.003125464413148637
1934,ENSG00000255390.1,0.0031149322199351135
1935,ENSG00000232699.3,0.0031129977607822477
1936,ENSG00000248429.5,0.003112703794753682
1937,ENSG00000231162.4,0.0031124811493745993
1938,ENSG00000270328.1,0.003098744056658811
1939,ENSG00000264026.1,0.0030969662950797875
1940,ENSG00000260947.1,0.0030908051305072078
1941,ENSG00000275417.1,0.003087751686386643
1942,ENSG00000267075.1,0.00308050568841814
1943,ENSG00000136244.12,0.0030782900689643213
1944,ENSG00000278903.3,0.0030648246186992883
1945,ENSG00000261749.2,0.003061646894713469
1946,ENSG00000229616.2,0.003059953683071838
1947,ENSG00000125898.13,0.0030543911787662445
1948,ENSG00000225496.1,0.0030534932806329097
1949,ENSG00000234469.4,0.0030521556570548797
1950,ENSG00000254873.1,0.0030495048090202525
1951,ENSG00000132681.16,0.0030494333132506696
1952,ENSG00000286188.1,0.0030458791859315094
1953,ENSG00000266988.5,0.0030371764323079177
1954,ENSG00000110711.10,0.0030292450492023044
1955,ENSG00000282041.1,0.003028113471520623
1956,ENSG00000204791.10,0.003026411432216847
1957,ENSG00000188283.11,0.003026280830073247
1958,ENSG00000130762.15,0.0030173237823083515
1959,ENSG00000265916.1,0.003009630976294196
1960,ENSG00000144642.21,0.0030091555684673647
1961,ENSG00000143297.19,0.0030076692202334623
1962,ENSG00000279110.1,0.0030076222989615107
1963,ENSG00000172073.4,0.003006869066819193
1964,ENSG00000229356.1,0.003000136142115745
1965,ENSG00000144827.9,0.002990091796929439
1966,ENSG00000203560.3,0.002982763020782218
1967,ENSG00000257893.2,0.0029824640539907465
1968,ENSG00000212807.2,0.002981034547567071
1969,ENSG00000199475.1,0.00297649844305436
1970,ENSG00000181192.12,0.0029729910144323
1971,ENSG00000261416.1,0.002970681410405457
1972,ENSG00000214819.1,0.0029701441662332412
1973,ENSG00000211450.10,0.0029680991451793946
1974,ENSG00000215540.10,0.0029492195034807856
1975,ENSG00000232736.1,0.0029484877346848144
1976,ENSG00000047617.15,0.0029383485176560135
1977,ENSG00000254216.1,0.002935933529016372
1978,ENSG00000260280.5,0.0029331418709309955
1979,ENSG00000167105.8,0.0029215571721764363
1980,ENSG00000172936.14,0.0029209183850503703
1981,ENSG00000007866.21,0.002915074707524565
1982,ENSG00000227294.1,0.002911388506686077
1983,ENSG00000244558.5,0.002910625925964184
1984,ENSG00000177409.12,0.002910232262539699
1985,ENSG00000215568.9,0.0029029804158343733
1986,ENSG00000273551.1,0.002900891952238179
1987,ENSG00000185974.7,0.0028826492425211756
1988,ENSG00000241318.3,0.002877071321010918
1989,ENSG00000109790.16,0.002873984757695199
1990,ENSG00000270280.1,0.0028661671465474844
1991,ENSG00000183313.4,0.002851991305961891
1992,ENSG00000283235.1,0.0028509082945411338
1993,ENSG00000286194.1,0.0028426381896315945
1994,ENSG00000253299.1,0.0028394335067068103
1995,ENSG00000251593.1,0.002837948181879975
1996,ENSG00000259203.1,0.0028308705592347506
1997,ENSG00000170509.12,0.0028275134895868197
1998,ENSG00000267618.5,0.0028192303088483534
1999,ENSG00000123892.12,0.002818322837426525
2000,ENSG00000259134.6,0.002816903154726335
2001,ENSG00000204779.2,0.002814760243948239
2002,ENSG00000140478.15,0.0028108357664719382
2003,ENSG00000283078.1,0.0028087125061709026
2004,ENSG00000122176.12,0.0028039238620052565
2005,ENSG00000237080.3,0.002788299379533798
2006,ENSG00000127074.14,0.002785447065815952
2007,ENSG00000230398.1,0.0027796908824234043
2008,ENSG00000023902.14,0.002772275170417947
2009,ENSG00000007001.12,0.0027652802977998227
2010,ENSG00000256714.1,0.002760639602474485
2011,ENSG00000128917.8,0.0027602397615411533
2012,ENSG00000150048.10,0.0027467680563191313
2013,ENSG00000196126.11,0.002732659452169922
2014,ENSG00000203855.7,0.0027268696496501607
2015,ENSG00000162244.11,0.0027253065714246843
2016,ENSG00000223873.1,0.002722983763950885
2017,ENSG00000276074.1,0.0027050389270408008
2018,ENSG00000268531.3,0.0026938466701617435
2019,ENSG00000158764.7,0.002681613089153417
2020,ENSG00000279821.1,0.002677935351226876
2021,ENSG00000145050.16,0.00267667003088766
2022,ENSG00000267920.1,0.0026493117278482267
2023,ENSG00000187987.9,0.00263865810649681
2024,ENSG00000259105.1,0.0026331866384054553
2025,ENSG00000199426.1,0.0026310608038178362
2026,ENSG00000256671.6,0.002622841195108849
2027,ENSG00000278911.1,0.002617562849055058
2028,ENSG00000183098.11,0.0026052615957415605
2029,ENSG00000213888.3,0.0026005773385550887
2030,ENSG00000165501.17,0.0026005044078829496
2031,ENSG00000142700.12,0.002599382334523886
2032,ENSG00000170290.4,0.0025948182449826852
2033,ENSG00000177791.11,0.0025941877665357294
2034,ENSG00000183508.5,0.0025915631038152765
2035,ENSG00000186480.13,0.0025901418355246905
2036,ENSG00000286176.1,0.002588740899180271
2037,ENSG00000189275.3,0.0025806604633887187
2038,ENSG00000266111.2,0.0025752655910005907
2039,ENSG00000101336.14,0.002574394992129413
2040,ENSG00000260416.1,0.002549024773288356
2041,ENSG00000262454.3,0.0025490156576072464
2042,ENSG00000255553.1,0.0025472800031952642
2043,ENSG00000250745.2,0.0025457670814839376
2044,ENSG00000272977.1,0.0025360299893331783
2045,ENSG00000065054.14,0.0025295546497064196
2046,ENSG00000248319.1,0.002526341940597522
2047,ENSG00000173221.14,0.002526224220100468
2048,ENSG00000221763.1,0.0025208271533023376
2049,ENSG00000286080.1,0.002517037146534756
2050,ENSG00000153002.12,0.002516764159215499
2051,ENSG00000121579.13,0.002513357659680396
2052,ENSG00000151474.23,0.00251272686481028
2053,ENSG00000183458.13,0.0025108325433712037
2054,ENSG00000285702.1,0.002503019364513639
2055,ENSG00000240356.6,0.002497464558854098
2056,ENSG00000116701.14,0.002489281928448592
2057,ENSG00000242229.1,0.002482952949771411
2058,ENSG00000234288.2,0.002481902328599267
2059,ENSG00000275468.1,0.002470094160002379
2060,ENSG00000166426.8,0.0024684617470365246
2061,ENSG00000283443.1,0.002459299532038199
2062,ENSG00000144891.17,0.0024586489659126566
2063,ENSG00000272288.5,0.0024562005711452235
2064,ENSG00000267426.5,0.0024341632198755458
2065,ENSG00000271452.1,0.0024316331290076243
2066,ENSG00000157510.14,0.002429368637456189
2067,ENSG00000272787.1,0.002407256975727173
2068,ENSG00000007350.17,0.0024049587479733395
2069,ENSG00000265411.1,0.0023987597276163594
2070,ENSG00000183035.12,0.0023931328534906055
2071,ENSG00000256167.1,0.002386411918591895
2072,ENSG00000131737.5,0.002385830062773522
2073,ENSG00000186197.14,0.0023840096157127
2074,ENSG00000275576.1,0.002383191595406976
2075,ENSG00000285684.1,0.002376860556695065
2076,ENSG00000278818.1,0.0023676645618219304
2077,ENSG00000269524.1,0.0023659096924831587
2078,ENSG00000260008.1,0.0023652260624557465
2079,ENSG00000284954.1,0.002358381391401559
2080,ENSG00000274642.1,0.002355738432356804
2081,ENSG00000276791.1,0.002348092250498444
2082,ENSG00000250308.2,0.0023411002616644592
2083,ENSG00000111058.8,0.0023119760077113666
2084,ENSG00000213213.13,0.0022985436614675996
2085,ENSG00000185507.20,0.0022916366665845945
2086,ENSG00000197959.14,0.0022875648818045198
2087,ENSG00000279431.1,0.0022875274254803746
2088,ENSG00000279486.5,0.0022686086968834998
2089,ENSG00000196636.7,0.0022603770093394
2090,ENSG00000223756.6,0.00225954314791565
2091,ENSG00000156508.18,0.002238287756347032
2092,ENSG00000254818.1,0.0022379415469122835
2093,ENSG00000236120.6,0.00223317519321368
2094,ENSG00000270615.1,0.002201379944737628
2095,ENSG00000283345.1,0.0021962518914334455
2096,ENSG00000270021.1,0.002189533355815486
2097,ENSG00000163754.17,0.0021784941680983196
2098,ENSG00000146094.14,0.0021599575351555385
2099,ENSG00000269356.1,0.0021410037216477765
2100,ENSG00000239941.1,0.0021347632701685898
2101,ENSG00000168566.13,0.0021347488165578002
2102,ENSG00000174021.11,0.002130565801297764
2103,ENSG00000275496.4,0.002111709363567467
2104,ENSG00000169635.10,0.002107374129245253
2105,ENSG00000058335.15,0.002106346345182799
2106,ENSG00000280296.1,0.002105656952901096
2107,ENSG00000230626.4,0.002101345261344388
2108,ENSG00000186529.16,0.0021009623298453442
2109,ENSG00000285537.1,0.002092940885533518
2110,ENSG00000259756.1,0.0020922924351645953
2111,ENSG00000129595.13,0.002087397541825747
2112,ENSG00000260802.1,0.0020771172929445517
2113,ENSG00000225146.1,0.002063281794233005
2114,ENSG00000236670.1,0.0020508104288519957
2115,ENSG00000104763.19,0.0020499112775925164
2116,ENSG00000116815.16,0.002039832038467798
2117,ENSG00000226982.4,0.002036847269695466
2118,ENSG00000179300.3,0.0020344317816792076
2119,ENSG00000131791.8,0.0020342837761910867
2120,ENSG00000238290.1,0.002031579199368613
2121,ENSG00000148834.13,0.0020220420056174956
2122,ENSG00000189001.11,0.002013773338591388
2123,ENSG00000263725.1,0.0020105670702001395
2124,ENSG00000279358.1,0.0020046562397114513
2125,ENSG00000188921.14,0.001998170133740428
2126,ENSG00000273179.1,0.0019898176427961723
2127,ENSG00000183765.21,0.001975655586572919
2128,ENSG00000127955.17,0.0019633949118095834
2129,ENSG00000167880.7,0.001962277409073676
2130,ENSG00000232759.1,0.0019601027229180527
2131,ENSG00000270339.3,0.0019545289785691962
2132,ENSG00000111269.3,0.0019534637583774237
2133,ENSG00000001036.13,0.0019403965025069749
2134,ENSG00000156218.13,0.0019285971798165028
2135,ENSG00000259656.1,0.0019264335228719588
2136,ENSG00000267098.1,0.001909092854417094
2137,ENSG00000244642.3,0.0019055640456647675
2138,ENSG00000174792.10,0.0018633161722497844
2139,ENSG00000256138.1,0.0018539227823076174
2140,ENSG00000124762.13,0.0018532452946074729
2141,ENSG00000260945.1,0.0018415797684357227
2142,ENSG00000236887.1,0.001841563638906699
2143,ENSG00000128886.12,0.001835505361059774
2144,ENSG00000232811.1,0.0018149443382727303
2145,ENSG00000165584.15,0.001802065442289694
2146,ENSG00000226824.6,0.0018007689268242553
2147,ENSG00000231665.1,0.0017989046994539484
2148,ENSG00000273382.1,0.0017936717787777803
2149,ENSG00000248555.6,0.001792981143595814
2150,ENSG00000112096.18,0.001771085665389825
2151,ENSG00000149451.17,0.001763451226036807
2152,ENSG00000253010.1,0.001757409286505894
2153,ENSG00000225470.7,0.0017340299946585818
2154,ENSG00000168938.5,0.0017285206574087677
2155,ENSG00000186827.11,0.0017173855126241127
2156,ENSG00000254415.3,0.001712816545399544
2157,ENSG00000174384.9,0.0016931888157513345
2158,ENSG00000085265.11,0.0016567164601027442
2159,ENSG00000185477.5,0.0016563255957547911
2160,ENSG00000279196.1,0.0016448388168021641
2161,ENSG00000186103.4,0.001632343087756022
2162,ENSG00000198173.4,0.0016272314731630955
2163,ENSG00000104043.14,0.0016214528913992112
2164,ENSG00000258197.1,0.0016122178386790966
2165,ENSG00000167332.8,0.001597692139377765
2166,ENSG00000255319.5,0.0015855250965868207
2167,ENSG00000186860.4,0.0015800787201587368
2168,ENSG00000120451.10,0.0015720485743225129
2169,ENSG00000226241.2,0.0015639175039741061
2170,ENSG00000146386.8,0.0015611417386193647
2171,ENSG00000236875.3,0.0015598533563199047
2172,ENSG00000186654.21,0.0015472557071494577
2173,ENSG00000188735.13,0.0015465956712265214
2174,ENSG00000261327.4,0.0015461488407324045
2175,ENSG00000272953.1,0.0015431485502151827
2176,ENSG00000272121.1,0.0015205081553919474
2177,ENSG00000259371.2,0.001519689305897304
2178,ENSG00000227002.2,0.0015105650462209237
2179,ENSG00000197385.5,0.001497749368317155
2180,ENSG00000214783.9,0.0014626769317010197
2181,ENSG00000145198.14,0.001456120688726068
2182,ENSG00000026036.22,0.0014457556795011478
2183,ENSG00000284634.1,0.0014386195006268162
2184,ENSG00000172380.6,0.0014179960103063694
2185,ENSG00000231840.1,0.0014152665802430213
2186,ENSG00000198798.5,0.001414335481428259
2187,ENSG00000185681.13,0.0014089317710445472
2188,ENSG00000251296.1,0.0013925874531816771
2189,ENSG00000241362.2,0.0013922931098521978
2190,ENSG00000259356.1,0.0013613892001701968
2191,ENSG00000123975.5,0.0013262687339652827
2192,ENSG00000239473.1,0.0013168800343165007
2193,ENSG00000285735.1,0.0013076681069942291
2194,ENSG00000276302.1,0.0012724909444951369
2195,ENSG00000197849.6,0.0012667260357049652
2196,ENSG00000238002.3,0.0012547465054019054
2197,ENSG00000280381.1,0.0012512119015962108
2198,ENSG00000213261.3,0.0012510215784121456
2199,ENSG00000165275.10,0.0012468261319708994
2200,ENSG00000106049.9,0.0012301287415842847
2201,ENSG00000015475.18,0.0012025088070505383
2202,ENSG00000152763.17,0.0011922200942522938
2203,ENSG00000286234.1,0.0011818146992338917
2204,ENSG00000100612.14,0.0011480344377455944
2205,ENSG00000105538.10,0.0011204175288603753
2206,ENSG00000163541.12,0.0010939334848642584
2207,ENSG00000280623.1,0.0010922323781795285
2208,ENSG00000160396.8,0.001068019341480497
2209,ENSG00000283525.1,0.001062162445079593
2210,ENSG00000128250.5,0.0010607270903286213
2211,ENSG00000258114.1,0.0010492052693363183
2212,ENSG00000258776.1,0.00101248504767253
2213,ENSG00000196337.11,0.001001766282413596
2214,ENSG00000285437.1,0.0009805583463298048
2215,ENSG00000115963.13,0.0009735151483872503
2216,ENSG00000131477.11,0.0009690546207460524
2217,ENSG00000181004.10,0.0009668097556656675
2218,ENSG00000270076.1,0.000956673949748624
2219,ENSG00000057608.17,0.0009360935462396425
2220,ENSG00000262312.2,0.000918775800331507
2221,ENSG00000257129.1,0.0009157305481314908
2222,ENSG00000138741.11,0.0009116219258303121
2223,ENSG00000230581.2,0.0009035352607757514
2224,ENSG00000240328.1,0.0008947648529416956
2225,ENSG00000091527.15,0.0008855828497660524
2226,ENSG00000285692.1,0.0008849703270492514
2227,ENSG00000213730.3,0.000831020851258748
2228,ENSG00000286242.1,0.000815842707634871
2229,ENSG00000184005.11,0.0008108050474406491
2230,ENSG00000126524.10,0.0007976771881944513
2231,ENSG00000243696.5,0.0007634635267350196
2232,ENSG00000286003.1,0.000756648835149739
2233,ENSG00000034510.6,0.0006961025834305581
2234,ENSG00000023909.10,0.0006951753021065401
2235,ENSG00000263603.1,0.0006913496906531625
2236,ENSG00000206149.10,0.0006287540267035332
2237,ENSG00000277795.1,0.0005558156894461805
2238,ENSG00000213153.3,0.0005477383424771497
2239,ENSG00000211455.8,0.0005432571817766571
2240,ENSG00000213152.5,0.00047791819836585155
2241,ENSG00000275734.2,0.00046596495098409385
2242,ENSG00000231879.1,0.000464329295423539
2243,ENSG00000221978.12,0.0004588593515387296
2244,ENSG00000271969.1,0.0004556590641238973
2245,ENSG00000172340.14,0.00038689308915202514
2246,ENSG00000128519.3,0.00038258259213169797
2247,ENSG00000277744.1,0.0003764004130163587
2248,ENSG00000083937.9,0.0003590061655245533
2249,ENSG00000201228.1,0.0003117577511392081
2250,ENSG00000143228.13,0.0002446550833624981
2251,ENSG00000139168.8,0.0002436943017829266
2252,ENSG00000223534.1,0.00021259961948517697
2253,ENSG00000280604.1,0.00012735216440313155
2254,ENSG00000213983.11,0.00012656027498860736
2255,ENSG00000224060.3,6.766793603205264e-05
2256,ENSG00000260855.1,0.0
2257,ENSG00000135069.14,0.0
2258,ENSG00000135047.15,0.0
2259,ENSG00000258413.1,0.0
2260,ENSG00000136883.14,0.0
2261,ENSG00000135046.14,0.0
2262,ENSG00000134884.15,0.0
2263,ENSG00000260262.1,0.0
2264,ENSG00000260211.2,0.0
2265,ENSG00000135119.14,0.0
2266,ENSG00000260198.1,0.0
2267,ENSG00000260034.1,0.0
2268,ENSG00000260190.1,0.0
2269,ENSG00000260152.2,0.0
2270,ENSG00000260053.2,0.0
2271,ENSG00000134824.14,0.0
2272,ENSG00000134365.13,0.0
2273,ENSG00000260816.2,0.0
2274,ENSG00000260805.2,0.0
2275,ENSG00000260778.5,0.0
2276,ENSG00000260657.2,0.0
2277,ENSG00000260648.3,0.0
2278,ENSG00000260605.1,0.0
2279,ENSG00000260578.1,0.0
2280,ENSG00000260548.1,0.0
2281,ENSG00000135363.12,0.0
2282,ENSG00000140022.12,0.0
2283,ENSG00000260526.1,0.0
2284,ENSG00000260507.1,0.0
2285,ENSG00000260440.2,0.0
2286,ENSG00000258410.1,0.0
2287,ENSG00000260372.6,0.0
2288,ENSG00000135617.4,0.0
2289,ENSG00000135406.14,0.0
2290,ENSG00000136868.11,0.0
2291,ENSG00000134716.11,0.0
2292,ENSG00000139631.18,0.0
2293,ENSG00000259213.1,0.0
2294,ENSG00000259211.1,0.0
2295,ENSG00000258507.1,0.0
2296,ENSG00000259196.1,0.0
2297,ENSG00000259119.1,0.0
2298,ENSG00000258989.1,0.0
2299,ENSG00000258972.1,0.0
2300,ENSG00000258550.1,0.0
2301,ENSG00000258870.1,0.0
2302,ENSG00000258855.1,0.0
2303,ENSG00000136634.6,0.0
2304,ENSG00000138646.9,0.0
2305,ENSG00000138356.14,0.0
2306,ENSG00000258559.2,0.0
2307,ENSG00000258591.2,0.0
2308,ENSG00000258618.2,0.0
2309,ENSG00000138085.16,0.0
2310,ENSG00000137960.6,0.0
2311,ENSG00000137877.10,0.0
2312,ENSG00000258700.5,0.0
2313,ENSG00000258660.1,0.0
2314,ENSG00000258785.5,0.0
2315,ENSG00000136824.19,0.0
2316,ENSG00000136240.10,0.0
2317,ENSG00000136156.14,0.0
2318,ENSG00000135916.16,0.0
2319,ENSG00000135903.19,0.0
2320,ENSG00000259985.1,0.0
2321,ENSG00000259977.1,0.0
2322,ENSG00000259721.1,0.0
2323,ENSG00000259677.1,0.0
2324,ENSG00000259663.2,0.0
2325,ENSG00000259219.1,0.0
2326,ENSG00000259551.1,0.0
2327,ENSG00000259530.1,0.0
2328,ENSG00000259527.2,0.0
2329,ENSG00000259479.6,0.0
2330,ENSG00000259432.1,0.0
2331,ENSG00000137875.4,0.0
2332,ENSG00000137868.19,0.0
2333,ENSG00000137808.12,0.0
2334,ENSG00000258414.1,0.0
2335,ENSG00000137642.13,0.0
2336,ENSG00000259305.6,0.0
2337,ENSG00000259605.3,0.0
2338,ENSG00000267105.1,0.0
2339,ENSG00000267096.1,0.0
2340,ENSG00000266992.1,0.0
2341,ENSG00000266916.6,0.0
2342,ENSG00000266913.1,0.0
2343,ENSG00000266903.1,0.0
2344,ENSG00000266839.3,0.0
2345,ENSG00000266803.1,0.0
2346,ENSG00000266777.1,0.0
2347,ENSG00000266648.1,0.0
2348,ENSG00000139842.15,0.0
2349,ENSG00000266498.1,0.0
2350,ENSG00000129116.19,0.0
2351,ENSG00000128915.12,0.0
2352,ENSG00000266256.2,0.0
2353,ENSG00000266109.1,0.0
2354,ENSG00000265750.1,0.0
2355,ENSG00000265735.2,0.0
2356,ENSG00000265574.1,0.0
2357,ENSG00000265542.5,0.0
2358,ENSG00000265327.2,0.0
2359,ENSG00000266588.1,0.0
2360,ENSG00000126264.9,0.0
2361,ENSG00000125975.13,0.0
2362,ENSG00000125965.9,0.0
2363,ENSG00000125810.10,0.0
2364,ENSG00000267544.1,0.0
2365,ENSG00000267519.6,0.0
2366,ENSG00000267510.1,0.0
2367,ENSG00000267497.1,0.0
2368,ENSG00000267475.1,0.0
2369,ENSG00000267339.6,0.0
2370,ENSG00000267120.3,0.0
2371,ENSG00000267206.6,0.0
2372,ENSG00000267191.1,0.0
2373,ENSG00000267185.1,0.0
2374,ENSG00000267178.3,0.0
2375,ENSG00000127824.14,0.0
2376,ENSG00000127412.6,0.0
2377,ENSG00000127337.7,0.0
2378,ENSG00000126950.8,0.0
2379,ENSG00000126790.12,0.0
2380,ENSG00000126733.21,0.0
2381,ENSG00000267130.1,0.0
2382,ENSG00000267265.5,0.0
2383,ENSG00000261740.6,0.0
2384,ENSG00000261634.3,0.0
2385,ENSG00000261609.6,0.0
2386,ENSG00000261586.2,0.0
2387,ENSG00000261572.1,0.0
2388,ENSG00000132698.15,0.0
2389,ENSG00000132561.14,0.0
2390,ENSG00000132109.10,0.0
2391,ENSG00000261480.1,0.0
2392,ENSG00000261402.1,0.0
2393,ENSG00000130758.8,0.0
2394,ENSG00000261270.1,0.0
2395,ENSG00000261226.1,0.0
2396,ENSG00000261202.1,0.0
2397,ENSG00000261159.1,0.0
2398,ENSG00000261030.1,0.0
2399,ENSG00000261007.2,0.0
2400,ENSG00000260971.4,0.0
2401,ENSG00000260951.1,0.0
2402,ENSG00000260914.3,0.0
2403,ENSG00000260892.1,0.0
2404,ENSG00000260865.1,0.0
2405,ENSG00000261279.5,0.0
2406,ENSG00000130755.13,0.0
2407,ENSG00000130234.10,0.0
2408,ENSG00000129673.9,0.0
2409,ENSG00000129535.12,0.0
2410,ENSG00000129451.12,0.0
2411,ENSG00000265139.1,0.0
2412,ENSG00000264885.1,0.0
2413,ENSG00000264350.1,0.0
2414,ENSG00000264293.2,0.0
2415,ENSG00000263637.1,0.0
2416,ENSG00000261872.1,0.0
2417,ENSG00000262979.1,0.0
2418,ENSG00000132031.13,0.0
2419,ENSG00000131669.10,0.0
2420,ENSG00000131620.17,0.0
2421,ENSG00000131469.14,0.0
2422,ENSG00000262803.1,0.0
2423,ENSG00000262410.1,0.0
2424,ENSG00000262188.1,0.0
2425,ENSG00000262185.2,0.0
2426,ENSG00000262089.1,0.0
2427,ENSG00000261997.1,0.0
2428,ENSG00000263278.2,0.0
2429,ENSG00000254114.1,0.0
2430,ENSG00000254003.1,0.0
2431,ENSG00000253915.1,0.0
2432,ENSG00000253813.1,0.0
2433,ENSG00000253810.1,0.0
2434,ENSG00000253789.1,0.0
2435,ENSG00000253771.6,0.0
2436,ENSG00000253764.2,0.0
2437,ENSG00000253731.2,0.0
2438,ENSG00000253690.1,0.0
2439,ENSG00000258302.2,0.0
2440,ENSG00000253672.1,0.0
2441,ENSG00000253627.1,0.0
2442,ENSG00000151655.19,0.0
2443,ENSG00000151615.3,0.0
2444,ENSG00000151413.17,0.0
2445,ENSG00000151379.3,0.0
2446,ENSG00000151079.7,0.0
2447,ENSG00000151005.4,0.0
2448,ENSG00000150991.15,0.0
2449,ENSG00000253582.1,0.0
2450,ENSG00000253688.2,0.0
2451,ENSG00000254892.1,0.0
2452,ENSG00000254877.1,0.0
2453,ENSG00000254767.1,0.0
2454,ENSG00000148057.16,0.0
2455,ENSG00000148019.13,0.0
2456,ENSG00000147761.8,0.0
2457,ENSG00000147689.16,0.0
2458,ENSG00000147588.7,0.0
2459,ENSG00000147576.17,0.0
2460,ENSG00000254732.1,0.0
2461,ENSG00000254228.2,0.0
2462,ENSG00000254698.1,0.0
2463,ENSG00000254663.1,0.0
2464,ENSG00000254598.2,0.0
2465,ENSG00000254535.4,0.0
2466,ENSG00000254530.1,0.0
2467,ENSG00000150276.8,0.0
2468,ENSG00000150175.13,0.0
2469,ENSG00000149639.15,0.0
2470,ENSG00000149609.6,0.0
2471,ENSG00000149260.17,0.0
2472,ENSG00000254363.6,0.0
2473,ENSG00000254712.1,0.0
2474,ENSG00000251313.1,0.0
2475,ENSG00000153879.9,0.0
2476,ENSG00000153815.16,0.0
2477,ENSG00000153721.19,0.0
2478,ENSG00000153292.16,0.0
2479,ENSG00000153234.14,0.0
2480,ENSG00000153230.4,0.0
2481,ENSG00000153071.15,0.0
2482,ENSG00000152804.11,0.0
2483,ENSG00000251201.8,0.0
2484,ENSG00000253537.3,0.0
2485,ENSG00000251184.1,0.0
2486,ENSG00000251107.1,0.0
2487,ENSG00000250994.1,0.0
2488,ENSG00000250938.5,0.0
2489,ENSG00000155657.26,0.0
2490,ENSG00000155096.14,0.0
2491,ENSG00000155026.16,0.0
2492,ENSG00000154839.10,0.0
2493,ENSG00000154359.13,0.0
2494,ENSG00000154262.13,0.0
2495,ENSG00000153936.17,0.0
2496,ENSG00000251193.1,0.0
2497,ENSG00000253504.1,0.0
2498,ENSG00000253493.1,0.0
2499,ENSG00000253389.2,0.0
2500,ENSG00000253320.6,0.0
2501,ENSG00000253210.1,0.0
2502,ENSG00000152760.10,0.0
2503,ENSG00000152670.18,0.0
2504,ENSG00000152601.17,0.0
2505,ENSG00000152583.12,0.0
2506,ENSG00000152503.9,0.0
2507,ENSG00000251405.3,0.0
2508,ENSG00000152359.14,0.0
2509,ENSG00000152292.17,0.0
2510,ENSG00000152207.7,0.0
2511,ENSG00000152117.17,0.0
2512,ENSG00000152082.14,0.0
2513,ENSG00000151883.18,0.0
2514,ENSG00000252358.1,0.0
2515,ENSG00000251632.1,0.0
2516,ENSG00000251556.1,0.0
2517,ENSG00000251471.1,0.0
2518,ENSG00000251418.2,0.0
2519,ENSG00000152382.6,0.0
2520,ENSG00000257675.1,0.0
2521,ENSG00000257572.1,0.0
2522,ENSG00000257551.1,0.0
2523,ENSG00000257531.2,0.0
2524,ENSG00000257494.1,0.0
2525,ENSG00000142698.15,0.0
2526,ENSG00000142621.19,0.0
2527,ENSG00000142405.21,0.0
2528,ENSG00000141858.11,0.0
2529,ENSG00000257285.5,0.0
2530,ENSG00000254907.1,0.0
2531,ENSG00000257243.1,0.0
2532,ENSG00000256948.1,0.0
2533,ENSG00000256940.1,0.0
2534,ENSG00000256884.1,0.0
2535,ENSG00000256684.1,0.0
2536,ENSG00000256609.1,0.0
2537,ENSG00000256553.1,0.0
2538,ENSG00000256473.1,0.0
2539,ENSG00000256469.1,0.0
2540,ENSG00000256350.1,0.0
2541,ENSG00000257272.1,0.0
2542,ENSG00000139278.10,0.0
2543,ENSG00000139197.10,0.0
2544,ENSG00000139178.11,0.0
2545,ENSG00000139174.12,0.0
2546,ENSG00000139144.9,0.0
2547,ENSG00000138798.12,0.0
2548,ENSG00000138777.20,0.0
2549,ENSG00000258399.7,0.0
2550,ENSG00000267649.1,0.0
2551,ENSG00000258275.1,0.0
2552,ENSG00000257741.5,0.0
2553,ENSG00000258083.2,0.0
2554,ENSG00000258065.1,0.0
2555,ENSG00000257966.1,0.0
2556,ENSG00000257900.2,0.0
2557,ENSG00000141337.12,0.0
2558,ENSG00000140682.19,0.0
2559,ENSG00000140416.21,0.0
2560,ENSG00000140263.14,0.0
2561,ENSG00000140044.13,0.0
2562,ENSG00000140025.16,0.0
2563,ENSG00000257839.1,0.0
2564,ENSG00000258179.1,0.0
2565,ENSG00000255524.7,0.0
2566,ENSG00000255471.1,0.0
2567,ENSG00000255451.1,0.0
2568,ENSG00000255432.1,0.0
2569,ENSG00000255350.1,0.0
2570,ENSG00000255244.1,0.0
2571,ENSG00000255210.1,0.0
2572,ENSG00000255183.1,0.0
2573,ENSG00000255182.2,0.0
2574,ENSG00000255143.1,0.0
2575,ENSG00000143970.16,0.0
2576,ENSG00000255076.2,0.0
2577,ENSG00000255057.1,0.0
2578,ENSG00000255043.1,0.0
2579,ENSG00000255036.6,0.0
2580,ENSG00000255027.2,0.0
2581,ENSG00000147403.16,0.0
2582,ENSG00000147168.12,0.0
2583,ENSG00000146409.12,0.0
2584,ENSG00000146383.7,0.0
2585,ENSG00000146205.13,0.0
2586,ENSG00000254916.1,0.0
2587,ENSG00000255120.5,0.0
2588,ENSG00000143882.12,0.0
2589,ENSG00000143839.15,0.0
2590,ENSG00000143751.10,0.0
2591,ENSG00000143537.13,0.0
2592,ENSG00000143333.7,0.0
2593,ENSG00000143278.4,0.0
2594,ENSG00000143257.11,0.0
2595,ENSG00000143196.5,0.0
2596,ENSG00000143110.11,0.0
2597,ENSG00000256269.9,0.0
2598,ENSG00000255580.1,0.0
2599,ENSG00000256210.3,0.0
2600,ENSG00000255959.1,0.0
2601,ENSG00000255867.1,0.0
2602,ENSG00000255819.7,0.0
2603,ENSG00000255622.3,0.0
2604,ENSG00000255621.1,0.0
2605,ENSG00000255595.4,0.0
2606,ENSG00000145431.11,0.0
2607,ENSG00000145384.3,0.0
2608,ENSG00000144504.15,0.0
2609,ENSG00000143977.14,0.0
2610,ENSG00000256232.1,0.0
2611,ENSG00000092607.15,0.0
2612,ENSG00000092068.20,0.0
2613,ENSG00000279584.1,0.0
2614,ENSG00000279549.1,0.0
2615,ENSG00000279526.1,0.0
2616,ENSG00000279523.1,0.0
2617,ENSG00000279518.1,0.0
2618,ENSG00000279497.1,0.0
2619,ENSG00000279495.1,0.0
2620,ENSG00000279452.1,0.0
2621,ENSG00000268355.1,0.0
2622,ENSG00000100191.5,0.0
2623,ENSG00000099974.8,0.0
2624,ENSG00000279401.1,0.0
2625,ENSG00000279365.1,0.0
2626,ENSG00000279324.1,0.0
2627,ENSG00000279251.1,0.0
2628,ENSG00000279249.2,0.0
2629,ENSG00000279179.1,0.0
2630,ENSG00000279152.1,0.0
2631,ENSG00000279141.3,0.0
2632,ENSG00000100314.4,0.0
2633,ENSG00000090339.9,0.0
2634,ENSG00000089639.11,0.0
2635,ENSG00000089351.14,0.0
2636,ENSG00000089225.19,0.0
2637,ENSG00000089050.16,0.0
2638,ENSG00000086288.11,0.0
2639,ENSG00000279995.1,0.0
2640,ENSG00000279981.1,0.0
2641,ENSG00000279948.1,0.0
2642,ENSG00000279852.1,0.0
2643,ENSG00000094755.17,0.0
2644,ENSG00000279822.1,0.0
2645,ENSG00000279781.1,0.0
2646,ENSG00000279757.1,0.0
2647,ENSG00000279721.1,0.0
2648,ENSG00000279698.1,0.0
2649,ENSG00000099256.19,0.0
2650,ENSG00000099251.14,0.0
2651,ENSG00000099194.6,0.0
2652,ENSG00000096060.14,0.0
2653,ENSG00000095917.14,0.0
2654,ENSG00000095564.14,0.0
2655,ENSG00000279833.1,0.0
2656,ENSG00000102287.19,0.0
2657,ENSG00000277602.1,0.0
2658,ENSG00000277550.1,0.0
2659,ENSG00000277501.1,0.0
2660,ENSG00000277400.1,0.0
2661,ENSG00000277203.1,0.0
2662,ENSG00000277151.1,0.0
2663,ENSG00000277027.1,0.0
2664,ENSG00000276934.1,0.0
2665,ENSG00000276900.1,0.0
2666,ENSG00000279135.1,0.0
2667,ENSG00000276775.1,0.0
2668,ENSG00000276571.1,0.0
2669,ENSG00000276500.1,0.0
2670,ENSG00000276486.1,0.0
2671,ENSG00000276473.1,0.0
2672,ENSG00000104983.8,0.0
2673,ENSG00000104974.11,0.0
2674,ENSG00000104885.18,0.0
2675,ENSG00000104827.12,0.0
2676,ENSG00000104774.13,0.0
2677,ENSG00000276814.1,0.0
2678,ENSG00000279118.1,0.0
2679,ENSG00000279012.2,0.0
2680,ENSG00000278917.1,0.0
2681,ENSG00000278908.1,0.0
2682,ENSG00000278849.1,0.0
2683,ENSG00000100532.12,0.0
2684,ENSG00000278828.1,0.0
2685,ENSG00000278743.1,0.0
2686,ENSG00000278472.1,0.0
2687,ENSG00000278344.1,0.0
2688,ENSG00000102794.9,0.0
2689,ENSG00000278146.1,0.0
2690,ENSG00000277911.1,0.0
2691,ENSG00000277887.1,0.0
2692,ENSG00000277851.1,0.0
2693,ENSG00000277829.1,0.0
2694,ENSG00000277743.1,0.0
2695,ENSG00000277726.4,0.0
2696,ENSG00000277708.1,0.0
2697,ENSG00000103404.14,0.0
2698,ENSG00000103184.12,0.0
2699,ENSG00000102804.15,0.0
2700,ENSG00000278147.1,0.0
2701,ENSG00000014257.16,0.0
2702,ENSG00000013583.10,0.0
2703,ENSG00000013573.17,0.0
2704,ENSG00000012048.22,0.0
2705,ENSG00000285671.1,0.0
2706,ENSG00000285656.1,0.0
2707,ENSG00000285590.1,0.0
2708,ENSG00000285584.1,0.0
2709,ENSG00000285562.1,0.0
2710,ENSG00000050327.15,0.0
2711,ENSG00000280032.1,0.0
2712,ENSG00000285517.1,0.0
2713,ENSG00000285454.1,0.0
2714,ENSG00000285388.1,0.0
2715,ENSG00000285043.1,0.0
2716,ENSG00000284846.1,0.0
2717,ENSG00000284772.1,0.0
2718,ENSG00000284721.1,0.0
2719,ENSG00000284674.1,0.0
2720,ENSG00000284059.1,0.0
2721,ENSG00000284052.1,0.0
2722,ENSG00000038945.15,0.0
2723,ENSG00000285921.1,0.0
2724,ENSG00000285827.1,0.0
2725,ENSG00000023734.11,0.0
2726,ENSG00000021355.13,0.0
2727,ENSG00000018408.14,0.0
2728,ENSG00000285801.1,0.0
2729,ENSG00000285781.1,0.0
2730,ENSG00000285747.1,0.0
2731,ENSG00000285739.1,0.0
2732,ENSG00000285722.1,0.0
2733,ENSG00000015285.10,0.0
2734,ENSG00000285695.1,0.0
2735,ENSG00000285948.1,0.0
2736,ENSG00000285922.1,0.0
2737,ENSG00000211706.2,0.0
2738,ENSG00000211683.3,0.0
2739,ENSG00000211649.3,0.0
2740,ENSG00000211598.2,0.0
2741,ENSG00000286228.1,0.0
2742,ENSG00000286205.1,0.0
2743,ENSG00000286132.1,0.0
2744,ENSG00000286125.1,0.0
2745,ENSG00000285708.1,0.0
2746,ENSG00000069188.17,0.0
2747,ENSG00000282304.1,0.0
2748,ENSG00000281831.1,0.0
2749,ENSG00000281732.1,0.0
2750,ENSG00000281491.1,0.0
2751,ENSG00000281379.2,0.0
2752,ENSG00000281357.2,0.0
2753,ENSG00000281103.1,0.0
2754,ENSG00000081803.16,0.0
2755,ENSG00000080839.11,0.0
2756,ENSG00000283914.1,0.0
2757,ENSG00000077713.19,0.0
2758,ENSG00000076685.18,0.0
2759,ENSG00000076555.15,0.0
2760,ENSG00000281091.2,0.0
2761,ENSG00000281016.1,0.0
2762,ENSG00000280725.2,0.0
2763,ENSG00000280387.1,0.0
2764,ENSG00000280321.1,0.0
2765,ENSG00000280285.1,0.0
2766,ENSG00000280140.1,0.0
2767,ENSG00000280122.1,0.0
2768,ENSG00000080573.7,0.0
2769,ENSG00000283633.1,0.0
2770,ENSG00000283537.2,0.0
2771,ENSG00000068885.15,0.0
2772,ENSG00000068001.14,0.0
2773,ENSG00000067208.14,0.0
2774,ENSG00000065328.16,0.0
2775,ENSG00000061455.11,0.0
2776,ENSG00000058600.16,0.0
2777,ENSG00000056972.19,0.0
2778,ENSG00000283402.1,0.0
2779,ENSG00000073150.13,0.0
2780,ENSG00000283259.1,0.0
2781,ENSG00000283096.1,0.0
2782,ENSG00000283088.1,0.0
2783,ENSG00000282978.1,0.0
2784,ENSG00000282951.1,0.0
2785,ENSG00000282890.1,0.0
2786,ENSG00000282591.1,0.0
2787,ENSG00000075886.11,0.0
2788,ENSG00000074201.8,0.0
2789,ENSG00000073861.3,0.0
2790,ENSG00000073754.6,0.0
2791,ENSG00000283321.1,0.0
2792,ENSG00000271711.1,0.0
2793,ENSG00000271533.1,0.0
2794,ENSG00000271522.1,0.0
2795,ENSG00000119906.13,0.0
2796,ENSG00000119737.5,0.0
2797,ENSG00000119669.5,0.0
2798,ENSG00000119392.14,0.0
2799,ENSG00000118939.17,0.0
2800,ENSG00000118680.13,0.0
2801,ENSG00000118655.6,0.0
2802,ENSG00000104415.14,0.0
2803,ENSG00000118523.6,0.0
2804,ENSG00000118181.11,0.0
2805,ENSG00000271425.8,0.0
2806,ENSG00000271409.1,0.0
2807,ENSG00000271387.1,0.0
2808,ENSG00000271270.6,0.0
2809,ENSG00000271119.1,0.0
2810,ENSG00000270996.1,0.0
2811,ENSG00000270983.1,0.0
2812,ENSG00000270937.1,0.0
2813,ENSG00000118557.15,0.0
2814,ENSG00000272795.1,0.0
2815,ENSG00000272583.1,0.0
2816,ENSG00000272573.6,0.0
2817,ENSG00000272566.1,0.0
2818,ENSG00000272519.1,0.0
2819,ENSG00000272436.1,0.0
2820,ENSG00000272312.1,0.0
2821,ENSG00000117601.13,0.0
2822,ENSG00000117519.16,0.0
2823,ENSG00000116741.8,0.0
2824,ENSG00000271815.1,0.0
2825,ENSG00000116685.16,0.0
2826,ENSG00000116668.13,0.0
2827,ENSG00000116641.17,0.0
2828,ENSG00000272282.1,0.0
2829,ENSG00000272269.1,0.0
2830,ENSG00000272087.1,0.0
2831,ENSG00000271984.1,0.0
2832,ENSG00000271980.1,0.0
2833,ENSG00000271945.1,0.0
2834,ENSG00000271916.1,0.0
2835,ENSG00000271914.1,0.0
2836,ENSG00000116688.16,0.0
2837,ENSG00000269526.1,0.0
2838,ENSG00000269481.1,0.0
2839,ENSG00000269421.1,0.0
2840,ENSG00000269332.5,0.0
2841,ENSG00000125337.18,0.0
2842,ENSG00000124466.9,0.0
2843,ENSG00000124172.10,0.0
2844,ENSG00000124145.6,0.0
2845,ENSG00000269106.1,0.0
2846,ENSG00000268894.6,0.0
2847,ENSG00000121957.14,0.0
2848,ENSG00000250929.2,0.0
2849,ENSG00000268267.1,0.0
2850,ENSG00000268154.2,0.0
2851,ENSG00000268140.1,0.0
2852,ENSG00000268133.1,0.0
2853,ENSG00000268030.1,0.0
2854,ENSG00000267927.1,0.0
2855,ENSG00000267811.1,0.0
2856,ENSG00000267760.1,0.0
2857,ENSG00000267659.5,0.0
2858,ENSG00000268423.4,0.0
2859,ENSG00000121716.20,0.0
2860,ENSG00000121351.7,0.0
2861,ENSG00000121316.11,0.0
2862,ENSG00000120889.13,0.0
2863,ENSG00000120875.9,0.0
2864,ENSG00000120129.6,0.0
2865,ENSG00000270921.1,0.0
2866,ENSG00000270872.2,0.0
2867,ENSG00000270765.5,0.0
2868,ENSG00000270761.1,0.0
2869,ENSG00000269646.1,0.0
2870,ENSG00000270714.1,0.0
2871,ENSG00000270532.1,0.0
2872,ENSG00000270492.1,0.0
2873,ENSG00000270442.1,0.0
2874,ENSG00000123179.14,0.0
2875,ENSG00000123124.13,0.0
2876,ENSG00000122952.17,0.0
2877,ENSG00000122641.11,0.0
2878,ENSG00000270435.1,0.0
2879,ENSG00000270178.1,0.0
2880,ENSG00000270006.2,0.0
2881,ENSG00000270723.1,0.0
2882,ENSG00000106829.18,0.0
2883,ENSG00000106588.11,0.0
2884,ENSG00000106410.15,0.0
2885,ENSG00000275348.1,0.0
2886,ENSG00000275302.2,0.0
2887,ENSG00000275212.2,0.0
2888,ENSG00000275134.1,0.0
2889,ENSG00000275126.1,0.0
2890,ENSG00000275106.1,0.0
2891,ENSG00000274997.1,0.0
2892,ENSG00000272916.5,0.0
2893,ENSG00000110844.13,0.0
2894,ENSG00000110436.13,0.0
2895,ENSG00000110203.9,0.0
2896,ENSG00000110090.13,0.0
2897,ENSG00000110031.12,0.0
2898,ENSG00000274885.1,0.0
2899,ENSG00000274767.1,0.0
2900,ENSG00000274560.1,0.0
2901,ENSG00000274553.1,0.0
2902,ENSG00000274492.1,0.0
2903,ENSG00000274949.1,0.0
2904,ENSG00000276256.1,0.0
2905,ENSG00000275971.1,0.0
2906,ENSG00000275874.1,0.0
2907,ENSG00000275807.1,0.0
2908,ENSG00000275757.1,0.0
2909,ENSG00000106211.9,0.0
2910,ENSG00000106070.19,0.0
2911,ENSG00000105988.6,0.0
2912,ENSG00000105810.9,0.0
2913,ENSG00000105568.18,0.0
2914,ENSG00000107672.15,0.0
2915,ENSG00000105419.17,0.0
2916,ENSG00000105372.7,0.0
2917,ENSG00000275691.2,0.0
2918,ENSG00000275532.1,0.0
2919,ENSG00000275464.4,0.0
2920,ENSG00000275406.1,0.0
2921,ENSG00000275400.1,0.0
2922,ENSG00000109705.7,0.0
2923,ENSG00000109625.19,0.0
2924,ENSG00000109321.11,0.0
2925,ENSG00000108556.9,0.0
2926,ENSG00000105443.15,0.0
2927,ENSG00000115041.13,0.0
2928,ENSG00000114166.8,0.0
2929,ENSG00000113916.18,0.0
2930,ENSG00000113555.5,0.0
2931,ENSG00000113532.13,0.0
2932,ENSG00000113282.13,0.0
2933,ENSG00000112799.9,0.0
2934,ENSG00000112699.11,0.0
2935,ENSG00000273554.4,0.0
2936,ENSG00000273474.1,0.0
2937,ENSG00000274486.1,0.0
2938,ENSG00000273363.1,0.0
2939,ENSG00000273270.1,0.0
2940,ENSG00000273234.1,0.0
2941,ENSG00000273188.1,0.0
2942,ENSG00000273138.1,0.0
2943,ENSG00000116473.14,0.0
2944,ENSG00000115993.13,0.0
2945,ENSG00000115866.11,0.0
2946,ENSG00000115607.9,0.0
2947,ENSG00000115310.18,0.0
2948,ENSG00000115163.15,0.0
2949,ENSG00000273369.1,0.0
2950,ENSG00000274430.1,0.0
2951,ENSG00000274370.1,0.0
2952,ENSG00000274364.1,0.0
2953,ENSG00000274297.1,0.0
2954,ENSG00000274286.2,0.0
2955,ENSG00000274265.4,0.0
2956,ENSG00000274248.1,0.0
2957,ENSG00000274225.1,0.0
2958,ENSG00000274204.1,0.0
2959,ENSG00000274198.1,0.0
2960,ENSG00000115091.11,0.0
2961,ENSG00000112237.13,0.0
2962,ENSG00000111837.11,0.0
2963,ENSG00000111801.16,0.0
2964,ENSG00000111790.14,0.0
2965,ENSG00000111788.10,0.0
2966,ENSG00000111186.13,0.0
2967,ENSG00000274177.1,0.0
2968,ENSG00000274093.1,0.0
2969,ENSG00000273951.1,0.0
2970,ENSG00000273819.1,0.0
2971,ENSG00000273749.5,0.0
2972,ENSG00000112273.6,0.0
2973,ENSG00000228548.1,0.0
2974,ENSG00000228415.3,0.0
2975,ENSG00000228367.3,0.0
2976,ENSG00000228363.2,0.0
2977,ENSG00000228232.1,0.0
2978,ENSG00000186468.13,0.0
2979,ENSG00000186160.5,0.0
2980,ENSG00000186082.9,0.0
2981,ENSG00000186008.7,0.0
2982,ENSG00000185988.13,0.0
2983,ENSG00000250511.1,0.0
2984,ENSG00000185837.3,0.0
2985,ENSG00000228150.1,0.0
2986,ENSG00000228149.1,0.0
2987,ENSG00000228146.8,0.0
2988,ENSG00000228140.1,0.0
2989,ENSG00000228107.1,0.0
2990,ENSG00000228010.5,0.0
2991,ENSG00000227959.1,0.0
2992,ENSG00000227947.1,0.0
2993,ENSG00000227896.2,0.0
2994,ENSG00000185986.12,0.0
2995,ENSG00000229424.1,0.0
2996,ENSG00000229399.1,0.0
2997,ENSG00000229390.1,0.0
2998,ENSG00000229388.1,0.0
2999,ENSG00000229107.2,0.0
3000,ENSG00000229106.1,0.0
3001,ENSG00000185499.16,0.0
3002,ENSG00000185275.6,0.0
3003,ENSG00000185187.13,0.0
3004,ENSG00000185088.14,0.0
3005,ENSG00000228560.1,0.0
3006,ENSG00000229087.1,0.0
3007,ENSG00000229081.1,0.0
3008,ENSG00000228861.5,0.0
3009,ENSG00000228853.1,0.0
3010,ENSG00000228789.7,0.0
3011,ENSG00000228777.1,0.0
3012,ENSG00000228744.1,0.0
3013,ENSG00000228725.3,0.0
3014,ENSG00000228719.1,0.0
3015,ENSG00000228718.2,0.0
3016,ENSG00000228701.1,0.0
3017,ENSG00000229097.1,0.0
3018,ENSG00000227110.6,0.0
3019,ENSG00000227047.1,0.0
3020,ENSG00000226985.6,0.0
3021,ENSG00000226964.1,0.0
3022,ENSG00000226899.1,0.0
3023,ENSG00000188451.8,0.0
3024,ENSG00000188343.12,0.0
3025,ENSG00000188305.6,0.0
3026,ENSG00000188177.14,0.0
3027,ENSG00000188033.10,0.0
3028,ENSG00000187013.4,0.0
3029,ENSG00000226725.2,0.0
3030,ENSG00000226695.1,0.0
3031,ENSG00000226636.1,0.0
3032,ENSG00000226533.1,0.0
3033,ENSG00000226501.2,0.0
3034,ENSG00000226491.1,0.0
3035,ENSG00000226461.3,0.0
3036,ENSG00000226453.1,0.0
3037,ENSG00000226450.2,0.0
3038,ENSG00000226331.1,0.0
3039,ENSG00000189325.7,0.0
3040,ENSG00000226851.1,0.0
3041,ENSG00000186832.9,0.0
3042,ENSG00000186687.16,0.0
3043,ENSG00000186517.14,0.0
3044,ENSG00000227873.1,0.0
3045,ENSG00000227813.1,0.0
3046,ENSG00000227779.1,0.0
3047,ENSG00000227757.3,0.0
3048,ENSG00000227694.1,0.0
3049,ENSG00000227545.1,0.0
3050,ENSG00000227534.1,0.0
3051,ENSG00000227149.1,0.0
3052,ENSG00000187608.9,0.0
3053,ENSG00000187589.8,0.0
3054,ENSG00000187546.14,0.0
3055,ENSG00000187516.6,0.0
3056,ENSG00000187051.9,0.0
3057,ENSG00000227391.1,0.0
3058,ENSG00000227383.1,0.0
3059,ENSG00000227379.2,0.0
3060,ENSG00000227295.2,0.0
3061,ENSG00000227252.1,0.0
3062,ENSG00000227210.1,0.0
3063,ENSG00000188004.10,0.0
3064,ENSG00000231784.8,0.0
3065,ENSG00000231765.1,0.0
3066,ENSG00000181938.13,0.0
3067,ENSG00000181616.9,0.0
3068,ENSG00000181404.17,0.0
3069,ENSG00000181171.5,0.0
3070,ENSG00000181104.7,0.0
3071,ENSG00000180871.8,0.0
3072,ENSG00000231703.2,0.0
3073,ENSG00000231654.1,0.0
3074,ENSG00000184162.14,0.0
3075,ENSG00000231563.1,0.0
3076,ENSG00000231533.1,0.0
3077,ENSG00000231490.1,0.0
3078,ENSG00000182473.22,0.0
3079,ENSG00000182472.8,0.0
3080,ENSG00000182230.12,0.0
3081,ENSG00000231386.1,0.0
3082,ENSG00000231357.1,0.0
3083,ENSG00000231011.1,0.0
3084,ENSG00000230962.1,0.0
3085,ENSG00000230825.1,0.0
3086,ENSG00000231633.1,0.0
3087,ENSG00000232633.4,0.0
3088,ENSG00000232560.6,0.0
3089,ENSG00000232529.1,0.0
3090,ENSG00000232497.1,0.0
3091,ENSG00000232460.4,0.0
3092,ENSG00000232352.1,0.0
3093,ENSG00000232305.1,0.0
3094,ENSG00000232303.2,0.0
3095,ENSG00000232233.1,0.0
3096,ENSG00000232229.5,0.0
3097,ENSG00000231789.2,0.0
3098,ENSG00000180573.9,0.0
3099,ENSG00000180423.4,0.0
3100,ENSG00000180042.5,0.0
3101,ENSG00000180008.9,0.0
3102,ENSG00000179813.7,0.0
3103,ENSG00000179583.19,0.0
3104,ENSG00000232057.1,0.0
3105,ENSG00000231961.1,0.0
3106,ENSG00000231956.1,0.0
3107,ENSG00000231912.2,0.0
3108,ENSG00000231887.7,0.0
3109,ENSG00000180596.7,0.0
3110,ENSG00000229944.3,0.0
3111,ENSG00000229894.4,0.0
3112,ENSG00000229893.2,0.0
3113,ENSG00000184117.11,0.0
3114,ENSG00000183921.7,0.0
3115,ENSG00000183909.6,0.0
3116,ENSG00000183734.4,0.0
3117,ENSG00000183696.14,0.0
3118,ENSG00000229824.1,0.0
3119,ENSG00000229663.1,0.0
3120,ENSG00000230757.1,0.0
3121,ENSG00000229643.2,0.0
3122,ENSG00000229586.2,0.0
3123,ENSG00000229484.1,0.0
3124,ENSG00000229466.1,0.0
3125,ENSG00000229459.1,0.0
3126,ENSG00000184956.16,0.0
3127,ENSG00000184922.14,0.0
3128,ENSG00000184481.16,0.0
3129,ENSG00000184470.21,0.0
3130,ENSG00000184441.4,0.0
3131,ENSG00000184258.7,0.0
3132,ENSG00000229647.1,0.0
3133,ENSG00000230686.1,0.0
3134,ENSG00000230679.1,0.0
3135,ENSG00000230593.3,0.0
3136,ENSG00000230573.1,0.0
3137,ENSG00000230433.1,0.0
3138,ENSG00000230362.1,0.0
3139,ENSG00000230311.2,0.0
3140,ENSG00000230303.5,0.0
3141,ENSG00000230294.4,0.0
3142,ENSG00000183570.16,0.0
3143,ENSG00000229981.7,0.0
3144,ENSG00000183496.6,0.0
3145,ENSG00000183479.12,0.0
3146,ENSG00000183379.9,0.0
3147,ENSG00000183317.17,0.0
3148,ENSG00000183246.6,0.0
3149,ENSG00000183011.13,0.0
3150,ENSG00000230244.1,0.0
3151,ENSG00000230212.6,0.0
3152,ENSG00000230190.1,0.0
3153,ENSG00000230177.1,0.0
3154,ENSG00000230101.5,0.0
3155,ENSG00000183559.11,0.0
3156,ENSG00000217377.1,0.0
3157,ENSG00000216901.1,0.0
3158,ENSG00000216762.1,0.0
3159,ENSG00000215630.6,0.0
3160,ENSG00000215507.10,0.0
3161,ENSG00000215458.8,0.0
3162,ENSG00000205364.4,0.0
3163,ENSG00000205279.8,0.0
3164,ENSG00000205174.4,0.0
3165,ENSG00000204913.6,0.0
3166,ENSG00000189167.11,0.0
3167,ENSG00000204663.9,0.0
3168,ENSG00000215022.7,0.0
3169,ENSG00000214881.4,0.0
3170,ENSG00000214866.8,0.0
3171,ENSG00000214654.8,0.0
3172,ENSG00000214526.3,0.0
3173,ENSG00000214415.3,0.0
3174,ENSG00000213979.3,0.0
3175,ENSG00000213926.3,0.0
3176,ENSG00000213911.2,0.0
3177,ENSG00000204677.11,0.0
3178,ENSG00000203814.6,0.0
3179,ENSG00000203697.11,0.0
3180,ENSG00000221963.6,0.0
3181,ENSG00000221954.2,0.0
3182,ENSG00000221891.2,0.0
3183,ENSG00000221844.2,0.0
3184,ENSG00000221745.3,0.0
3185,ENSG00000221564.1,0.0
3186,ENSG00000220744.1,0.0
3187,ENSG00000220517.2,0.0
3188,ENSG00000217648.1,0.0
3189,ENSG00000220105.2,0.0
3190,ENSG00000220008.3,0.0
3191,ENSG00000204577.11,0.0
3192,ENSG00000204456.4,0.0
3193,ENSG00000204420.9,0.0
3194,ENSG00000204388.7,0.0
3195,ENSG00000219881.1,0.0
3196,ENSG00000218357.3,0.0
3197,ENSG00000218283.2,0.0
3198,ENSG00000218274.2,0.0
3199,ENSG00000217767.2,0.0
3200,ENSG00000220154.2,0.0
3201,ENSG00000213204.8,0.0
3202,ENSG00000213111.5,0.0
3203,ENSG00000212961.4,0.0
3204,ENSG00000211959.2,0.0
3205,ENSG00000006747.15,0.0
3206,ENSG00000005844.17,0.0
3207,ENSG00000002586.20,0.0
3208,ENSG00000000971.15,0.0
3209,ENSG00000286067.1,0.0
3210,ENSG00000286058.1,0.0
3211,ENSG00000205865.4,0.0
3212,ENSG00000286000.1,0.0
3213,ENSG00000285972.1,0.0
3214,ENSG00000285968.1,0.0
3215,ENSG00000285966.1,0.0
3216,ENSG00000285960.1,0.0
3217,ENSG00000285957.1,0.0
3218,ENSG00000011376.11,0.0
3219,ENSG00000011201.12,0.0
3220,ENSG00000010327.10,0.0
3221,ENSG00000008710.19,0.0
3222,ENSG00000008283.16,0.0
3223,ENSG00000286045.1,0.0
3224,ENSG00000205853.10,0.0
3225,ENSG00000205837.7,0.0
3226,ENSG00000205822.10,0.0
3227,ENSG00000205777.17,0.0
3228,ENSG00000205745.2,0.0
3229,ENSG00000205696.4,0.0
3230,ENSG00000205632.3,0.0
3231,ENSG00000213641.4,0.0
3232,ENSG00000213594.4,0.0
3233,ENSG00000213559.4,0.0
3234,ENSG00000205867.3,0.0
3235,ENSG00000213519.2,0.0
3236,ENSG00000213290.4,0.0
3237,ENSG00000207375.1,0.0
3238,ENSG00000207014.1,0.0
3239,ENSG00000207008.1,0.0
3240,ENSG00000206885.1,0.0
3241,ENSG00000206559.8,0.0
3242,ENSG00000206384.10,0.0
3243,ENSG00000206129.4,0.0
3244,ENSG00000206120.11,0.0
3245,ENSG00000205927.5,0.0
3246,ENSG00000213549.3,0.0
3247,ENSG00000225421.2,0.0
3248,ENSG00000225415.2,0.0
3249,ENSG00000225401.2,0.0
3250,ENSG00000225398.3,0.0
3251,ENSG00000225378.1,0.0
3252,ENSG00000197375.12,0.0
3253,ENSG00000197122.11,0.0
3254,ENSG00000197070.14,0.0
3255,ENSG00000196954.14,0.0
3256,ENSG00000196834.12,0.0
3257,ENSG00000203963.11,0.0
3258,ENSG00000196781.15,0.0
3259,ENSG00000196683.10,0.0
3260,ENSG00000225215.1,0.0
3261,ENSG00000225194.3,0.0
3262,ENSG00000225151.10,0.0
3263,ENSG00000225147.1,0.0
3264,ENSG00000224959.1,0.0
3265,ENSG00000224873.1,0.0
3266,ENSG00000224745.1,0.0
3267,ENSG00000224722.3,0.0
3268,ENSG00000224711.1,0.0
3269,ENSG00000196826.7,0.0
3270,ENSG00000189166.6,0.0
3271,ENSG00000188991.3,0.0
3272,ENSG00000188937.5,0.0
3273,ENSG00000188779.11,0.0
3274,ENSG00000188763.4,0.0
3275,ENSG00000226066.1,0.0
3276,ENSG00000226009.1,0.0
3277,ENSG00000225913.2,0.0
3278,ENSG00000225878.1,0.0
3279,ENSG00000225724.1,0.0
3280,ENSG00000225513.1,0.0
3281,ENSG00000225693.1,0.0
3282,ENSG00000225680.1,0.0
3283,ENSG00000196593.9,0.0
3284,ENSG00000196411.10,0.0
3285,ENSG00000196376.11,0.0
3286,ENSG00000196313.11,0.0
3287,ENSG00000196312.14,0.0
3288,ENSG00000196166.4,0.0
3289,ENSG00000196132.13,0.0
3290,ENSG00000225591.2,0.0
3291,ENSG00000225537.1,0.0
3292,ENSG00000225705.2,0.0
3293,ENSG00000223908.5,0.0
3294,ENSG00000223813.2,0.0
3295,ENSG00000223787.2,0.0
3296,ENSG00000223768.2,0.0
3297,ENSG00000223760.4,0.0
3298,ENSG00000223547.10,0.0
3299,ENSG00000223529.1,0.0
3300,ENSG00000203363.2,0.0
3301,ENSG00000202538.1,0.0
3302,ENSG00000201998.1,0.0
3303,ENSG00000197927.12,0.0
3304,ENSG00000201136.1,0.0
3305,ENSG00000223511.7,0.0
3306,ENSG00000223432.1,0.0
3307,ENSG00000223349.1,0.0
3308,ENSG00000223012.1,0.0
3309,ENSG00000223006.1,0.0
3310,ENSG00000222499.1,0.0
3311,ENSG00000222397.1,0.0
3312,ENSG00000222017.1,0.0
3313,ENSG00000222000.7,0.0
3314,ENSG00000204025.7,0.0
3315,ENSG00000201201.1,0.0
3316,ENSG00000197882.3,0.0
3317,ENSG00000197858.11,0.0
3318,ENSG00000197584.12,0.0
3319,ENSG00000197417.7,0.0
3320,ENSG00000224520.2,0.0
3321,ENSG00000224467.1,0.0
3322,ENSG00000224389.9,0.0
3323,ENSG00000224356.5,0.0
3324,ENSG00000224330.1,0.0
3325,ENSG00000224237.1,0.0
3326,ENSG00000198502.6,0.0
3327,ENSG00000224124.3,0.0
3328,ENSG00000224057.1,0.0
3329,ENSG00000224054.1,0.0
3330,ENSG00000224004.2,0.0
3331,ENSG00000223959.8,0.0
3332,ENSG00000223930.6,0.0
3333,ENSG00000198885.9,0.0
3334,ENSG00000198857.3,0.0
3335,ENSG00000198740.8,0.0
3336,ENSG00000198671.3,0.0
3337,ENSG00000198569.9,0.0
3338,ENSG00000224186.8,0.0
3339,ENSG00000242705.1,0.0
3340,ENSG00000242668.3,0.0
3341,ENSG00000242562.1,0.0
3342,ENSG00000165762.3,0.0
3343,ENSG00000165338.16,0.0
3344,ENSG00000164976.9,0.0
3345,ENSG00000164935.6,0.0
3346,ENSG00000164850.15,0.0
3347,ENSG00000164758.7,0.0
3348,ENSG00000164708.6,0.0
3349,ENSG00000232702.3,0.0
3350,ENSG00000242444.3,0.0
3351,ENSG00000242391.2,0.0
3352,ENSG00000242285.1,0.0
3353,ENSG00000242258.1,0.0
3354,ENSG00000242248.2,0.0
3355,ENSG00000166333.13,0.0
3356,ENSG00000166313.19,0.0
3357,ENSG00000166289.6,0.0
3358,ENSG00000166262.15,0.0
3359,ENSG00000166183.16,0.0
3360,ENSG00000164616.16,0.0
3361,ENSG00000163421.9,0.0
3362,ENSG00000163354.15,0.0
3363,ENSG00000163331.11,0.0
3364,ENSG00000163319.11,0.0
3365,ENSG00000244307.3,0.0
3366,ENSG00000244239.1,0.0
3367,ENSG00000244237.1,0.0
3368,ENSG00000244187.8,0.0
3369,ENSG00000244167.1,0.0
3370,ENSG00000244157.1,0.0
3371,ENSG00000242728.1,0.0
3372,ENSG00000243961.2,0.0
3373,ENSG00000164588.7,0.0
3374,ENSG00000164309.15,0.0
3375,ENSG00000164122.8,0.0
3376,ENSG00000243818.4,0.0
3377,ENSG00000243749.1,0.0
3378,ENSG00000243439.3,0.0
3379,ENSG00000243284.1,0.0
3380,ENSG00000243160.1,0.0
3381,ENSG00000242880.1,0.0
3382,ENSG00000242829.1,0.0
3383,ENSG00000243989.9,0.0
3384,ENSG00000240032.1,0.0
3385,ENSG00000240005.5,0.0
3386,ENSG00000239983.1,0.0
3387,ENSG00000239959.1,0.0
3388,ENSG00000239920.2,0.0
3389,ENSG00000239887.5,0.0
3390,ENSG00000239881.1,0.0
3391,ENSG00000239684.2,0.0
3392,ENSG00000239622.1,0.0
3393,ENSG00000167632.15,0.0
3394,ENSG00000166148.3,0.0
3395,ENSG00000167608.11,0.0
3396,ENSG00000167565.13,0.0
3397,ENSG00000167548.15,0.0
3398,ENSG00000167220.12,0.0
3399,ENSG00000166965.12,0.0
3400,ENSG00000239570.1,0.0
3401,ENSG00000239516.1,0.0
3402,ENSG00000239453.1,0.0
3403,ENSG00000239279.3,0.0
3404,ENSG00000239257.1,0.0
3405,ENSG00000239212.2,0.0
3406,ENSG00000167619.12,0.0
3407,ENSG00000165895.19,0.0
3408,ENSG00000165810.17,0.0
3409,ENSG00000165801.10,0.0
3410,ENSG00000241741.1,0.0
3411,ENSG00000241489.8,0.0
3412,ENSG00000241484.9,0.0
3413,ENSG00000241095.1,0.0
3414,ENSG00000241064.3,0.0
3415,ENSG00000240890.2,0.0
3416,ENSG00000240738.1,0.0
3417,ENSG00000240096.1,0.0
3418,ENSG00000240601.1,0.0
3419,ENSG00000240583.12,0.0
3420,ENSG00000240535.8,0.0
3421,ENSG00000240477.1,0.0
3422,ENSG00000240399.1,0.0
3423,ENSG00000166896.8,0.0
3424,ENSG00000166803.13,0.0
3425,ENSG00000166435.15,0.0
3426,ENSG00000166368.2,0.0
3427,ENSG00000166340.17,0.0
3428,ENSG00000240233.3,0.0
3429,ENSG00000240634.1,0.0
3430,ENSG00000250220.1,0.0
3431,ENSG00000250197.1,0.0
3432,ENSG00000158715.6,0.0
3433,ENSG00000158055.15,0.0
3434,ENSG00000157884.11,0.0
3435,ENSG00000157873.17,0.0
3436,ENSG00000157851.17,0.0
3437,ENSG00000157456.8,0.0
3438,ENSG00000250106.1,0.0
3439,ENSG00000250057.1,0.0
3440,ENSG00000163464.7,0.0
3441,ENSG00000249637.1,0.0
3442,ENSG00000249616.1,0.0
3443,ENSG00000249599.1,0.0
3444,ENSG00000249444.2,0.0
3445,ENSG00000249421.1,0.0
3446,ENSG00000249335.1,0.0
3447,ENSG00000249258.2,0.0
3448,ENSG00000249085.1,0.0
3449,ENSG00000160741.17,0.0
3450,ENSG00000160408.14,0.0
3451,ENSG00000160318.6,0.0
3452,ENSG00000250040.2,0.0
3453,ENSG00000250708.1,0.0
3454,ENSG00000250629.1,0.0
3455,ENSG00000250619.1,0.0
3456,ENSG00000250615.1,0.0
3457,ENSG00000250563.1,0.0
3458,ENSG00000250519.6,0.0
3459,ENSG00000007216.14,0.0
3460,ENSG00000250461.1,0.0
3461,ENSG00000157060.16,0.0
3462,ENSG00000156966.7,0.0
3463,ENSG00000250251.6,0.0
3464,ENSG00000156469.8,0.0
3465,ENSG00000156414.19,0.0
3466,ENSG00000156381.9,0.0
3467,ENSG00000156170.13,0.0
3468,ENSG00000156103.16,0.0
3469,ENSG00000155970.12,0.0
3470,ENSG00000155962.13,0.0
3471,ENSG00000155875.15,0.0
3472,ENSG00000250385.2,0.0
3473,ENSG00000250295.6,0.0
3474,ENSG00000250260.1,0.0
3475,ENSG00000156875.14,0.0
3476,ENSG00000163114.5,0.0
3477,ENSG00000163016.10,0.0
3478,ENSG00000162723.10,0.0
3479,ENSG00000162692.12,0.0
3480,ENSG00000162670.11,0.0
3481,ENSG00000162618.14,0.0
3482,ENSG00000247287.2,0.0
3483,ENSG00000247134.6,0.0
3484,ENSG00000246640.1,0.0
3485,ENSG00000246548.3,0.0
3486,ENSG00000160299.17,0.0
3487,ENSG00000246334.2,0.0
3488,ENSG00000246130.1,0.0
3489,ENSG00000245729.2,0.0
3490,ENSG00000244563.1,0.0
3491,ENSG00000244535.1,0.0
3492,ENSG00000244513.6,0.0
3493,ENSG00000244482.10,0.0
3494,ENSG00000244390.2,0.0
3495,ENSG00000163638.13,0.0
3496,ENSG00000163586.9,0.0
3497,ENSG00000163479.14,0.0
3498,ENSG00000246465.1,0.0
3499,ENSG00000159733.13,0.0
3500,ENSG00000159648.11,0.0
3501,ENSG00000159496.14,0.0
3502,ENSG00000159423.17,0.0
3503,ENSG00000248950.1,0.0
3504,ENSG00000248885.1,0.0
3505,ENSG00000248764.1,0.0
3506,ENSG00000248719.1,0.0
3507,ENSG00000248701.1,0.0
3508,ENSG00000248697.1,0.0
3509,ENSG00000163251.4,0.0
3510,ENSG00000162551.14,0.0
3511,ENSG00000161835.11,0.0
3512,ENSG00000161681.15,0.0
3513,ENSG00000161618.10,0.0
3514,ENSG00000248511.1,0.0
3515,ENSG00000248449.2,0.0
3516,ENSG00000248245.1,0.0
3517,ENSG00000248231.1,0.0
3518,ENSG00000248208.1,0.0
3519,ENSG00000247982.6,0.0
3520,ENSG00000247765.2,0.0
3521,ENSG00000162598.13,0.0
3522,ENSG00000174720.16,0.0
3523,ENSG00000174600.14,0.0
3524,ENSG00000174498.14,0.0
3525,ENSG00000174279.4,0.0
3526,ENSG00000174171.5,0.0
3527,ENSG00000234789.1,0.0
3528,ENSG00000234719.8,0.0
3529,ENSG00000234715.1,0.0
3530,ENSG00000234644.2,0.0
3531,ENSG00000234558.1,0.0
3532,ENSG00000239201.1,0.0
3533,ENSG00000234509.1,0.0
3534,ENSG00000176476.9,0.0
3535,ENSG00000176387.7,0.0
3536,ENSG00000176273.15,0.0
3537,ENSG00000176076.7,0.0
3538,ENSG00000176058.13,0.0
3539,ENSG00000175728.4,0.0
3540,ENSG00000175591.11,0.0
3541,ENSG00000234297.2,0.0
3542,ENSG00000234235.1,0.0
3543,ENSG00000234515.1,0.0
3544,ENSG00000173915.16,0.0
3545,ENSG00000173706.14,0.0
3546,ENSG00000173559.12,0.0
3547,ENSG00000173262.11,0.0
3548,ENSG00000235363.1,0.0
3549,ENSG00000235330.2,0.0
3550,ENSG00000235319.1,0.0
3551,ENSG00000235297.3,0.0
3552,ENSG00000235245.1,0.0
3553,ENSG00000235127.1,0.0
3554,ENSG00000174804.4,0.0
3555,ENSG00000235082.2,0.0
3556,ENSG00000235024.1,0.0
3557,ENSG00000235023.1,0.0
3558,ENSG00000235016.1,0.0
3559,ENSG00000235010.1,0.0
3560,ENSG00000234918.1,0.0
3561,ENSG00000234906.10,0.0
3562,ENSG00000234828.8,0.0
3563,ENSG00000175274.18,0.0
3564,ENSG00000174990.6,0.0
3565,ENSG00000174970.5,0.0
3566,ENSG00000235100.3,0.0
3567,ENSG00000177993.3,0.0
3568,ENSG00000177736.4,0.0
3569,ENSG00000177627.10,0.0
3570,ENSG00000177426.20,0.0
3571,ENSG00000233251.7,0.0
3572,ENSG00000233176.3,0.0
3573,ENSG00000233125.3,0.0
3574,ENSG00000233057.1,0.0
3575,ENSG00000233017.2,0.0
3576,ENSG00000232946.1,0.0
3577,ENSG00000234224.2,0.0
3578,ENSG00000232912.5,0.0
3579,ENSG00000232896.1,0.0
3580,ENSG00000179277.9,0.0
3581,ENSG00000179144.5,0.0
3582,ENSG00000179059.10,0.0
3583,ENSG00000178904.19,0.0
3584,ENSG00000178602.8,0.0
3585,ENSG00000232895.2,0.0
3586,ENSG00000232872.2,0.0
3587,ENSG00000232859.9,0.0
3588,ENSG00000232830.5,0.0
3589,ENSG00000232917.5,0.0
3590,ENSG00000234161.1,0.0
3591,ENSG00000234125.5,0.0
3592,ENSG00000234043.3,0.0
3593,ENSG00000176978.14,0.0
3594,ENSG00000176951.6,0.0
3595,ENSG00000176761.7,0.0
3596,ENSG00000176679.8,0.0
3597,ENSG00000233932.6,0.0
3598,ENSG00000233871.2,0.0
3599,ENSG00000233844.1,0.0
3600,ENSG00000178035.12,0.0
3601,ENSG00000233684.2,0.0
3602,ENSG00000233588.1,0.0
3603,ENSG00000233502.1,0.0
3604,ENSG00000233464.2,0.0
3605,ENSG00000233399.2,0.0
3606,ENSG00000233395.1,0.0
3607,ENSG00000233369.7,0.0
3608,ENSG00000233349.1,0.0
3609,ENSG00000178473.7,0.0
3610,ENSG00000178199.13,0.0
3611,ENSG00000178081.12,0.0
3612,ENSG00000233766.7,0.0
3613,ENSG00000237539.1,0.0
3614,ENSG00000237466.1,0.0
3615,ENSG00000237453.1,0.0
3616,ENSG00000237410.1,0.0
3617,ENSG00000237327.1,0.0
3618,ENSG00000237322.1,0.0
3619,ENSG00000237285.1,0.0
3620,ENSG00000170270.5,0.0
3621,ENSG00000170142.11,0.0
3622,ENSG00000170011.14,0.0
3623,ENSG00000173947.14,0.0
3624,ENSG00000169918.9,0.0
3625,ENSG00000169789.10,0.0
3626,ENSG00000237257.1,0.0
3627,ENSG00000237232.7,0.0
3628,ENSG00000237223.6,0.0
3629,ENSG00000237158.1,0.0
3630,ENSG00000237058.1,0.0
3631,ENSG00000237011.1,0.0
3632,ENSG00000236963.6,0.0
3633,ENSG00000236924.1,0.0
3634,ENSG00000236877.2,0.0
3635,ENSG00000169933.13,0.0
3636,ENSG00000239039.1,0.0
3637,ENSG00000238795.1,0.0
3638,ENSG00000168411.14,0.0
3639,ENSG00000168374.11,0.0
3640,ENSG00000167995.16,0.0
3641,ENSG00000167969.13,0.0
3642,ENSG00000167874.6,0.0
3643,ENSG00000167770.11,0.0
3644,ENSG00000238086.5,0.0
3645,ENSG00000237997.1,0.0
3646,ENSG00000237611.2,0.0
3647,ENSG00000237951.1,0.0
3648,ENSG00000237949.1,0.0
3649,ENSG00000237897.2,0.0
3650,ENSG00000237877.6,0.0
3651,ENSG00000237720.1,0.0
3652,ENSG00000169599.12,0.0
3653,ENSG00000169583.12,0.0
3654,ENSG00000169397.3,0.0
3655,ENSG00000169297.7,0.0
3656,ENSG00000169040.14,0.0
3657,ENSG00000168925.11,0.0
3658,ENSG00000237977.1,0.0
3659,ENSG00000171302.17,0.0
3660,ENSG00000171223.6,0.0
3661,ENSG00000236295.1,0.0
3662,ENSG00000236102.2,0.0
3663,ENSG00000236080.2,0.0
3664,ENSG00000236028.1,0.0
3665,ENSG00000236008.2,0.0
3666,ENSG00000235947.1,0.0
3667,ENSG00000235916.1,0.0
3668,ENSG00000235903.8,0.0
3669,ENSG00000236854.1,0.0
3670,ENSG00000172940.12,0.0
3671,ENSG00000172578.12,0.0
3672,ENSG00000172468.13,0.0
3673,ENSG00000172350.10,0.0
3674,ENSG00000172215.6,0.0
3675,ENSG00000172183.15,0.0
3676,ENSG00000235901.2,0.0
3677,ENSG00000235802.1,0.0
3678,ENSG00000235660.2,0.0
3679,ENSG00000235615.2,0.0
3680,ENSG00000235605.1,0.0
3681,ENSG00000173080.5,0.0
3682,ENSG00000236782.7,0.0
3683,ENSG00000236712.1,0.0
3684,ENSG00000171102.14,0.0
3685,ENSG00000171049.9,0.0
3686,ENSG00000170925.3,0.0
3687,ENSG00000170681.6,0.0
3688,ENSG00000170523.3,0.0
3689,ENSG00000170439.7,0.0
3690,ENSG00000236700.5,0.0
3691,ENSG00000236565.3,0.0
3692,ENSG00000171345.13,0.0
3693,ENSG00000236494.1,0.0
3694,ENSG00000236485.1,0.0
3695,ENSG00000236469.1,0.0
3696,ENSG00000172000.7,0.0
3697,ENSG00000171954.13,0.0
3698,ENSG00000171863.14,0.0
3699,ENSG00000171763.19,0.0
3700,ENSG00000171658.8,0.0
3701,ENSG00000171657.6,0.0
3702,ENSG00000171608.15,0.0
3703,ENSG00000171467.16,0.0
3704,ENSG00000236556.1,0.0
