Gene_set,Term,Overlap,P-value,Adjusted P-value,Old P-value,Old Adjusted P-value,Odds Ratio,Combined Score,Genes,gene_set_name
GO_Biological_Process_2023,Short-Chain Fatty Acid Catabolic Process (GO:0019626),1/5,0.0017489165149326,0.0110682102741151,0,0,832.875,5287.722499803602,MCEE,up_in_ALS
GO_Biological_Process_2023,Short-Chain Fatty Acid Metabolic Process (GO:0046459),1/6,0.0020983872819732,0.0110682102741151,0,0,666.2666666666667,4108.590825691207,MCEE,up_in_ALS
GO_Biological_Process_2023,Ganglioside Catabolic Process (GO:0006689),1/6,0.0020983872819732,0.0110682102741151,0,0,666.2666666666667,4108.590825691207,HEXB,up_in_ALS
GO_Biological_Process_2023,Bleb Assembly (GO:0032060),1/6,0.0020983872819732,0.0110682102741151,0,0,666.2666666666667,4108.590825691207,EMP1,up_in_ALS
GO_Biological_Process_2023,Cell Surface Pattern Recognition Receptor Signaling Pathway (GO:0002752),1/8,0.002797015027105,0.0110682102741151,0,0,475.8571428571428,2797.6605002155425,FCN3,up_in_ALS
GO_Biological_Process_2023,Positive Regulation Of Opsonization (GO:1903028),1/8,0.002797015027105,0.0110682102741151,0,0,475.8571428571428,2797.6605002155425,FCN3,up_in_ALS
GO_Biological_Process_2023,"Complement Activation, Lectin Pathway (GO:0001867)",1/8,0.002797015027105,0.0110682102741151,0,0,475.8571428571428,2797.6605002155425,FCN3,up_in_ALS
GO_Biological_Process_2023,Regulation Of RNA Biosynthetic Process (GO:2001141),1/8,0.002797015027105,0.0110682102741151,0,0,475.8571428571428,2797.6605002155425,FCN3,up_in_ALS
GO_Biological_Process_2023,Glycosphingolipid Catabolic Process (GO:0046479),1/9,0.0031461719727636,0.0110682102741151,0,0,416.3541666666667,2398.8531813702,HEXB,up_in_ALS
GO_Biological_Process_2023,Aminoglycan Metabolic Process (GO:0006022),1/9,0.0031461719727636,0.0110682102741151,0,0,416.3541666666667,2398.8531813702,HEXB,up_in_ALS
GO_Biological_Process_2023,Regulation Of Opsonization (GO:1903027),1/10,0.0034952242970889,0.0110682102741151,0,0,370.0740740740741,2093.271349114512,FCN3,up_in_ALS
GO_Biological_Process_2023,Phosphate Ion Transmembrane Transport (GO:0035435),1/10,0.0034952242970889,0.0110682102741151,0,0,370.0740740740741,2093.271349114512,SLC37A2,up_in_ALS
GO_Biological_Process_2023,Ceramide Catabolic Process (GO:0046514),1/15,0.0052389168941443,0.0147355468877149,0,0,237.8452380952381,1249.0776854949,HEXB,up_in_ALS
GO_Biological_Process_2023,Negative Regulation Of RNA Biosynthetic Process (GO:1902679),1/16,0.0055873417078214,0.0147355468877149,0,0,221.9777777777778,1151.4545938502376,FCN3,up_in_ALS
GO_Biological_Process_2023,Negative Regulation Of Viral Entry Into Host Cell (GO:0046597),1/18,0.0062838777740325,0.0147355468877149,0,0,195.843137254902,992.8792720611536,FCN3,up_in_ALS
GO_Biological_Process_2023,Ganglioside Metabolic Process (GO:0001573),1/19,0.006631989066781,0.0147355468877149,0,0,184.9537037037037,927.7001289942034,HEXB,up_in_ALS
GO_Biological_Process_2023,Phosphate Ion Transport (GO:0006817),1/19,0.006631989066781,0.0147355468877149,0,0,184.9537037037037,927.7001289942034,SLC37A2,up_in_ALS
GO_Biological_Process_2023,Negative Regulation Of Viral Life Cycle (GO:1903901),1/20,0.0069799958941807,0.0147355468877149,0,0,175.21052631578948,869.8689177892479,FCN3,up_in_ALS
GO_Biological_Process_2023,Apoptotic Cell Clearance (GO:0043277),1/28,0.009760292455613,0.0185445556656647,0,0,123.24691358024693,570.5633183132499,FCN3,up_in_ALS
GO_Biological_Process_2023,Glycosaminoglycan Metabolic Process (GO:0030203),1/28,0.009760292455613,0.0185445556656647,0,0,123.24691358024693,570.5633183132499,HEXB,up_in_ALS
GO_Biological_Process_2023,Innate Immune Response Activating Cell Surface Receptor Signaling Pathway (GO:0002220),1/30,0.0104543235506301,0.01865658842556,0,0,114.73563218390804,523.2793468811269,FCN3,up_in_ALS
GO_Biological_Process_2023,acyl-CoA Metabolic Process (GO:0006637),1/31,0.0108011827726926,0.01865658842556,0,0,110.90555555555557,502.1914056148727,MCEE,up_in_ALS
GO_Biological_Process_2023,Positive Regulation Of Immune Effector Process (GO:0002699),1/37,0.012880151107249,0.0212802496554549,0,0,92.39351851851852,402.10285931653846,FCN3,up_in_ALS
GO_Biological_Process_2023,Regulation Of Viral Entry Into Host Cell (GO:0046596),1/44,0.0153008809616605,0.0242263948559625,0,0,77.32558139534883,323.20893495079423,FCN3,up_in_ALS
GO_Biological_Process_2023,Pattern Recognition Receptor Signaling Pathway (GO:0002221),1/56,0.0194388685228235,0.0295470801546918,0,0,60.41818181818182,238.07667848958,FCN3,up_in_ALS
GO_Biological_Process_2023,Positive Regulation Of Phagocytosis (GO:0050766),1/60,0.0208148818369865,0.0296478788971962,0,0,56.31073446327684,218.040067108672,FCN3,up_in_ALS
GO_Biological_Process_2023,Fatty Acid Catabolic Process (GO:0009062),1/61,0.0211586264750493,0.0296478788971962,0,0,55.36944444444445,213.4883869485878,MCEE,up_in_ALS
GO_Biological_Process_2023,Inorganic Anion Transmembrane Transport (GO:0098661),1/63,0.0218458055031972,0.0296478788971962,0,0,53.57795698924731,204.86851713978825,SLC37A2,up_in_ALS
GO_Biological_Process_2023,Epidermis Development (GO:0008544),1/85,0.0293775292387813,0.0384946934852997,0,0,39.50198412698413,139.34424479285835,EMP1,up_in_ALS
GO_Biological_Process_2023,Negative Regulation Of Macromolecule Biosynthetic Process (GO:0010558),1/98,0.0338046866171995,0.0428192697151194,0,0,34.18556701030928,115.79184255951505,FCN3,up_in_ALS
GO_Biological_Process_2023,Negative Regulation Of Cellular Biosynthetic Process (GO:0031327),1/137,0.0469824732592036,0.0575914188338625,0,0,24.334558823529413,74.41461015948276,FCN3,up_in_ALS
GO_Biological_Process_2023,Defense Response To Symbiont (GO:0140546),1/148,0.0506713127497037,0.0601721838902732,0,0,22.501133786848072,67.10727682064287,FCN3,up_in_ALS
GO_Biological_Process_2023,Defense Response To Virus (GO:0051607),1/189,0.0643130171482511,0.074057413685865,0,0,17.55762411347518,48.17800160116977,FCN3,up_in_ALS
GO_Biological_Process_2023,Apoptotic Process (GO:0006915),1/228,0.0771329980343394,0.0862074683913205,0,0,14.512481644640236,37.18423021932944,EMP1,up_in_ALS
GO_Biological_Process_2023,Plasma Membrane Bounded Cell Projection Assembly (GO:0120031),1/275,0.0923824153591898,0.1003009081042632,0,0,11.994525547445257,28.568784387859345,EMP1,up_in_ALS
GO_Biological_Process_2023,Proteolysis (GO:0006508),1/330,0.1099527592478472,0.1160612458727276,0,0,9.961499493414388,21.992046927814982,FCN3,up_in_ALS
GO_Biological_Process_2023,Regulation Of DNA-templated Transcription (GO:0006355),1/1922,0.5070592021096904,0.5207635048694117,0,0,1.5679333680374803,1.0648266884100428,SOHLH2,up_in_ALS
GO_Biological_Process_2023,Regulation Of Transcription By RNA Polymerase II (GO:0006357),1/2028,0.526942405490443,0.526942405490443,0,0,1.4772241407663214,0.946404362236656,SOHLH2,up_in_ALS
KEGG_2021_Human,Other glycan degradation,1/18,0.0062838777740325,0.0208523371457092,0,0,195.843137254902,992.8792720611536,HEXB,up_in_ALS
KEGG_2021_Human,Glycosaminoglycan degradation,1/19,0.006631989066781,0.0208523371457092,0,0,184.9537037037037,927.7001289942034,HEXB,up_in_ALS
KEGG_2021_Human,Glyoxylate and dicarboxylate metabolism,1/30,0.0104543235506301,0.0208523371457092,0,0,114.73563218390804,523.2793468811269,MCEE,up_in_ALS
KEGG_2021_Human,Propanoate metabolism,1/34,0.011841135434323,0.0208523371457092,0,0,100.8080808080808,447.2023640851642,MCEE,up_in_ALS
KEGG_2021_Human,Various types of N-glycan biosynthesis,1/39,0.013572308007059,0.0208523371457092,0,0,87.5219298245614,376.3201192636575,HEXB,up_in_ALS
KEGG_2021_Human,Glycosphingolipid biosynthesis,1/45,0.0156462838746998,0.0208523371457092,0,0,75.56439393939394,314.1606183022885,HEXB,up_in_ALS
KEGG_2021_Human,"Valine, leucine and isoleucine degradation",1/48,0.0166818697165673,0.0208523371457092,0,0,70.73049645390071,289.53053379202834,MCEE,up_in_ALS
KEGG_2021_Human,Amino sugar and nucleotide sugar metabolism,1/48,0.0166818697165673,0.0208523371457092,0,0,70.73049645390071,289.53053379202834,HEXB,up_in_ALS
KEGG_2021_Human,Complement and coagulation cascades,1/85,0.0293775292387813,0.0326416991542015,0,0,39.50198412698413,139.34424479285835,PROS1,up_in_ALS
KEGG_2021_Human,Lysosome,1/128,0.0439552003244517,0.0439552003244517,0,0,26.070866141732285,81.46062002976177,HEXB,up_in_ALS
Reactome_2022,Complement Cascade R-HSA-166658,2/55,0.00015455489350419234,0.0068004153141844,0,0,150.49056603773585,1320.5488820056016,FCN3;PROS1,up_in_ALS
Reactome_2022,Ficolins Bind To Repetitive Carbohydrate Structures On Target Cell Surface R-HSA-2855086,1/5,0.0017489165149326,0.0165520808828333,0,0,832.875,5287.722499803602,FCN3,up_in_ALS
Reactome_2022,Lectin Pathway Of Complement Activation R-HSA-166662,1/8,0.002797015027105,0.0165520808828333,0,0,475.8571428571428,2797.6605002155425,FCN3,up_in_ALS
Reactome_2022,Transport Of Gamma-Carboxylated Protein Precursors From Endoplasmic Reticulum To Golgi Apparatus R-HSA-159763,1/9,0.0031461719727636,0.0165520808828333,0,0,416.3541666666667,2398.8531813702,PROS1,up_in_ALS
Reactome_2022,Removal Of Aminoterminal Propeptides From Gamma-Carboxylated Proteins R-HSA-159782,1/10,0.0034952242970889,0.0165520808828333,0,0,370.0740740740741,2093.271349114512,PROS1,up_in_ALS
Reactome_2022,Gamma-carboxylation Of Protein Precursors R-HSA-159740,1/10,0.0034952242970889,0.0165520808828333,0,0,370.0740740740741,2093.271349114512,PROS1,up_in_ALS
Reactome_2022,"Gamma-carboxylation, Transport, And Amino-Terminal Cleavage Of Proteins R-HSA-159854",1/11,0.0038441720045859,0.0165520808828333,0,0,333.05,1852.1566750462316,PROS1,up_in_ALS
Reactome_2022,Metabolism Of Carbohydrates R-HSA-71387,2/285,0.0040532359134683,0.0165520808828333,0,0,27.858657243816253,153.4521625408217,SLC37A2;HEXB,up_in_ALS
Reactome_2022,Innate Immune System R-HSA-168249,3/1035,0.0041333481561577,0.0165520808828333,0,0,13.779796511627907,75.63272139232927,FCN3;PROS1;HEXB,up_in_ALS
Reactome_2022,Keratan Sulfate Degradation R-HSA-2022857,1/12,0.0041930151049605,0.0165520808828333,0,0,302.7575757575757,1657.3964565725007,HEXB,up_in_ALS
Reactome_2022,Hyaluronan Uptake And Degradation R-HSA-2160916,1/12,0.0041930151049605,0.0165520808828333,0,0,302.7575757575757,1657.3964565725007,HEXB,up_in_ALS
Reactome_2022,CS/DS Degradation R-HSA-2024101,1/14,0.0048903875335643,0.0165520808828333,0,0,256.15384615384613,1362.8623704331803,HEXB,up_in_ALS
Reactome_2022,Creation Of C4 And C2 Activators R-HSA-166786,1/14,0.0048903875335643,0.0165520808828333,0,0,256.15384615384613,1362.8623704331803,FCN3,up_in_ALS
Reactome_2022,Hyaluronan Metabolism R-HSA-2142845,1/16,0.0055873417078214,0.0175602167960103,0,0,221.9777777777778,1151.4545938502376,HEXB,up_in_ALS
Reactome_2022,Intrinsic Pathway Of Fibrin Clot Formation R-HSA-140837,1/21,0.0073278982772855,0.0198665079160261,0,0,166.44166666666666,818.2383072102982,PROS1,up_in_ALS
Reactome_2022,Initial Triggering Of Complement R-HSA-166663,1/21,0.0073278982772855,0.0198665079160261,0,0,166.44166666666666,818.2383072102982,FCN3,up_in_ALS
Reactome_2022,Common Pathway Of Fibrin Clot Formation R-HSA-140875,1/22,0.0076756962402828,0.0198665079160261,0,0,158.5079365079365,771.8855078560287,PROS1,up_in_ALS
Reactome_2022,Gluconeogenesis R-HSA-70263,1/32,0.0111479378107245,0.0266190474904033,0,0,107.3225806451613,482.57606413668,SLC37A2,up_in_ALS
Reactome_2022,Keratan Sulfate/Keratin Metabolism R-HSA-1638074,1/33,0.0114945886890378,0.0266190474904033,0,0,103.96354166666669,464.2885874243707,HEXB,up_in_ALS
Reactome_2022,Mitochondrial Fatty Acid Beta-Oxidation R-HSA-77289,1/36,0.0125339166174689,0.0269869832723313,0,0,95.03809523809524,416.20194419543344,MCEE,up_in_ALS
Reactome_2022,Formation Of Fibrin Clot (Clotting Cascade) R-HSA-140877,1/37,0.012880151107249,0.0269869832723313,0,0,92.39351851851852,402.10285931653846,PROS1,up_in_ALS
Reactome_2022,Diseases Associated With Glycosaminoglycan Metabolism R-HSA-3560782,1/40,0.0139182304660795,0.0275374596194717,0,0,85.27350427350427,364.50634834293606,HEXB,up_in_ALS
Reactome_2022,"Gamma Carboxylation, Hypusine Formation And Arylsulfatase Activation R-HSA-163841",1/42,0.0146097635321501,0.0275374596194717,0,0,81.10569105691057,342.7579416357621,PROS1,up_in_ALS
Reactome_2022,Glycosphingolipid Metabolism R-HSA-1660662,1/45,0.0156462838746998,0.0275374596194717,0,0,75.56439393939394,314.1606183022885,HEXB,up_in_ALS
Reactome_2022,Regulation Of Complement Cascade R-HSA-977606,1/45,0.0156462838746998,0.0275374596194717,0,0,75.56439393939394,314.1606183022885,PROS1,up_in_ALS
Reactome_2022,Chondroitin Sulfate/Dermatan Sulfate Metabolism R-HSA-1793185,1/50,0.0173717414502839,0.0293983316850959,0,0,67.83673469387755,274.9362107684438,HEXB,up_in_ALS
Reactome_2022,Immune System R-HSA-168256,3/1943,0.0237480132016051,0.0387004659581713,0,0,6.979252577319588,26.10419416608763,FCN3;PROS1;HEXB,up_in_ALS
Reactome_2022,Metabolism Of Lipids R-HSA-556833,2/732,0.0248566994129236,0.0390605276488799,0,0,10.555068493150683,38.99705126625446,MCEE;HEXB,up_in_ALS
Reactome_2022,Metabolism R-HSA-1430728,3/2049,0.0273865532667566,0.04155201185301,0,0,6.578812316715543,23.668613747319807,MCEE;SLC37A2;HEXB,up_in_ALS
Reactome_2022,Sphingolipid Metabolism R-HSA-428157,1/89,0.0307415794593238,0.0436332095551692,0,0,37.69886363636363,131.2726893915506,HEXB,up_in_ALS
Reactome_2022,Glucose Metabolism R-HSA-70326,1/89,0.0307415794593238,0.0436332095551692,0,0,37.69886363636363,131.2726893915506,SLC37A2,up_in_ALS
Reactome_2022,Glycosaminoglycan Metabolism R-HSA-1630316,1/120,0.0412573754770396,0.0567288912809295,0,0,27.834733893557424,88.73505470110672,HEXB,up_in_ALS
Reactome_2022,Platelet Degranulation R-HSA-114608,1/125,0.0429442795187326,0.0572590393583102,0,0,26.705645161290324,84.06541395869567,PROS1,up_in_ALS
Reactome_2022,Response To Elevated Platelet Cytosolic Ca2+ R-HSA-76005,1/130,0.0446286389467339,0.057754709225185,0,0,25.664082687338503,79.7993725219964,PROS1,up_in_ALS
Reactome_2022,Cell Surface Interactions At Vascular Wall R-HSA-202733,1/134,0.0459742965041297,0.0577962584623345,0,0,24.887218045112785,76.64448873787613,PROS1,up_in_ALS
Reactome_2022,Diseases Of Glycosylation R-HSA-3781865,1/143,0.0489960875365205,0.0598841069890806,0,0,23.299295774647888,70.2710215907855,HEXB,up_in_ALS
Reactome_2022,Fatty Acid Metabolism R-HSA-8978868,1/173,0.0590095530833049,0.0701735225855518,0,0,19.20639534883721,54.35517308004342,MCEE,up_in_ALS
Reactome_2022,Diseases Of Metabolism R-HSA-5668914,1/247,0.0833238908529418,0.0964802946718273,0,0,13.378726287262872,33.24640194313252,HEXB,up_in_ALS
Reactome_2022,"Platelet Activation, Signaling And Aggregation R-HSA-76002",1/254,0.0855957551577062,0.0965695699215147,0,0,13.00395256916996,31.965270510154163,PROS1,up_in_ALS
Reactome_2022,Neutrophil Degranulation R-HSA-6798695,1/468,0.1527602918074211,0.1680363209881632,0,0,6.968593861527481,13.09318861263854,HEXB,up_in_ALS
Reactome_2022,Hemostasis R-HSA-109582,1/576,0.1850191498911447,0.1985571364685456,0,0,5.62840579710145,9.496786285782186,PROS1,up_in_ALS
Reactome_2022,Post-translational Protein Modification R-HSA-597592,1/1383,0.3944856616731552,0.4132706931814007,0,0,2.244452484322238,2.0877279446390165,PROS1,up_in_ALS
Reactome_2022,Disease R-HSA-1643685,1/1736,0.4704359949136262,0.4813763668883617,0,0,1.7538904899135446,1.3226006900836402,HEXB,up_in_ALS
Reactome_2022,Metabolism Of Proteins R-HSA-392499,1/1890,0.5009177520956157,0.5009177520956157,0,0,1.5973178048350096,1.1042471368082811,PROS1,up_in_ALS
DisGeNET,Respiratory Tract Infections,2/70,0.000250719498984362,0.0508960582938254,0,0,117.20588235294116,971.7745727646752,FCN3;PROS1,up_in_ALS
DisGeNET,"Blindness, Legal",2/158,0.0012688785397168,0.0595025340115583,0,0,50.864102564102566,339.24432771676044,PROS1;HEXB,up_in_ALS
DisGeNET,Blindness,2/164,0.0013660275223402,0.0595025340115583,0,0,48.96543209876543,322.96856549059913,PROS1;HEXB,up_in_ALS
DisGeNET,Bacteriuria,1/6,0.0020983872819732,0.0595025340115583,0,0,666.2666666666667,4108.590825691207,EMP1,up_in_ALS
DisGeNET,Disorder of soft tissue,1/6,0.0020983872819732,0.0595025340115583,0,0,666.2666666666667,4108.590825691207,PROS1,up_in_ALS
DisGeNET,Superficial thrombophlebitis,1/6,0.0020983872819732,0.0595025340115583,0,0,666.2666666666667,4108.590825691207,PROS1,up_in_ALS
DisGeNET,ovarian neoplasm,3/938,0.0031222537055899,0.0595025340115583,0,0,15.28716577540107,88.19471979366863,FCN3;PROS1;SOHLH2,up_in_ALS
DisGeNET,Cherry red spot of the macula,1/9,0.0031461719727636,0.0595025340115583,0,0,416.3541666666667,2398.8531813702,HEXB,up_in_ALS
DisGeNET,"Gangliosidoses, GM2",1/9,0.0031461719727636,0.0595025340115583,0,0,416.3541666666667,2398.8531813702,HEXB,up_in_ALS
DisGeNET,Infections specific to perinatal period,1/10,0.0034952242970889,0.0595025340115583,0,0,370.0740740740741,2093.271349114512,FCN3,up_in_ALS
DisGeNET,Arterial thrombosis,1/11,0.0038441720045859,0.0595025340115583,0,0,333.05,1852.1566750462316,PROS1,up_in_ALS
DisGeNET,Tay-Sachs Disease,1/12,0.0041930151049605,0.0595025340115583,0,0,302.7575757575757,1657.3964565725007,HEXB,up_in_ALS
DisGeNET,Recurrent chest infections,1/13,0.0045417536091676,0.0595025340115583,0,0,277.5138888888889,1497.032601111507,FCN3,up_in_ALS
DisGeNET,Recurrent lower respiratory tract infection,1/16,0.0055873417078214,0.0595025340115583,0,0,221.9777777777778,1151.4545938502376,FCN3,up_in_ALS
DisGeNET,Vitamin K Deficiency,1/16,0.0055873417078214,0.0595025340115583,0,0,221.9777777777778,1151.4545938502376,PROS1,up_in_ALS
DisGeNET,Retinal Diseases,2/355,0.006219809330931,0.0595025340115583,0,0,22.254957507082157,113.05554081377896,PROS1;HEXB,up_in_ALS
DisGeNET,Thromboembolism,1/19,0.006631989066781,0.0595025340115583,0,0,184.9537037037037,927.7001289942034,PROS1,up_in_ALS
DisGeNET,Thrombosis of cerebral veins,1/19,0.006631989066781,0.0595025340115583,0,0,184.9537037037037,927.7001289942034,PROS1,up_in_ALS
DisGeNET,Infective cystitis,1/19,0.006631989066781,0.0595025340115583,0,0,184.9537037037037,927.7001289942034,EMP1,up_in_ALS
DisGeNET,Warts,1/20,0.0069799958941807,0.0595025340115583,0,0,175.21052631578948,869.8689177892479,FCN3,up_in_ALS
DisGeNET,Ketonuria,1/20,0.0069799958941807,0.0595025340115583,0,0,175.21052631578948,869.8689177892479,MCEE,up_in_ALS
DisGeNET,Slow acetylator due to N-acetyltransferase enzyme variant,1/21,0.0073278982772855,0.0595025340115583,0,0,166.44166666666666,818.2383072102982,EMP1,up_in_ALS
DisGeNET,Diabetic peripheral neuropathy,1/21,0.0073278982772855,0.0595025340115583,0,0,166.44166666666666,818.2383072102982,FCN3,up_in_ALS
DisGeNET,Sandhoff Disease,1/21,0.0073278982772855,0.0595025340115583,0,0,166.44166666666666,818.2383072102982,HEXB,up_in_ALS
DisGeNET,"Oncocytoma, renal",1/21,0.0073278982772855,0.0595025340115583,0,0,166.44166666666666,818.2383072102982,PROS1,up_in_ALS
DisGeNET,Lower respiratory tract infection,1/22,0.0076756962402828,0.0599294744914389,0,0,158.5079365079365,771.8855078560287,FCN3,up_in_ALS
DisGeNET,Antibody Deficiency Syndrome,1/23,0.0080233898041786,0.0603240048240096,0,0,151.29545454545453,730.0602205833903,FCN3,up_in_ALS
DisGeNET,"Hypotension, Orthostatic",1/26,0.0090658443341152,0.0616407570594793,0,0,133.12,626.0954814439701,HEXB,up_in_ALS
DisGeNET,Intermittent abdominal pain,1/27,0.0094131205361766,0.0616407570594793,0,0,127.99358974358974,597.1733894173036,HEXB,up_in_ALS
DisGeNET,Episodic abdominal pain,1/27,0.0094131205361766,0.0616407570594793,0,0,127.99358974358974,597.1733894173036,HEXB,up_in_ALS
DisGeNET,Protein S Deficiency,1/27,0.0094131205361766,0.0616407570594793,0,0,127.99358974358974,597.1733894173036,PROS1,up_in_ALS
DisGeNET,Methylmalonic aciduria,1/29,0.0101073601190722,0.0624184611993503,0,0,118.83928571428572,546.0060757050519,MCEE,up_in_ALS
DisGeNET,Methylmalonic acidemia,1/30,0.0104543235506301,0.0624184611993503,0,0,114.73563218390804,523.2793468811269,MCEE,up_in_ALS
DisGeNET,Brain hemorrhage,1/30,0.0104543235506301,0.0624184611993503,0,0,114.73563218390804,523.2793468811269,PROS1,up_in_ALS
DisGeNET,Activated Protein C Resistance,1/31,0.0108011827726926,0.0624286796124288,0,0,110.90555555555557,502.1914056148727,PROS1,up_in_ALS
DisGeNET,Epithelial hyperplasia,1/33,0.0114945886890378,0.0624286796124288,0,0,103.96354166666669,464.2885874243707,EMP1,up_in_ALS
DisGeNET,Anastomosis,1/34,0.011841135434323,0.0624286796124288,0,0,100.8080808080808,447.2023640851642,PROS1,up_in_ALS
DisGeNET,"Prostate Cancer, Hereditary, 7",1/35,0.0121875780684806,0.0624286796124288,0,0,97.83823529411764,431.20617589056735,PROS1,up_in_ALS
DisGeNET,Salivary Gland Pleomorphic Adenoma,1/37,0.012880151107249,0.0624286796124288,0,0,92.39351851851852,402.10285931653846,PROS1,up_in_ALS
DisGeNET,Prostatic Diseases,1/38,0.0132262815609199,0.0624286796124288,0,0,89.89189189189189,388.8318191740525,PROS1,up_in_ALS
DisGeNET,Ovarian failure,1/39,0.013572308007059,0.0624286796124288,0,0,87.5219298245614,376.3201192636575,SOHLH2,up_in_ALS
DisGeNET,Benign Ovarian Neoplasm,1/39,0.013572308007059,0.0624286796124288,0,0,87.5219298245614,376.3201192636575,SOHLH2,up_in_ALS
DisGeNET,Pyelonephritis,1/39,0.013572308007059,0.0624286796124288,0,0,87.5219298245614,376.3201192636575,EMP1,up_in_ALS
DisGeNET,Prostate cancer recurrent,1/40,0.0139182304660795,0.0624286796124288,0,0,85.27350427350427,364.50634834293606,PROS1,up_in_ALS
DisGeNET,Chronic diarrhea,1/42,0.0146097635321501,0.0624286796124288,0,0,81.10569105691057,342.7579416357621,HEXB,up_in_ALS
DisGeNET,Ketotic hypoglycemia,1/43,0.0149553741881686,0.0624286796124288,0,0,79.17063492063492,332.7292054829482,MCEE,up_in_ALS
DisGeNET,Pyruvate Carboxylase Deficiency Disease,1/43,0.0149553741881686,0.0624286796124288,0,0,79.17063492063492,332.7292054829482,PROS1,up_in_ALS
DisGeNET,Diminished sweating,1/45,0.0156462838746998,0.0624286796124288,0,0,75.56439393939394,314.1606183022885,HEXB,up_in_ALS
DisGeNET,Purpura,1/45,0.0156462838746998,0.0624286796124288,0,0,75.56439393939394,314.1606183022885,PROS1,up_in_ALS
DisGeNET,Thrombus,1/46,0.0159915829549078,0.0624286796124288,0,0,73.88148148148149,305.5511080966125,PROS1,up_in_ALS
DisGeNET,Hypohidrosis,1/46,0.0159915829549078,0.0624286796124288,0,0,73.88148148148149,305.5511080966125,HEXB,up_in_ALS
DisGeNET,Disseminated Intravascular Coagulation,1/46,0.0159915829549078,0.0624286796124288,0,0,73.88148148148149,305.5511080966125,PROS1,up_in_ALS
DisGeNET,"stage, prostate cancer",1/50,0.0173717414502839,0.0629725627572793,0,0,67.83673469387755,274.9362107684438,PROS1,up_in_ALS
DisGeNET,Muscular fasciculation,1/50,0.0173717414502839,0.0629725627572793,0,0,67.83673469387755,274.9362107684438,HEXB,up_in_ALS
DisGeNET,Erythroblastosis,1/50,0.0173717414502839,0.0629725627572793,0,0,67.83673469387755,274.9362107684438,PROS1,up_in_ALS
DisGeNET,Idiopathic generalized epilepsy,1/50,0.0173717414502839,0.0629725627572793,0,0,67.83673469387755,274.9362107684438,PROS1,up_in_ALS
DisGeNET,"Prostate cancer, familial",1/53,0.0184057713212007,0.0655503785649779,0,0,63.91346153846154,255.34009527710208,PROS1,up_in_ALS
DisGeNET,Cystitis,1/56,0.0194388685228235,0.0680360398298824,0,0,60.41818181818182,238.07667848958,EMP1,up_in_ALS
DisGeNET,Pneumocystis jiroveci pneumonia,1/57,0.0197830271154541,0.0680670254989355,0,0,59.336309523809526,232.7722436237054,EMP1,up_in_ALS
DisGeNET,Hepatosplenomegaly,1/58,0.0201270821818301,0.0680966280485252,0,0,58.29239766081872,227.6719762446049,HEXB,up_in_ALS
DisGeNET,Urinary Incontinence,1/59,0.0204710337470903,0.0681249155845792,0,0,57.28448275862069,222.7647103884159,HEXB,up_in_ALS
DisGeNET,Shigella Infections,1/66,0.0228757988010256,0.0724708292167511,0,0,51.0974358974359,193.02954438325295,EMP1,up_in_ALS
DisGeNET,Tongue Carcinoma,1/67,0.0232189232742133,0.0724708292167511,0,0,50.32070707070707,189.3461363331078,PROS1,up_in_ALS
DisGeNET,Cerebral Hemorrhage,1/67,0.0232189232742133,0.0724708292167511,0,0,50.32070707070707,189.3461363331078,PROS1,up_in_ALS
DisGeNET,Uremia,1/67,0.0232189232742133,0.0724708292167511,0,0,50.32070707070707,189.3461363331078,PROS1,up_in_ALS
DisGeNET,Thin skin,1/68,0.0235619444744116,0.0724708292167511,0,0,49.56716417910448,185.78379790492124,PROS1,up_in_ALS
DisGeNET,Metabolic acidosis,1/70,0.0242476771638985,0.0734668427503193,0,0,48.1256038647343,179.00002909758112,MCEE,up_in_ALS
DisGeNET,Urinary tract infection,1/73,0.0252755023025473,0.0743612603973494,0,0,46.11342592592592,169.6014749165987,EMP1,up_in_ALS
DisGeNET,Inborn Errors of Metabolism,1/73,0.0252755023025473,0.0743612603973494,0,0,46.11342592592592,169.6014749165987,HEXB,up_in_ALS
DisGeNET,Malignant neoplasm of ovary,3/2026,0.0265714651742966,0.0759953278043742,0,0,6.662135442412259,24.16967693810862,FCN3;PROS1;SOHLH2,up_in_ALS
DisGeNET,Pulmonary Embolism,1/78,0.026986482201804,0.0759953278043742,0,0,43.10822510822511,155.72497995291064,PROS1,up_in_ALS
DisGeNET,Lysosomal Storage Diseases,1/79,0.0273283691119178,0.0759953278043742,0,0,42.5534188034188,153.1850716850233,HEXB,up_in_ALS
DisGeNET,Chronic granulomatous disease,1/79,0.0273283691119178,0.0759953278043742,0,0,42.5534188034188,153.1850716850233,EMP1,up_in_ALS
DisGeNET,Malignant neoplasm of tongue,1/82,0.028353412163333,0.0769477322232125,0,0,40.97119341563786,145.98068571220736,PROS1,up_in_ALS
DisGeNET,Thrombophilia,1/84,0.0290362597234849,0.0769477322232125,0,0,39.97991967871486,141.4973273170703,PROS1,up_in_ALS
DisGeNET,Venous Thromboembolism,1/84,0.0290362597234849,0.0769477322232125,0,0,39.97991967871486,141.4973273170703,PROS1,up_in_ALS
DisGeNET,Recurrent urinary tract infection,1/86,0.0297186959454334,0.0769477322232125,0,0,39.03529411764706,137.2472719605343,EMP1,up_in_ALS
DisGeNET,HIV Infections,2/806,0.0297661685650287,0.0769477322232125,0,0,9.546766169154228,33.55099094885826,HEXB;EMP1,up_in_ALS
DisGeNET,"Myoclonic Epilepsies, Progressive",1/88,0.0304007210272824,0.0769477322232125,0,0,38.13409961685824,133.21342891839572,EMP1,up_in_ALS
DisGeNET,Acute Kidney Insufficiency,1/89,0.0307415794593238,0.0769477322232125,0,0,37.69886363636363,131.2726893915506,HEXB,up_in_ALS
DisGeNET,Dehydration,1/90,0.0310823351837607,0.0769477322232125,0,0,37.27340823970037,129.38030961454655,MCEE,up_in_ALS
DisGeNET,Venous Thrombosis,1/90,0.0310823351837607,0.0769477322232125,0,0,37.27340823970037,129.38030961454655,PROS1,up_in_ALS
DisGeNET,Acute kidney injury,1/92,0.0317635386122593,0.0771050717223765,0,0,36.45054945054945,125.73384593452349,HEXB,up_in_ALS
DisGeNET,Macroglossia,1/94,0.0324443315283112,0.0771050717223765,0,0,35.66308243727599,122.26123249735372,HEXB,up_in_ALS
DisGeNET,Ovarian Carcinoma,3/2203,0.0332128171258544,0.0771050717223765,0,0,6.065795454545454,20.6529381586742,FCN3;PROS1;SOHLH2,up_in_ALS
DisGeNET,Hyperhidrosis disorder,1/97,0.0334647516210734,0.0771050717223765,0,0,34.54340277777778,117.3530097985263,HEXB,up_in_ALS
DisGeNET,Sweating,1/97,0.0334647516210734,0.0771050717223765,0,0,34.54340277777778,117.3530097985263,HEXB,up_in_ALS
DisGeNET,Increased sweating,1/97,0.0334647516210734,0.0771050717223765,0,0,34.54340277777778,117.3530097985263,HEXB,up_in_ALS
DisGeNET,Thrombosis,1/98,0.0338046866171995,0.0771050717223765,0,0,34.18556701030928,115.79184255951505,PROS1,up_in_ALS
DisGeNET,Hairy Cell Leukemia,1/107,0.0368594932260918,0.0826753969256675,0,0,31.2688679245283,103.20734112335164,HEXB,up_in_ALS
DisGeNET,Secondary Neoplasm,1/108,0.0371984046126248,0.0826753969256675,0,0,30.97507788161994,101.9541406781754,PROS1,up_in_ALS
DisGeNET,"Abortion, Tubal",1/110,0.0378759207590496,0.0826753969256675,0,0,30.40366972477064,99.52457965410602,EMP1,up_in_ALS
DisGeNET,Deep Vein Thrombosis,1/110,0.0378759207590496,0.0826753969256675,0,0,30.40366972477064,99.52457965410602,PROS1,up_in_ALS
DisGeNET,Erectile dysfunction,1/118,0.0405819006488554,0.0876396365076345,0,0,28.313390313390315,90.72836533687504,HEXB,up_in_ALS
DisGeNET,Myocardial Infarction,2/966,0.0416246162084092,0.0886696443632711,0,0,7.895850622406639,25.101410917379056,FCN3;PROS1,up_in_ALS
DisGeNET,Hyperammonemia,1/122,0.0419324426545518,0.0886696443632711,0,0,27.37190082644628,86.81533369125698,MCEE,up_in_ALS
DisGeNET,Tauopathies,1/130,0.0446286389467339,0.0930794332686779,0,0,25.664082687338503,79.7993725219964,PROS1,up_in_ALS
DisGeNET,PACHYONYCHIA CONGENITA 3,1/133,0.0456380345107204,0.0930794332686779,0,0,25.0770202020202,77.41310792741105,PROS1,up_in_ALS
DisGeNET,Tumor Immunity,1/134,0.0459742965041297,0.0930794332686779,0,0,24.887218045112785,76.64448873787613,PROS1,up_in_ALS
DisGeNET,Mycoses,1/135,0.0463104569464851,0.0930794332686779,0,0,24.700248756218905,75.88873531343961,EMP1,up_in_ALS
DisGeNET,Hormone refractory prostate cancer,1/135,0.0463104569464851,0.0930794332686779,0,0,24.700248756218905,75.88873531343961,PROS1,up_in_ALS
DisGeNET,Spontaneous abortion,1/138,0.0473183291908201,0.0932584546188008,0,0,24.155717761557177,73.69565388984178,EMP1,up_in_ALS
DisGeNET,Psoriasis vulgaris,1/138,0.0473183291908201,0.0932584546188008,0,0,24.155717761557177,73.69565388984178,PROS1,up_in_ALS
DisGeNET,Acid reflux,1/140,0.047989736708364,0.0936722745365182,0,0,23.80575539568345,72.29255880846534,MCEE,up_in_ALS
DisGeNET,Leprosy,1/143,0.0489960875365205,0.094725769237273,0,0,23.299295774647888,70.2710215907855,FCN3,up_in_ALS
DisGeNET,Chromophobe Renal Cell Carcinoma,1/149,0.0510060541018411,0.0972153043928873,0,0,22.34797297297297,66.50334258100814,PROS1,up_in_ALS
DisGeNET,Thickened facial skin with coarse facial features,1/151,0.05167523330037,0.0972153043928873,0,0,22.047777777777775,65.32264137535903,HEXB,up_in_ALS
DisGeNET,Coarse facial features,1/152,0.0520096712107459,0.0972153043928873,0,0,21.90066225165563,64.74548831540879,HEXB,up_in_ALS
DisGeNET,Familial lichen amyloidosis,1/153,0.0523440080205381,0.0972153043928873,0,0,21.75548245614035,64.17688512307375,PROS1,up_in_ALS
DisGeNET,Premature Menopause,1/154,0.0526782437596926,0.0972153043928873,0,0,21.612200435729847,63.61665182207605,SOHLH2,up_in_ALS
DisGeNET,Cardiomegaly,1/159,0.0543479072707221,0.0991527170456166,0,0,20.92299578059072,60.93506941298273,HEXB,up_in_ALS
DisGeNET,Juvenile psoriatic arthritis,1/161,0.0550150660720071,0.0991527170456166,0,0,20.659375,59.915249274727685,PROS1,up_in_ALS
DisGeNET,Heartburn,1/162,0.055348494156167,0.0991527170456166,0,0,20.530020703933747,59.41605252814519,MCEE,up_in_ALS
DisGeNET,androgen independent prostate cancer,1/163,0.0556818213950753,0.0991527170456166,0,0,20.4022633744856,58.923808509108525,PROS1,up_in_ALS
DisGeNET,"Ataxias, Hereditary",1/167,0.0570141224556861,0.1003571552657738,0,0,19.906626506024097,57.02166129794921,HEXB,up_in_ALS
DisGeNET,Juvenile-Onset Still Disease,1/168,0.0573469458661564,0.1003571552657738,0,0,19.786427145708583,56.5621868384733,PROS1,up_in_ALS
DisGeNET,Prostatic Intraepithelial Neoplasias,1/174,0.059341772738775,0.1020714933305972,0,0,19.094412331406552,53.93105615009288,PROS1,up_in_ALS
DisGeNET,"Ovarian Failure, Premature",1/175,0.0596738918498032,0.1020714933305972,0,0,18.983716475095783,53.51245186899965,SOHLH2,up_in_ALS
DisGeNET,Refractory cancer,1/177,0.0603378285698111,0.1020714933305972,0,0,18.766098484848484,52.691376870848096,EMP1,up_in_ALS
DisGeNET,Carcinoma of larynx,1/177,0.0603378285698111,0.1020714933305972,0,0,18.766098484848484,52.691376870848096,EMP1,up_in_ALS
DisGeNET,"Respiratory Distress Syndrome, Adult",1/186,0.0633205738594018,0.1062320371360212,0,0,17.845045045045044,49.24420449270851,PROS1,up_in_ALS
DisGeNET,Secondary malignant neoplasm of lymph node,2/1271,0.0684426589161983,0.1138840963933464,0,0,5.901970055161544,15.827661197413194,PROS1;EMP1,up_in_ALS
DisGeNET,Big calvaria,1/213,0.0722201694255764,0.1151978174672553,0,0,15.551100628930818,40.86885100436754,HEXB,up_in_ALS
DisGeNET,Increased size of skull,1/213,0.0722201694255764,0.1151978174672553,0,0,15.551100628930818,40.86885100436754,HEXB,up_in_ALS
DisGeNET,Aortic Valve Insufficiency,1/214,0.0725483872640993,0.1151978174672553,0,0,15.477308294209704,40.60474197778335,PROS1,up_in_ALS
DisGeNET,Skeletal muscle atrophy,1/215,0.0728765055847093,0.1151978174672553,0,0,15.404205607476635,40.34344464999949,HEXB,up_in_ALS
DisGeNET,"Neurogenic muscle atrophy, especially in the lower limbs",1/215,0.0728765055847093,0.1151978174672553,0,0,15.404205607476635,40.34344464999949,HEXB,up_in_ALS
DisGeNET,Increased head circumference,1/215,0.0728765055847093,0.1151978174672553,0,0,15.404205607476635,40.34344464999949,HEXB,up_in_ALS
DisGeNET,Adenocarcinoma of prostate,1/216,0.073204524400374,0.1151978174672553,0,0,15.331782945736434,40.08491663269166,PROS1,up_in_ALS
DisGeNET,Nasal Polyps,1/219,0.0741879840674214,0.1158473905052811,0,0,15.118501529051988,39.325536843200936,EMP1,up_in_ALS
DisGeNET,Neurogenic Muscular Atrophy,1/228,0.0771329980343394,0.1195267068776405,0,0,14.512481644640236,37.18423021932944,HEXB,up_in_ALS
DisGeNET,Metastasis from malignant tumor of prostate,1/232,0.0784393134350671,0.1206301562675654,0,0,14.258297258297258,36.29349802410164,PROS1,up_in_ALS
DisGeNET,Metastatic Prostate Carcinoma,1/241,0.0813727295550968,0.1242004819525162,0,0,13.717361111111112,34.41295067526482,PROS1,up_in_ALS
DisGeNET,Gastroesophageal reflux disease,1/246,0.0829989442057065,0.1257372065205853,0,0,13.434013605442177,33.4362844427817,MCEE,up_in_ALS
DisGeNET,Muscle degeneration,1/259,0.0872155590677266,0.1311463591907296,0,0,12.748708010335918,31.098848168327365,HEXB,up_in_ALS
DisGeNET,Cerebral Ischemia,1/275,0.0923824153591898,0.1378943405729083,0,0,11.994525547445257,28.568784387859345,EMP1,up_in_ALS
DisGeNET,Dysarthria,1/282,0.094635019648686,0.1386773743385544,0,0,11.691577698695136,27.565556419967027,HEXB,up_in_ALS
DisGeNET,Cerebral Infarction,1/283,0.0949564287342811,0.1386773743385544,0,0,11.64952718676123,27.42691449003382,EMP1,up_in_ALS
DisGeNET,Anaplasia,1/283,0.0949564287342811,0.1386773743385544,0,0,11.64952718676123,27.42691449003382,PROS1,up_in_ALS
DisGeNET,Prostatic Neoplasms,2/1554,0.0975136483976137,0.1413947901765399,0,0,4.752835051546392,11.063473232133216,PROS1;EMP1,up_in_ALS
DisGeNET,Hyperreflexia,1/301,0.1007250916521593,0.1450155574850238,0,0,10.940555555555555,25.11251729769443,HEXB,up_in_ALS
DisGeNET,"Kidney Failure, Acute",1/310,0.1035975848403304,0.1481007726942752,0,0,10.617044228694716,24.071400753445328,HEXB,up_in_ALS
DisGeNET,Juvenile arthritis,1/326,0.1086848233214011,0.1542868470926184,0,0,10.086153846153849,22.384232643702507,PROS1,up_in_ALS
DisGeNET,Muscle Weakness,1/339,0.112799963708241,0.1590166155053675,0,0,9.69181459566075,21.148889145859528,HEXB,up_in_ALS
DisGeNET,Anxiety Disorders,1/396,0.1306516196543578,0.1829122675161009,0,0,8.269198312236288,16.829645150246364,PROS1,up_in_ALS
DisGeNET,Benign Prostatic Hyperplasia,1/420,0.1380754721841808,0.1911011845268644,0,0,7.785998408910103,15.415925260697229,PROS1,up_in_ALS
DisGeNET,Metabolic Diseases,1/421,0.1383836163815225,0.1911011845268644,0,0,7.767063492063492,15.361120472475967,MCEE,up_in_ALS
DisGeNET,Epileptic encephalopathy,1/468,0.1527602918074211,0.208950319366885,0,0,6.968593861527481,13.09318861263854,HEXB,up_in_ALS
DisGeNET,Malignant Head and Neck Neoplasm,1/470,0.1533674757914575,0.208950319366885,0,0,6.938166311300639,13.008495920410883,PROS1,up_in_ALS
DisGeNET,Infection,1/492,0.1600219225169417,0.2157249326036422,0,0,6.619823489477257,12.13045886228026,PROS1,up_in_ALS
DisGeNET,Colon Carcinoma,2/2091,0.1610653819044609,0.2157249326036422,0,0,3.4282431785543324,6.259783139777834,PROS1;HEXB,up_in_ALS
DisGeNET,Pneumonia,1/497,0.161528028353466,0.2157249326036422,0,0,6.551411290322581,11.943724628232818,EMP1,up_in_ALS
DisGeNET,Herpes Simplex Infections,1/503,0.1633322994110472,0.2167088678460299,0,0,6.471115537848606,11.725457557812009,PROS1,up_in_ALS
DisGeNET,Major Depressive Disorder,1/513,0.1663320228308381,0.2192558482770139,0,0,6.341471354166667,11.375136953460665,EMP1,up_in_ALS
DisGeNET,Unipolar Depression,1/517,0.167529328376714,0.2194093784546642,0,0,6.291020671834626,11.239517704625456,EMP1,up_in_ALS
DisGeNET,Undergrowth,1/529,0.1711124057616297,0.2226655023693002,0,0,6.14425505050505,10.847280425435686,MCEE,up_in_ALS
DisGeNET,Failure to gain weight,1/539,0.1740881978693156,0.2238189857859997,0,0,6.026951672862453,10.536276075172376,MCEE,up_in_ALS
DisGeNET,Pediatric failure to thrive,1/543,0.1752759480858094,0.2238189857859997,0,0,5.981242312423125,10.415697685636234,MCEE,up_in_ALS
DisGeNET,Metastatic Neoplasm,1/544,0.1755726567475705,0.2238189857859997,0,0,5.969920196439533,10.385884034994731,PROS1,up_in_ALS
DisGeNET,Glioma,2/2211,0.1764090528362559,0.2238189857859997,0,0,3.220280669986419,5.587025358414478,HEXB;EMP1,up_in_ALS
DisGeNET,Cerebellar Ataxia,1/565,0.1817824383795248,0.2292039440437487,0,0,5.741430260047282,9.788821095026885,HEXB,up_in_ALS
DisGeNET,Tuberculosis,1/602,0.1926259637555454,0.2413769792739242,0,0,5.3777038269550745,8.857104995150737,FCN3,up_in_ALS
DisGeNET,Colitis,1/608,0.1943727134884651,0.2420715388844074,0,0,5.322899505766062,8.718791006611317,PROS1,up_in_ALS
DisGeNET,Huntington Disease,1/627,0.1998827351404988,0.2474158245946418,0,0,5.156283280085197,8.301741939041394,PROS1,up_in_ALS
DisGeNET,Esophageal Neoplasms,1/637,0.2027697494068033,0.2493745580845741,0,0,5.072589098532495,8.094250191650287,EMP1,up_in_ALS
DisGeNET,Immunologic Deficiency Syndromes,1/641,0.2039220524238389,0.2493745580845741,0,0,5.03984375,8.01343952852125,FCN3,up_in_ALS
DisGeNET,Malignant neoplasm of esophagus,1/673,0.2130891967190361,0.259024592418948,0,0,4.791914682539683,7.408513037474642,EMP1,up_in_ALS
DisGeNET,Intellectual Disability,2/2503,0.2149948544226689,0.2597854490940582,0,0,2.7976009596161537,4.300307651588102,MCEE;HEXB,up_in_ALS
DisGeNET,Esophageal carcinoma,1/685,0.2165034694620061,0.260060380478031,0,0,4.704922027290448,7.199230353956386,EMP1,up_in_ALS
DisGeNET,Neurodegenerative Disorders,1/745,0.2333850370904932,0.278689191349236,0,0,4.312051971326165,6.274318789107089,HEXB,up_in_ALS
DisGeNET,Cardiovascular Diseases,1/787,0.2450157648006233,0.2908666681551259,0,0,4.07273112807464,5.728022336135591,PROS1,up_in_ALS
DisGeNET,"Liver Cirrhosis, Experimental",1/801,0.2488589085013618,0.2937113861963747,0,0,3.998541666666666,5.561448351674695,EMP1,up_in_ALS
DisGeNET,Psoriasis,1/818,0.2535030293321804,0.2974630922221539,0,0,3.91187270501836,5.368573930424412,PROS1,up_in_ALS
DisGeNET,Amyloidosis,1/833,0.2575803227474074,0.300510376538642,0,0,3.8383413461538463,5.20641707281085,HEXB,up_in_ALS
DisGeNET,Crohn Disease,1/912,0.2787405684247979,0.3218069843414486,0,0,3.4910354921331868,4.459706348238304,FCN3,up_in_ALS
DisGeNET,Coronary heart disease,1/913,0.2790050701679555,0.3218069843414486,0,0,3.4870248538011697,4.451275533668872,PROS1,up_in_ALS
DisGeNET,Prostate carcinoma,2/3145,0.3037263222091806,0.3483414881834105,0,0,2.144447979637289,2.555384769474642,PROS1;EMP1,up_in_ALS
DisGeNET,Malignant neoplasm of prostate,2/3239,0.3169349106889236,0.3614482408418623,0,0,2.070559159715786,2.379194337779608,PROS1;EMP1,up_in_ALS
DisGeNET,Arteriosclerosis,1/1087,0.3237814262373301,0.3671934610401006,0,0,2.9016267648864336,3.2721256245048984,PROS1,up_in_ALS
DisGeNET,Atherosclerosis,1/1134,0.335459035602037,0.3783232457067417,0,0,2.774345395704619,3.030293821966426,PROS1,up_in_ALS
DisGeNET,Epilepsy,1/1177,0.3459909654383438,0.3880451159336121,0,0,2.666808390022676,2.830397392277897,PROS1,up_in_ALS
DisGeNET,Asthma,1/1313,0.3783650020846532,0.4220225023251901,0,0,2.373094512195122,2.3064009104549568,HEXB,up_in_ALS
DisGeNET,Epithelial ovarian cancer,1/1329,0.3820817867347625,0.4238393590555015,0,0,2.3424949799196786,2.25376265658458,SOHLH2,up_in_ALS
DisGeNET,Neoplasm Metastasis,2/3920,0.4122580131655169,0.454828134090217,0,0,1.6411434405308831,1.4542268527340056,PROS1;EMP1,up_in_ALS
DisGeNET,Adenocarcinoma,1/1712,0.4655447983591858,0.5108410490103498,0,0,1.7808299240210403,1.361528086556411,PROS1,up_in_ALS
DisGeNET,Rheumatoid Arthritis,1/1833,0.4898157521029457,0.5345838584779461,0,0,1.6522016011644831,1.17921919820142,HEXB,up_in_ALS
DisGeNET,Squamous cell carcinoma,1/1876,0.4982103151896187,0.5408379357406021,0,0,1.6104888888888889,1.1220807090451197,EMP1,up_in_ALS
DisGeNET,leukemia,1/1941,0.5106749481400381,0.551420289746956,0,0,1.5509450171821306,1.0422691731072715,PROS1,up_in_ALS
DisGeNET,Obesity,1/1961,0.5144564139765277,0.5525642964933076,0,0,1.5334183673469388,1.0191779960374938,SLC37A2,up_in_ALS
DisGeNET,Alzheimer's Disease,1/1982,0.5183999675824291,0.5538694390485953,0,0,1.5153962645128722,0.9956277666970528,EMP1,up_in_ALS
DisGeNET,Malignant tumor of colon,1/2001,0.5219442565219921,0.5547365658322743,0,0,1.4994166666666666,0.9749124474944336,HEXB,up_in_ALS
DisGeNET,Tumor Progression,1/2090,0.5382504128521537,0.569087676088475,0,0,1.4284346577309717,0.8848172451518508,PROS1,up_in_ALS
DisGeNET,Breast Carcinoma,2/4963,0.5504625383849056,0.5789839134307556,0,0,1.2120137069139287,0.72356778983981,PROS1;EMP1,up_in_ALS
DisGeNET,Malignant neoplasm of breast,2/5054,0.5617880393859013,0.5878503711099895,0,0,1.1829770387965162,0.6821408239581928,PROS1;EMP1,up_in_ALS
DisGeNET,Non-Small Cell Lung Carcinoma,1/2243,0.5651692512567467,0.5883556820775363,0,0,1.3195807314897412,0.7529923962879385,EMP1,up_in_ALS
DisGeNET,Primary malignant neoplasm of lung,1/2268,0.5694372754073296,0.5897743209575914,0,0,1.303190707248934,0.7338353429397604,EMP1,up_in_ALS
DisGeNET,Stomach Carcinoma,1/2378,0.5877927910409371,0.6056951095497981,0,0,1.235170382835507,0.6563458130481014,EMP1,up_in_ALS
DisGeNET,Malignant neoplasm of stomach,1/2398,0.5910570350756156,0.6059827177795453,0,0,1.2234737866777916,0.6433548329973859,EMP1,up_in_ALS
DisGeNET,Malignant neoplasm of lung,1/2449,0.5992807509877495,0.6113265952287094,0,0,1.1945125272331154,0.6116203856880341,EMP1,up_in_ALS
DisGeNET,Carcinoma of lung,1/2476,0.60357679903121,0.612630451016678,0,0,1.1796632996632996,0.595590754833247,EMP1,up_in_ALS
DisGeNET,Colorectal Cancer,1/3298,0.7168082762954889,0.7239406969551455,0,0,0.8439995955919523,0.2810070246606785,PROS1,up_in_ALS
DisGeNET,Liver carcinoma,1/3593,0.7500254145262675,0.7537384116278827,0,0,0.7609966592427617,0.2188993093372941,FCN3,up_in_ALS
DisGeNET,Carcinogenesis,1/4065,0.7962300798609422,0.7962300798609422,0,0,0.6532562335958005,0.1488555968770176,SOHLH2,up_in_ALS
GO_Biological_Process_2023,Tight Junction Organization (GO:0120193),1/5,0.0007498314718703743,0.0084356040585417,0,0,2499.125,17982.858997820545,CLDN5,down_in_ALS
GO_Biological_Process_2023,Positive Regulation Of Endothelial Cell Development (GO:1901552),1/5,0.0007498314718703743,0.0084356040585417,0,0,2499.125,17982.858997820545,CLDN5,down_in_ALS
GO_Biological_Process_2023,Glomerulus Vasculature Development (GO:0072012),1/5,0.0007498314718703743,0.0084356040585417,0,0,2499.125,17982.858997820545,ANGPT2,down_in_ALS
GO_Biological_Process_2023,Positive Regulation Of Establishment Of Endothelial Barrier (GO:1903142),1/5,0.0007498314718703743,0.0084356040585417,0,0,2499.125,17982.858997820545,CLDN5,down_in_ALS
GO_Biological_Process_2023,Negative Regulation Of Vascular Permeability (GO:0043116),1/11,0.0016491427308511,0.0148422845776601,0,0,999.35,6403.334808352065,CLDN5,down_in_ALS
GO_Biological_Process_2023,Regulation Of Bicellular Tight Junction Assembly (GO:2000810),1/15,0.002248385285759,0.0154167337192615,0,0,713.6785714285714,4351.685756891909,CLDN5,down_in_ALS
GO_Biological_Process_2023,Regulation Of Establishment Of Endothelial Barrier (GO:1903140),1/16,0.0023981585785517,0.0154167337192615,0,0,666.0666666666667,4018.416230915481,CLDN5,down_in_ALS
GO_Biological_Process_2023,Calcium-Independent Cell-Cell Adhesion Via Plasma Membrane Cell-Adhesion Molecules (GO:0016338),1/19,0.002847388777574,0.0160165618738541,0,0,554.9722222222222,3252.888056951129,CLDN5,down_in_ALS
GO_Biological_Process_2023,Maintenance Of Blood-Brain Barrier (GO:0035633),1/29,0.0043438507968609,0.0202173414397334,0,0,356.5892857142857,1939.4870011141588,CLDN5,down_in_ALS
GO_Biological_Process_2023,Negative Regulation Of Chemotaxis (GO:0050922),1/31,0.0046429637132384,0.0202173414397334,0,0,332.78333333333336,1787.845973802925,ANGPT2,down_in_ALS
GO_Biological_Process_2023,Negative Regulation Of Blood Vessel Endothelial Cell Migration (GO:0043537),1/33,0.0049420167963792,0.0202173414397334,0,0,311.953125,1656.4654076932638,ANGPT2,down_in_ALS
GO_Biological_Process_2023,Negative Regulation Of Endothelial Cell Migration (GO:0010596),1/37,0.0055399434616103,0.0207747879810388,0,0,277.2361111111111,1440.4553417617176,ANGPT2,down_in_ALS
GO_Biological_Process_2023,Learning (GO:0007612),1/43,0.0064363847273157,0.0213841642427946,0,0,237.5595238095238,1198.6750596729298,CLDN5,down_in_ALS
GO_Biological_Process_2023,Bicellular Tight Junction Assembly (GO:0070830),1/47,0.0070337131109195,0.0213841642427946,0,0,216.8586956521739,1074.9773440238823,CLDN5,down_in_ALS
GO_Biological_Process_2023,Tight Junction Assembly (GO:0120192),1/53,0.00792925705799,0.0213841642427946,0,0,191.77884615384616,927.6718550806612,CLDN5,down_in_ALS
GO_Biological_Process_2023,Apical Junction Assembly (GO:0043297),1/54,0.0080784620472779,0.0213841642427946,0,0,188.1509433962264,906.615436737158,CLDN5,down_in_ALS
GO_Biological_Process_2023,Regulation Of Blood Vessel Endothelial Cell Migration (GO:0043535),1/54,0.0080784620472779,0.0213841642427946,0,0,188.1509433962264,906.615436737158,ANGPT2,down_in_ALS
GO_Biological_Process_2023,Positive Regulation Of Protein Binding (GO:0032092),1/59,0.0088242627423081,0.0216058698381812,0,0,171.88793103448276,813.0729238663458,CLDN5,down_in_ALS
GO_Biological_Process_2023,Positive Regulation Of Cell Junction Assembly (GO:1901890),1/61,0.0091224783761209,0.0216058698381812,0,0,166.14166666666668,780.3696944503212,CLDN5,down_in_ALS
GO_Biological_Process_2023,Cell-Cell Junction Organization (GO:0045216),1/68,0.0101657622834467,0.0220123549482712,0,0,148.73134328358208,682.4879536219702,CLDN5,down_in_ALS
GO_Biological_Process_2023,Cell-Cell Junction Assembly (GO:0007043),1/71,0.0106126597969386,0.0220123549482712,0,0,142.3357142857143,647.0165481479889,CLDN5,down_in_ALS
GO_Biological_Process_2023,Transforming Growth Factor Beta Receptor Signaling Pathway (GO:0007179),1/72,0.0107615957524881,0.0220123549482712,0,0,140.32394366197184,635.9160389879967,CLDN5,down_in_ALS
GO_Biological_Process_2023,Negative Regulation Of Blood Vessel Morphogenesis (GO:2000181),1/77,0.0115060514233315,0.0225118397413007,0,0,131.05921052631578,585.1639324621284,CLDN5,down_in_ALS
GO_Biological_Process_2023,Negative Regulation Of Angiogenesis (GO:0016525),1/86,0.012845130618796,0.0230328930556691,0,0,117.12941176470588,510.0740472374152,CLDN5,down_in_ALS
GO_Biological_Process_2023,Positive Regulation Of Binding (GO:0051099),1/91,0.0135885408650015,0.0230328930556691,0,0,110.59444444444443,475.39336307702496,CLDN5,down_in_ALS
GO_Biological_Process_2023,Muscle Contraction (GO:0006936),1/94,0.0140344078673636,0.0230328930556691,0,0,107.01075268817203,456.5339023790776,CKMT2,down_in_ALS
GO_Biological_Process_2023,Cell Junction Assembly (GO:0034329),1/95,0.0141830003471832,0.0230328930556691,0,0,105.86702127659576,450.5394671189797,CLDN5,down_in_ALS
GO_Biological_Process_2023,Cellular Response To Transforming Growth Factor Beta Stimulus (GO:0071560),1/96,0.0143315779013052,0.0230328930556691,0,0,104.74736842105264,444.682948504716,CLDN5,down_in_ALS
GO_Biological_Process_2023,Regulation Of Protein Binding (GO:0043393),1/118,0.0175965093316656,0.0273049282732743,0,0,84.95726495726495,343.2320001415874,CLDN5,down_in_ALS
GO_Biological_Process_2023,Transmembrane Receptor Protein Serine/Threonine Kinase Signaling Pathway (GO:0007178),1/130,0.0193743389965825,0.0287687338432341,0,0,77.0077519379845,303.7036203266635,CLDN5,down_in_ALS
GO_Biological_Process_2023,Negative Regulation Of Cell Motility (GO:2000146),1/133,0.0198184610920057,0.0287687338432341,0,0,75.24621212121212,295.05103733791884,CLDN5,down_in_ALS
GO_Biological_Process_2023,Negative Regulation Of Cell Migration (GO:0030336),1/163,0.0242523103555676,0.0341048114375169,0,0,61.21913580246913,227.68886640394177,CLDN5,down_in_ALS
GO_Biological_Process_2023,Cell-Cell Adhesion Via Plasma-Membrane Adhesion Molecules (GO:0098742),1/172,0.0255798533173423,0.0348816181600123,0,0,57.97076023391813,212.5179210660911,CLDN5,down_in_ALS
GO_Biological_Process_2023,Negative Regulation Of Macromolecule Metabolic Process (GO:0010605),1/186,0.0276425262010213,0.0365856964425282,0,0,53.545945945945945,192.14426641897396,CLDN5,down_in_ALS
GO_Biological_Process_2023,Regulation Of Angiogenesis (GO:0045765),1/205,0.0304372096910158,0.0391335553170204,0,0,48.51225490196079,169.40913189219572,CLDN5,down_in_ALS
GO_Biological_Process_2023,Transmembrane Receptor Protein Tyrosine Kinase Signaling Pathway (GO:0007169),1/284,0.0419997973456225,0.0524997466820281,0,0,34.830388692579504,110.41548381157196,ANGPT2,down_in_ALS
GO_Biological_Process_2023,Gene Expression (GO:0010467),1/296,0.0437480567180595,0.0532070960084508,0,0,33.39322033898305,104.49767439223304,ANGPT2,down_in_ALS
GO_Biological_Process_2023,Negative Regulation Of Gene Expression (GO:0010629),1/336,0.0495602254945389,0.0586897407172172,0,0,29.34626865671642,88.17282076237278,CLDN5,down_in_ALS
GO_Biological_Process_2023,Positive Regulation Of Macromolecule Metabolic Process (GO:0010604),1/364,0.0536146999994185,0.0618631153839444,0,0,27.044077134986225,79.12913055870486,CLDN5,down_in_ALS
GO_Biological_Process_2023,Regulation Of Cell Migration (GO:0030334),1/434,0.0637004057590002,0.0716629564788753,0,0,22.59122401847575,62.20638900290569,CLDN5,down_in_ALS
GO_Biological_Process_2023,Positive Regulation Of Gene Expression (GO:0010628),1/480,0.0702889851502533,0.0757688552225865,0,0,20.37369519832985,54.09501665338735,CLDN5,down_in_ALS
GO_Biological_Process_2023,Positive Regulation Of Cell Population Proliferation (GO:0008284),1/483,0.0707175982077474,0.0757688552225865,0,0,20.24377593360996,53.62699373985084,CLDN5,down_in_ALS
GO_Biological_Process_2023,Positive Regulation Of Cellular Process (GO:0048522),1/594,0.0864838321352061,0.0905063359554483,0,0,16.36087689713322,40.04811838073629,CLDN5,down_in_ALS
GO_Biological_Process_2023,Regulation Of Cell Population Proliferation (GO:0042127),1/766,0.1105605082321837,0.1130732470556424,0,0,12.569934640522876,27.68141355444605,CLDN5,down_in_ALS
GO_Biological_Process_2023,Regulation Of Gene Expression (GO:0010468),1/1127,0.1597101304332369,0.1597101304332369,0,0,8.379662522202487,15.371609286314133,CLDN5,down_in_ALS
KEGG_2021_Human,Arginine and proline metabolism,1/50,0.0074815523734162,0.0412792605369281,0,0,203.55102040816325,996.4463577649728,CKMT2,down_in_ALS
KEGG_2021_Human,HIF-1 signaling pathway,1/109,0.0162617282000212,0.0412792605369281,0,0,92.07870370370372,379.26673825723503,ANGPT2,down_in_ALS
KEGG_2021_Human,Leukocyte transendothelial migration,1/114,0.0170034223995669,0.0412792605369281,0,0,87.98230088495575,358.4698638821348,CLDN5,down_in_ALS
KEGG_2021_Human,Cell adhesion molecules,1/148,0.0220370606188443,0.0412792605369281,0,0,67.51700680272108,257.57938413758654,CLDN5,down_in_ALS
KEGG_2021_Human,Hepatitis C,1/157,0.0233666122801722,0.0412792605369281,0,0,63.59294871794872,238.88354786430116,CLDN5,down_in_ALS
KEGG_2021_Human,Tight junction,1/169,0.0251374728576962,0.0412792605369281,0,0,59.01488095238095,217.37515304918776,CLDN5,down_in_ALS
KEGG_2021_Human,Kaposi sarcoma-associated herpesvirus infection,1/193,0.0286727702925845,0.0412792605369281,0,0,51.575520833333336,183.18631536211723,ANGPT2,down_in_ALS
KEGG_2021_Human,Pathogenic Escherichia coli infection,1/197,0.0292611543756679,0.0412792605369281,0,0,50.51275510204081,178.38551337882342,CLDN5,down_in_ALS
KEGG_2021_Human,Rap1 signaling pathway,1/210,0.0311717617404863,0.0412792605369281,0,0,47.33971291866029,164.18561216020964,ANGPT2,down_in_ALS
KEGG_2021_Human,Ras signaling pathway,1/232,0.0343993837807734,0.0412792605369281,0,0,42.78354978354978,144.16843911532118,ANGPT2,down_in_ALS
KEGG_2021_Human,MAPK signaling pathway,1/294,0.0434568279762164,0.047407448701327,0,0,33.62457337883959,105.44623488285704,ANGPT2,down_in_ALS
KEGG_2021_Human,PI3K-Akt signaling pathway,1/354,0.0521679997453455,0.0521679997453455,0,0,27.82436260623229,82.17330064888138,ANGPT2,down_in_ALS
Reactome_2022,RUNX1 Regulates Expression Of Components Of Tight Junctions R-HSA-8935964,1/5,0.0007498314718703743,0.0112447107714888,0,0,2499.125,17982.858997820545,CLDN5,down_in_ALS
Reactome_2022,Creatine Metabolism R-HSA-71288,1/10,0.0014992947695318,0.0112447107714888,0,0,1110.4444444444443,7220.954198683598,CKMT2,down_in_ALS
Reactome_2022,Tie2 Signaling R-HSA-210993,1/17,0.0025479169262706,0.0127395846313531,0,0,624.40625,3729.2533063250894,ANGPT2,down_in_ALS
Reactome_2022,Tight Junction Interactions R-HSA-420029,1/30,0.0044934147342301,0.0168503052533629,0,0,344.2758620689655,1860.860040913568,CLDN5,down_in_ALS
Reactome_2022,Cell-cell Junction Organization R-HSA-421270,1/61,0.0091224783761209,0.0273674351283628,0,0,166.14166666666668,780.3696944503212,CLDN5,down_in_ALS
Reactome_2022,Cell Junction Organization R-HSA-446728,1/86,0.012845130618796,0.03211282654699,0,0,117.12941176470588,510.0740472374152,CLDN5,down_in_ALS
Reactome_2022,Cell-Cell Communication R-HSA-1500931,1/120,0.0178929633377612,0.0374371349823672,0,0,83.52100840336135,336.03406149176243,CLDN5,down_in_ALS
Reactome_2022,Cell Surface Interactions At Vascular Wall R-HSA-202733,1/134,0.0199664719905958,0.0374371349823672,0,0,74.67669172932331,292.262229105573,ANGPT2,down_in_ALS
Reactome_2022,Transcriptional Regulation By RUNX1 R-HSA-8878171,1/204,0.0302902547474784,0.050483757912464,0,0,48.75369458128079,170.4882203194624,CLDN5,down_in_ALS
Reactome_2022,Metabolism Of Amino Acids And Derivatives R-HSA-71291,1/364,0.0536146999994185,0.0804220499991278,0,0,27.044077134986225,79.12913055870486,CKMT2,down_in_ALS
Reactome_2022,Hemostasis R-HSA-109582,1/576,0.0839393556005461,0.1144627576371084,0,0,16.88869565217391,41.84445745807294,ANGPT2,down_in_ALS
Reactome_2022,Generic Transcription Pathway R-HSA-212436,1/1190,0.1680974253078696,0.210121781634837,0,0,7.909167367535744,14.103718641138792,CLDN5,down_in_ALS
Reactome_2022,RNA Polymerase II Transcription R-HSA-73857,1/1312,0.1841804370971457,0.212515888958245,0,0,7.1266209000762775,12.057097781639904,CLDN5,down_in_ALS
Reactome_2022,Gene Expression (Transcription) R-HSA-74160,1/1449,0.201992247097601,0.2164202647474296,0,0,6.405041436464089,10.245030071858828,CLDN5,down_in_ALS
Reactome_2022,Metabolism R-HSA-1430728,1/2049,0.2769492635737012,0.2769492635737012,0,0,4.382080078125,5.626244432505447,CKMT2,down_in_ALS
DisGeNET,Endothelial dysfunction,2/262,0.0005084310678712794,0.0455840027406128,0,0,151.8230769230769,1151.453681911007,CLDN5;ANGPT2,down_in_ALS
DisGeNET,"Cardiomyopathy, Familial Idiopathic",2/388,0.0011117091869836,0.0455840027406128,0,0,101.61139896373057,691.1461687262439,CLDN5;ANGPT2,down_in_ALS
DisGeNET,Caroli Disease,1/8,0.0011995541091196,0.0455840027406128,0,0,1427.857142857143,9603.48923469958,ANGPT2,down_in_ALS
DisGeNET,Capillary Leak Syndrome,1/9,0.0013494318923464,0.0455840027406128,0,0,1249.3125,8255.5464452602,ANGPT2,down_in_ALS
DisGeNET,Neurogenic hypertension,1/9,0.0013494318923464,0.0455840027406128,0,0,1249.3125,8255.5464452602,ANGPT2,down_in_ALS
DisGeNET,Femoral artery occlusion,1/10,0.0014992947695318,0.0455840027406128,0,0,1110.4444444444443,7220.954198683598,ANGPT2,down_in_ALS
DisGeNET,"Pneumonia, Ventilator-Associated",1/13,0.0019487938770013,0.0455840027406128,0,0,832.7083333333334,5196.553511599695,ANGPT2,down_in_ALS
DisGeNET,Inflammatory neuropathy,1/14,0.0020985970505495,0.0455840027406128,0,0,768.6153846153846,4739.656184381286,CLDN5,down_in_ALS
DisGeNET,Focal Nodular Hyperplasia,1/16,0.0023981585785517,0.0455840027406128,0,0,666.0666666666667,4018.416230915481,ANGPT2,down_in_ALS
DisGeNET,Focal nodular hyperplasia of liver,1/16,0.0023981585785517,0.0455840027406128,0,0,666.0666666666667,4018.416230915481,ANGPT2,down_in_ALS
DisGeNET,Pathologic Neovascularization,1/17,0.0025479169262706,0.0455840027406128,0,0,624.40625,3729.2533063250894,ANGPT2,down_in_ALS
DisGeNET,Primary cutaneous B-cell lymphoma,1/18,0.0026976603266888,0.0455840027406128,0,0,587.6470588235294,3476.150033460634,ANGPT2,down_in_ALS
DisGeNET,Aortic Rupture,1/19,0.002847388777574,0.0455840027406128,0,0,554.9722222222222,3252.888056951129,ANGPT2,down_in_ALS
DisGeNET,Endometrial Endometrioid Adenocarcinoma,1/20,0.0029971022769704,0.0455840027406128,0,0,525.7368421052631,3054.5885497256336,ANGPT2,down_in_ALS
DisGeNET,"Malaria, Vivax",1/26,0.003895069234369,0.0455840027406128,0,0,399.44,2216.1106253087632,ANGPT2,down_in_ALS
DisGeNET,Cerebrovascular accident,2/768,0.0043052567628225,0.0455840027406128,0,0,50.21148825065274,273.5480957507005,CLDN5;ANGPT2,down_in_ALS
DisGeNET,Community acquired pneumonia,1/29,0.0043438507968609,0.0455840027406128,0,0,356.5892857142857,1939.4870011141588,ANGPT2,down_in_ALS
DisGeNET,Renal hypertension,1/29,0.0043438507968609,0.0455840027406128,0,0,356.5892857142857,1939.4870011141588,ANGPT2,down_in_ALS
DisGeNET,Hereditary hemorrhagic telangiectasia,1/29,0.0043438507968609,0.0455840027406128,0,0,356.5892857142857,1939.4870011141588,ANGPT2,down_in_ALS
DisGeNET,"Polyradiculoneuropathy, Chronic Inflammatory Demyelinating",1/35,0.0052410100460964,0.0455840027406128,0,0,293.5735294117647,1541.6253665904292,CLDN5,down_in_ALS
DisGeNET,Ovarian Hyperstimulation Syndrome,1/37,0.0055399434616103,0.0455840027406128,0,0,277.2361111111111,1440.4553417617176,ANGPT2,down_in_ALS
DisGeNET,"Glomerulonephritis, Membranoproliferative",1/37,0.0055399434616103,0.0455840027406128,0,0,277.2361111111111,1440.4553417617176,ANGPT2,down_in_ALS
DisGeNET,Shprintzen syndrome,1/38,0.0056893877328946,0.0455840027406128,0,0,269.72972972972974,1394.274144706199,CLDN5,down_in_ALS
DisGeNET,Septic Shock,1/38,0.0056893877328946,0.0455840027406128,0,0,269.72972972972974,1394.274144706199,ANGPT2,down_in_ALS
DisGeNET,Arteriovenous hemangioma,1/38,0.0056893877328946,0.0455840027406128,0,0,269.72972972972974,1394.274144706199,ANGPT2,down_in_ALS
DisGeNET,Aortic aneurysm without mention of rupture NOS,1/42,0.0062870152415198,0.0455840027406128,0,0,243.3658536585366,1233.6869399593022,ANGPT2,down_in_ALS
DisGeNET,Dissection of aorta,1/43,0.0064363847273157,0.0455840027406128,0,0,237.5595238095238,1198.6750596729298,ANGPT2,down_in_ALS
DisGeNET,Proliferative retinopathy,1/43,0.0064363847273157,0.0455840027406128,0,0,237.5595238095238,1198.6750596729298,ANGPT2,down_in_ALS
DisGeNET,CARCINOMA OF VULVA,1/44,0.0065857392567594,0.0455840027406128,0,0,232.02325581395348,1165.417705666189,CLDN5,down_in_ALS
DisGeNET,Autonomic nervous system disorders,1/44,0.0065857392567594,0.0455840027406128,0,0,232.02325581395348,1165.417705666189,ANGPT2,down_in_ALS
DisGeNET,Myocardial Infarction,2/966,0.0067669989405954,0.0455840027406128,0,0,39.48755186721991,197.26786723553695,CLDN5;ANGPT2,down_in_ALS
DisGeNET,Moyamoya disease 1,1/46,0.0068844034482568,0.0455840027406128,0,0,221.6888888888889,1103.6774229731402,ANGPT2,down_in_ALS
DisGeNET,Corneal Neovascularization,1/48,0.0071830078183245,0.0455840027406128,0,0,212.2340425531915,1047.5951010155554,ANGPT2,down_in_ALS
DisGeNET,Moyamoya Disease,1/50,0.0074815523734162,0.0455840027406128,0,0,203.55102040816325,996.4463577649728,ANGPT2,down_in_ALS
DisGeNET,Carcinosarcoma,1/50,0.0074815523734162,0.0455840027406128,0,0,203.55102040816325,996.4463577649728,ANGPT2,down_in_ALS
DisGeNET,Nephrosis,1/50,0.0074815523734162,0.0455840027406128,0,0,203.55102040816325,996.4463577649728,ANGPT2,down_in_ALS
DisGeNET,Angioimmunoblastic Lymphadenopathy,1/51,0.0076308022208955,0.0455840027406128,0,0,199.47,972.5284117534744,ANGPT2,down_in_ALS
DisGeNET,Metaplasia,1/51,0.0076308022208955,0.0455840027406128,0,0,199.47,972.5284117534744,CLDN5,down_in_ALS
DisGeNET,Well Differentiated Pancreatic Endocrine Tumor,1/59,0.0088242627423081,0.0496818734998546,0,0,171.88793103448276,813.0729238663458,ANGPT2,down_in_ALS
DisGeNET,Anaplastic Oligodendroglioma,1/59,0.0088242627423081,0.0496818734998546,0,0,171.88793103448276,813.0729238663458,ANGPT2,down_in_ALS
DisGeNET,Cavernous Hemangioma of Brain,1/60,0.0089733780330133,0.0496818734998546,0,0,168.96610169491527,796.4205513462199,CLDN5,down_in_ALS
DisGeNET,Retinopathy of Prematurity,1/64,0.0095696897244791,0.0505290224252534,0,0,158.20634920634922,735.5257596653158,ANGPT2,down_in_ALS
DisGeNET,Thyroid Nodule,1/66,0.0098677558938272,0.0505290224252534,0,0,153.3230769230769,708.1199963366474,ANGPT2,down_in_ALS
DisGeNET,Congenital arteriovenous malformation,1/66,0.0098677558938272,0.0505290224252534,0,0,153.3230769230769,708.1199963366474,ANGPT2,down_in_ALS
DisGeNET,Uremia,1/67,0.0100167665600722,0.0505290224252534,0,0,150.99242424242425,695.0928600722876,ANGPT2,down_in_ALS
DisGeNET,"Angina, Unstable",1/70,0.0104637089013925,0.0515278175241469,0,0,144.40579710144928,658.467662524263,ANGPT2,down_in_ALS
DisGeNET,Marfan Syndrome,1/73,0.0109105167657239,0.0515278175241469,0,0,138.36805555555554,625.1507650815512,ANGPT2,down_in_ALS
DisGeNET,Chronic heart failure,1/74,0.0110594228380556,0.0515278175241469,0,0,136.46575342465752,614.7062292455009,ANGPT2,down_in_ALS
DisGeNET,Angiogenic Switch,1/75,0.0112083139716831,0.0515278175241469,0,0,134.61486486486487,604.5687465206931,ANGPT2,down_in_ALS
DisGeNET,Stable angina,1/76,0.0113571901659932,0.0515278175241469,0,0,132.81333333333333,594.7253885716618,ANGPT2,down_in_ALS
DisGeNET,Secondary malignant neoplasm of lymph node,2/1271,0.0115945912445979,0.0515278175241469,0,0,29.516154452324667,131.55989246040764,CLDN5;ANGPT2,down_in_ALS
DisGeNET,"Glioblastoma, IDH-Wildtype",1/79,0.0118037291244741,0.0515278175241469,0,0,127.68589743589745,566.841082547516,ANGPT2,down_in_ALS
DisGeNET,"Malaria, Cerebral",1/86,0.012845130618796,0.054592973544791,0,0,117.12941176470588,510.0740472374152,ANGPT2,down_in_ALS
DisGeNET,Hemangiosarcoma,1/87,0.0129938425283724,0.054592973544791,0,0,115.76162790697674,502.7851268363536,ANGPT2,down_in_ALS
DisGeNET,"Malaria, Falciparum",1/89,0.0132912215554317,0.054592973544791,0,0,113.1193181818182,488.7491512268038,ANGPT2,down_in_ALS
DisGeNET,Gastric ulcer,1/95,0.0141830003471832,0.054592973544791,0,0,105.86702127659576,450.5394671189797,ANGPT2,down_in_ALS
DisGeNET,Werner Syndrome,1/96,0.0143315779013052,0.054592973544791,0,0,104.74736842105264,444.682948504716,CKMT2,down_in_ALS
DisGeNET,Cardiac fibrosis,1/96,0.0143315779013052,0.054592973544791,0,0,104.74736842105264,444.682948504716,ANGPT2,down_in_ALS
DisGeNET,Aortic Aneurysm,1/96,0.0143315779013052,0.054592973544791,0,0,104.74736842105264,444.682948504716,ANGPT2,down_in_ALS
DisGeNET,"Hypertension, Portal",1/101,0.015074241816001,0.054592973544791,0,0,99.485,417.31647774293873,ANGPT2,down_in_ALS
DisGeNET,Hemangioma,1/101,0.015074241816001,0.054592973544791,0,0,99.485,417.31647774293873,ANGPT2,down_in_ALS
DisGeNET,Severe Sepsis,1/103,0.015371202926661,0.054592973544791,0,0,97.52450980392156,407.1901321318921,ANGPT2,down_in_ALS
DisGeNET,Ischemia,1/104,0.0155196611008771,0.054592973544791,0,0,96.5728155339806,402.288317326718,ANGPT2,down_in_ALS
DisGeNET,Premature Obstetric Labor,1/105,0.0156681043562104,0.054592973544791,0,0,95.63942307692308,397.4897035431012,ANGPT2,down_in_ALS
DisGeNET,Biliary Atresia,1/105,0.0156681043562104,0.054592973544791,0,0,95.63942307692308,397.4897035431012,ANGPT2,down_in_ALS
DisGeNET,Tumor Promotion,1/108,0.0161133446145418,0.054592973544791,0,0,92.94392523364486,383.6825141169492,ANGPT2,down_in_ALS
DisGeNET,Vesico-Ureteral Reflux,1/108,0.0161133446145418,0.054592973544791,0,0,92.94392523364486,383.6825141169492,ANGPT2,down_in_ALS
DisGeNET,Erythema,1/113,0.0168551133866341,0.056266334393617,0,0,88.77232142857143,362.4663724303385,ANGPT2,down_in_ALS
DisGeNET,Ischemic cardiomyopathy,1/116,0.0172999956867377,0.0564830023949334,0,0,86.44347826086957,350.7054293514637,ANGPT2,down_in_ALS
DisGeNET,"Infarction, Middle Cerebral Artery",1/119,0.0177447437885405,0.0564830023949334,0,0,84.23305084745763,339.5995214082985,CLDN5,down_in_ALS
DisGeNET,Pilocytic Astrocytoma,1/122,0.0181893577110545,0.0564830023949334,0,0,82.13223140495867,329.097165436044,ANGPT2,down_in_ALS
DisGeNET,Polycystic Kidney Diseases,1/124,0.0184856924593801,0.0564830023949334,0,0,80.78861788617886,322.40784145177446,ANGPT2,down_in_ALS
DisGeNET,Peripheral Arterial Diseases,1/125,0.0186338374756652,0.0564830023949334,0,0,80.13306451612904,319.15205673213154,ANGPT2,down_in_ALS
DisGeNET,Interstitial lung fibrosis,1/127,0.0189300827920363,0.0564830023949334,0,0,78.85317460317461,312.81077549345065,ANGPT2,down_in_ALS
DisGeNET,Peritonitis,1/128,0.0190781830955974,0.0564830023949334,0,0,78.22834645669292,309.72243930029543,ANGPT2,down_in_ALS
DisGeNET,tumor vasculature,1/129,0.0192262684961311,0.0564830023949334,0,0,77.61328125,306.68715661620973,ANGPT2,down_in_ALS
DisGeNET,early pregnancy,1/129,0.0192262684961311,0.0564830023949334,0,0,77.61328125,306.68715661620973,ANGPT2,down_in_ALS
DisGeNET,Neurilemmoma,1/135,0.0201144679925478,0.0564830023949334,0,0,74.11567164179104,289.5192282207325,ANGPT2,down_in_ALS
DisGeNET,Middle Cerebral Artery Occlusion,1/135,0.0201144679925478,0.0564830023949334,0,0,74.11567164179104,289.5192282207325,ANGPT2,down_in_ALS
DisGeNET,"Leukemia, Myelocytic, Acute",2/1703,0.020506945789824,0.0564830023949334,0,0,21.51205173427396,83.61716506124002,CKMT2;ANGPT2,down_in_ALS
DisGeNET,Ureteral obstruction,1/138,0.0205583666198836,0.0564830023949334,0,0,72.48175182481752,281.55444343842925,ANGPT2,down_in_ALS
DisGeNET,Adenocarcinoma,2/1712,0.0207177414583263,0.0564830023949334,0,0,21.38830409356725,82.91742594969757,CLDN5;ANGPT2,down_in_ALS
DisGeNET,Lymphatic Metastasis,1/142,0.0211500229232129,0.0564830023949334,0,0,70.41134751773049,271.5142033166735,ANGPT2,down_in_ALS
DisGeNET,Vascular inflammations,1/142,0.0211500229232129,0.0564830023949334,0,0,70.41134751773049,271.5142033166735,ANGPT2,down_in_ALS
DisGeNET,Clear-cell metastatic renal cell carcinoma,1/142,0.0211500229232129,0.0564830023949334,0,0,70.41134751773049,271.5142033166735,ANGPT2,down_in_ALS
DisGeNET,Pulmonary Hypertension,1/151,0.0224803784730512,0.0579197830174901,0,0,66.15666666666667,251.07198720733425,ANGPT2,down_in_ALS
DisGeNET,Pre-Eclampsia,1/152,0.0226281213168788,0.0579197830174901,0,0,65.71523178807946,248.9662194692262,ANGPT2,down_in_ALS
DisGeNET,Aneurysm,1/152,0.0226281213168788,0.0579197830174901,0,0,65.71523178807946,248.9662194692262,ANGPT2,down_in_ALS
DisGeNET,"Breast Cancer, Familial",1/154,0.0229235623512883,0.0579197830174901,0,0,64.84967320261438,244.8457759456628,ANGPT2,down_in_ALS
DisGeNET,Focal glomerulosclerosis,1/155,0.0230712605438279,0.0579197830174901,0,0,64.42532467532467,242.82984434544923,ANGPT2,down_in_ALS
DisGeNET,Mucocutaneous Lymph Node Syndrome,1/156,0.0232189438528264,0.0579197830174901,0,0,64.00645161290322,240.84263048355345,ANGPT2,down_in_ALS
DisGeNET,"Polycystic Kidney, Autosomal Dominant",1/161,0.023957137180663,0.0585190984983796,0,0,61.990625,231.31733505204923,ANGPT2,down_in_ALS
DisGeNET,Malignant neoplasm of pancreas,2/1846,0.0239747848473537,0.0585190984983796,0,0,19.688720173535792,73.4537446139276,CLDN5;ANGPT2,down_in_ALS
DisGeNET,Pancreatic carcinoma,2/1869,0.0245560162444094,0.0589097614730898,0,0,19.421531869309053,71.99170314007792,CLDN5;ANGPT2,down_in_ALS
DisGeNET,Cyst,1/169,0.0251374728576962,0.0589097614730898,0,0,59.01488095238095,217.37515304918776,ANGPT2,down_in_ALS
DisGeNET,Complete atrioventricular block,1/170,0.0252849478802056,0.0589097614730898,0,0,58.66272189349112,215.7348585855584,ANGPT2,down_in_ALS
DisGeNET,Keloid,1/171,0.0254324080368405,0.0589097614730898,0,0,58.31470588235294,214.1159140014995,ANGPT2,down_in_ALS
DisGeNET,Blood Coagulation Disorders,1/171,0.0254324080368405,0.0589097614730898,0,0,58.31470588235294,214.1159140014995,ANGPT2,down_in_ALS
DisGeNET,leukemia,2/1941,0.0264171577737599,0.0600737629529251,0,0,18.62609592573492,67.68241894525299,CLDN5;ANGPT2,down_in_ALS
DisGeNET,Cerebrovascular Disorders,1/178,0.0264642127545925,0.0600737629529251,0,0,55.98870056497175,203.34882844573715,ANGPT2,down_in_ALS
DisGeNET,insulinoma,1/181,0.0269061917729784,0.0604723320046149,0,0,55.047222222222224,199.0176634459947,ANGPT2,down_in_ALS
DisGeNET,Alzheimer's Disease,2/1982,0.027505017645096,0.0609209072585616,0,0,18.1989898989899,65.39601064292923,CLDN5;ANGPT2,down_in_ALS
DisGeNET,"Respiratory Distress Syndrome, Adult",1/186,0.0276425262010213,0.0609209072585616,0,0,53.545945945945945,192.14426641897396,ANGPT2,down_in_ALS
DisGeNET,Malignant neoplasm of ovary,2/2026,0.0286949681110039,0.0626322861653642,0,0,17.759881422924902,63.06593386629463,CLDN5;ANGPT2,down_in_ALS
DisGeNET,"Arthritis, Psoriatic",1/201,0.0298493008283308,0.0642373601094073,0,0,49.4925,173.79755922762263,ANGPT2,down_in_ALS
DisGeNET,Renal fibrosis,1/202,0.029996300315406,0.0642373601094073,0,0,49.24378109452736,172.68224274734663,ANGPT2,down_in_ALS
DisGeNET,Colorectal cancer metastatic,1/208,0.0308779854525001,0.0655075018478274,0,0,47.80193236714976,166.24134396400805,ANGPT2,down_in_ALS
DisGeNET,Dyslipidemias,1/216,0.0320527344060855,0.0673700991683464,0,0,46.0046511627907,158.27314972299234,ANGPT2,down_in_ALS
DisGeNET,"Neoplasm, Residual",1/220,0.0326397527424558,0.0679745309407107,0,0,45.15525114155251,154.53139882231187,ANGPT2,down_in_ALS
DisGeNET,Graft-vs-Host Disease,1/226,0.0335198352152786,0.0682051954288281,0,0,43.937777777777775,149.1959055604995,ANGPT2,down_in_ALS
DisGeNET,Ovarian Carcinoma,2/2203,0.0337144881737692,0.0682051954288281,0,0,16.170831440254428,54.81633102018711,CLDN5;ANGPT2,down_in_ALS
DisGeNET,Glioma,2/2211,0.0339500776558321,0.0682051954288281,0,0,16.105024898143956,54.48111116342804,CLDN5;ANGPT2,down_in_ALS
DisGeNET,Ductal Carcinoma,1/230,0.0341062602379687,0.0682051954288281,0,0,43.16157205240175,145.81163077116312,ANGPT2,down_in_ALS
DisGeNET,"Anemia, Sickle Cell",1/231,0.034252829422407,0.0682051954288281,0,0,42.971739130434784,144.98605081167062,ANGPT2,down_in_ALS
DisGeNET,IGA Glomerulonephritis,1/237,0.0351319331983953,0.0690361765893029,0,0,41.86652542372882,140.19612200008046,ANGPT2,down_in_ALS
DisGeNET,"Hepatitis B, Chronic",1/238,0.0352783986095116,0.0690361765893029,0,0,41.687763713080166,139.4240770668133,ANGPT2,down_in_ALS
DisGeNET,Chondrosarcoma,1/241,0.0357177059161049,0.0692984550679984,0,0,41.16041666666667,137.15098449199263,ANGPT2,down_in_ALS
DisGeNET,Diabetic Retinopathy,1/247,0.0365959204305802,0.0704006265910314,0,0,40.14430894308943,132.79008813019155,ANGPT2,down_in_ALS
DisGeNET,Neuroendocrine Tumors,1/257,0.0380584261648899,0.0719938561619167,0,0,38.556640625,126.0274990245008,ANGPT2,down_in_ALS
DisGeNET,Urothelial Carcinoma,1/257,0.0380584261648899,0.0719938561619167,0,0,38.556640625,126.0274990245008,CLDN5,down_in_ALS
DisGeNET,Renal Insufficiency,1/263,0.0389352187881923,0.0727168433704209,0,0,37.662213740458014,122.24612510357572,ANGPT2,down_in_ALS
DisGeNET,Brain Ischemia,1/264,0.0390812990801381,0.0727168433704209,0,0,37.5171102661597,121.63464379076338,ANGPT2,down_in_ALS
DisGeNET,Essential Hypertension,1/278,0.0411248692084052,0.0758971163439674,0,0,35.5956678700361,113.59083966573888,ANGPT2,down_in_ALS
DisGeNET,Anaplasia,1/283,0.0418540129609808,0.076619846307602,0,0,34.955673758865245,110.9341935896518,ANGPT2,down_in_ALS
DisGeNET,"Aortic Aneurysm, Abdominal",1/288,0.0425827870062494,0.0767166083366557,0,0,34.33797909407666,108.38114088181122,ANGPT2,down_in_ALS
DisGeNET,Anoxia,1/288,0.0425827870062494,0.0767166083366557,0,0,34.33797909407666,108.38114088181122,ANGPT2,down_in_ALS
DisGeNET,Idiopathic pulmonary arterial hypertension,1/297,0.0438936489206369,0.078455577204603,0,0,33.27871621621622,104.02878903876676,ANGPT2,down_in_ALS
DisGeNET,Fibroid Tumor,1/310,0.0457850030466385,0.0811968413405229,0,0,31.857605177993527,98.2424409831854,ANGPT2,down_in_ALS
DisGeNET,Gastrointestinal Stromal Tumors,1/323,0.0476738613546165,0.0831135955037147,0,0,30.551242236024844,92.97879553067298,ANGPT2,down_in_ALS
DisGeNET,Kaposi Sarcoma,1/323,0.0476738613546165,0.0831135955037147,0,0,30.551242236024844,92.97879553067298,ANGPT2,down_in_ALS
DisGeNET,Heart Diseases,1/325,0.0479642335285754,0.0831135955037147,0,0,30.359567901234566,92.21110589098622,ANGPT2,down_in_ALS
DisGeNET,Secondary malignant neoplasm of bone,1/330,0.0486899057112653,0.0837318833064941,0,0,29.890577507598785,90.33780056075076,ANGPT2,down_in_ALS
DisGeNET,Non-alcoholic Fatty Liver Disease,1/334,0.0492701778997933,0.0840927096485194,0,0,29.525525525525527,88.88471357416256,ANGPT2,down_in_ALS
DisGeNET,Uterine Fibroids,1/349,0.0514440970882666,0.0871478361122128,0,0,28.23132183908046,83.7696594580619,ANGPT2,down_in_ALS
DisGeNET,Retinal Diseases,1/355,0.0523127360735498,0.0879628969533023,0,0,27.744350282485875,81.8601332704953,ANGPT2,down_in_ALS
DisGeNET,Presenile dementia,1/362,0.0533254777958585,0.0890064960269109,0,0,27.196675900277008,79.72273261492856,CLDN5,down_in_ALS
DisGeNET,Chronic Kidney Diseases,1/380,0.055926357335353,0.0918044334441948,0,0,25.88126649076517,74.63431289682613,ANGPT2,down_in_ALS
DisGeNET,Glaucoma,1/381,0.0560707108059883,0.0918044334441948,0,0,25.81184210526316,74.36757443187058,CLDN5,down_in_ALS
DisGeNET,Age related macular degeneration,1/382,0.0562150495539343,0.0918044334441948,0,0,25.742782152230973,74.10242030041539,ANGPT2,down_in_ALS
DisGeNET,Carcinoma breast stage IV,1/392,0.0576576279072301,0.0929355197705893,0,0,25.07161125319693,71.53514174450848,ANGPT2,down_in_ALS
DisGeNET,Ischemic stroke,1/394,0.057945967066687,0.0929355197705893,0,0,24.94147582697201,71.03941648110474,ANGPT2,down_in_ALS
DisGeNET,Rhabdomyosarcoma,1/397,0.0583783655231722,0.0929355197705893,0,0,24.748737373737374,70.30645841983815,ANGPT2,down_in_ALS
DisGeNET,"Carcinoma, Transitional Cell",1/399,0.0586665576490218,0.0929355197705893,0,0,24.621859296482413,69.82477205980416,CLDN5,down_in_ALS
DisGeNET,Vascular Diseases,1/401,0.0589546909557923,0.0929355197705893,0,0,24.49625,69.34854276226908,ANGPT2,down_in_ALS
DisGeNET,Inflammation,1/429,0.0629823860135367,0.0986000112073988,0,0,22.860981308411212,63.20833130646275,ANGPT2,down_in_ALS
DisGeNET,Dementia,1/436,0.0639875109372579,0.0994874313887503,0,0,22.48505747126437,61.81293749811697,CLDN5,down_in_ALS
DisGeNET,Cholangiocarcinoma,1/455,0.0667120834071222,0.1030179791388894,0,0,21.523127753303964,58.27105277828656,ANGPT2,down_in_ALS
DisGeNET,Septicemia,1/468,0.0685732150362854,0.1046885553771738,0,0,20.91006423982869,56.035904067957496,ANGPT2,down_in_ALS
DisGeNET,Malaria,1/469,0.0687162764369995,0.1046885553771738,0,0,20.86431623931624,55.86982314044835,ANGPT2,down_in_ALS
DisGeNET,Thyroid Neoplasm,1/476,0.0697172961048257,0.1055055081053029,0,0,20.549473684210525,54.72955384796592,ANGPT2,down_in_ALS
DisGeNET,Cardiomyopathies,1/480,0.0702889851502533,0.1056662227093212,0,0,20.37369519832985,54.09501665338735,ANGPT2,down_in_ALS
DisGeNET,Hyperglycemia,1/488,0.0714316605364975,0.1066775456696377,0,0,20.03080082135524,52.861565462114456,ANGPT2,down_in_ALS
DisGeNET,Acute leukemia,1/492,0.0720026469561047,0.1068274565950051,0,0,19.86354378818737,52.262024504027394,CLDN5,down_in_ALS
DisGeNET,Malignant Glioma,1/504,0.0737142017385212,0.1086566480171709,0,0,19.37773359840954,50.528599180478096,ANGPT2,down_in_ALS
DisGeNET,Secondary malignant neoplasm of liver,1/508,0.0742842520061919,0.1087150090704004,0,0,19.220907297830376,49.97159695280996,ANGPT2,down_in_ALS
DisGeNET,Tumor Angiogenesis,1/511,0.07471163618935,0.1087150090704004,0,0,19.104901960784314,49.56039732155777,ANGPT2,down_in_ALS
DisGeNET,Sepsis,1/529,0.0772731792112941,0.1117261890507246,0,0,18.43655303030303,47.20510439215642,ANGPT2,down_in_ALS
DisGeNET,Metabolic Syndrome X,1/548,0.0799718968536304,0.1148963328213551,0,0,17.778793418647165,44.91065439638352,ANGPT2,down_in_ALS
DisGeNET,Diabetic Nephropathy,1/561,0.081815352813109,0.1168055665948159,0,0,17.354464285714286,43.44326324974771,ANGPT2,down_in_ALS
DisGeNET,Papillary thyroid carcinoma,1/571,0.0832317190222621,0.1180850013628343,0,0,17.04122807017544,42.36665322326647,ANGPT2,down_in_ALS
DisGeNET,Liver diseases,1/606,0.0881775295451708,0.1237550422748428,0,0,16.026446280991735,38.91867207898684,ANGPT2,down_in_ALS
DisGeNET,Congenital Abnormality,1/607,0.0883185764252182,0.1237550422748428,0,0,15.999174917491748,38.82687472511051,ANGPT2,down_in_ALS
DisGeNET,Arthritis,1/630,0.0915586414879417,0.1263496072934719,0,0,15.395866454689983,36.80806219027561,ANGPT2,down_in_ALS
DisGeNET,Conventional (Clear Cell) Renal Cell Carcinoma,1/631,0.0916993394732135,0.1263496072934719,0,0,15.37063492063492,36.72413735900268,ANGPT2,down_in_ALS
DisGeNET,Triple Negative Breast Neoplasms,1/632,0.0918400229225677,0.1263496072934719,0,0,15.345483359746437,36.64051952217666,ANGPT2,down_in_ALS
DisGeNET,Kidney Diseases,1/639,0.0928244003930305,0.1269345716217948,0,0,15.171630094043888,36.063658660867375,ANGPT2,down_in_ALS
DisGeNET,Sarcoma,1/658,0.0954926959376148,0.1294079227224918,0,0,14.71841704718417,34.56922731653421,ANGPT2,down_in_ALS
DisGeNET,Amyotrophic Lateral Sclerosis,1/660,0.0957732643937384,0.1294079227224918,0,0,14.672230652503794,34.41770359111553,CLDN5,down_in_ALS
DisGeNET,Chronic Obstructive Airway Disease,1/669,0.0970351045159547,0.1303187575748411,0,0,14.467814371257486,33.748816872235295,ANGPT2,down_in_ALS
DisGeNET,Small cell carcinoma of lung,1/673,0.0975955453203656,0.1303187575748411,0,0,14.378720238095235,33.458180998387206,ANGPT2,down_in_ALS
DisGeNET,MYELODYSPLASTIC SYNDROME,1/683,0.0989956327157662,0.130651212944645,0,0,14.160557184750733,32.748830930022166,ANGPT2,down_in_ALS
DisGeNET,Secondary malignant neoplasm of lung,1/683,0.0989956327157662,0.130651212944645,0,0,14.160557184750733,32.748830930022166,ANGPT2,down_in_ALS
DisGeNET,Neoplasm Metastasis,2/3920,0.1001742188597949,0.1314424721455112,0,0,8.207759060745278,18.88477663764186,CLDN5;ANGPT2,down_in_ALS
DisGeNET,Pancreatic Ductal Adenocarcinoma,1/701,0.101512139285451,0.1324325035505596,0,0,13.78357142857143,31.53097944485152,ANGPT2,down_in_ALS
DisGeNET,B-Cell Lymphomas,1/730,0.1055566478122375,0.1361440855305563,0,0,13.215363511659808,29.714844289451417,ANGPT2,down_in_ALS
DisGeNET,Leukemogenesis,1/730,0.1055566478122375,0.1361440855305563,0,0,13.215363511659808,29.714844289451417,ANGPT2,down_in_ALS
DisGeNET,Astrocytoma,1/741,0.1070875909509347,0.1373383228579784,0,0,13.011486486486486,29.06906829424709,ANGPT2,down_in_ALS
DisGeNET,Endometriosis,1/749,0.108199906213032,0.1379852736536981,0,0,12.866978609625669,28.613262518686334,ANGPT2,down_in_ALS
DisGeNET,Cardiovascular Diseases,1/787,0.1134707901509183,0.1438987115321702,0,0,12.220737913486005,26.594889985501872,ANGPT2,down_in_ALS
DisGeNET,Heart failure,1/815,0.1173412813246811,0.147682070566611,0,0,11.783169533169533,25.247428024507563,ANGPT2,down_in_ALS
DisGeNET,Psoriasis,1/818,0.1177553073680907,0.147682070566611,0,0,11.738066095471236,25.109442698669127,ANGPT2,down_in_ALS
DisGeNET,Stomach Neoplasms,1/835,0.1200990096922603,0.1490150667854612,0,0,11.488609112709833,24.349403861228385,ANGPT2,down_in_ALS
DisGeNET,Hepatitis B,1/839,0.1206498651780717,0.1490150667854612,0,0,11.431384248210025,24.175807062779253,ANGPT2,down_in_ALS
DisGeNET,Endometrial Carcinoma,1/840,0.1207875431212549,0.1490150667854612,0,0,11.417163289630512,24.13271057759705,ANGPT2,down_in_ALS
DisGeNET,Glioblastoma Multiforme,1/854,0.1227135256140849,0.1505728125102555,0,0,11.221570926143023,23.541763945732946,ANGPT2,down_in_ALS
DisGeNET,Congestive heart failure,1/884,0.1268311555140857,0.1547885607618142,0,0,10.823329558323897,22.349077632514184,ANGPT2,down_in_ALS
DisGeNET,Coronary heart disease,1/913,0.1307992644912101,0.1587777167887952,0,0,10.463267543859647,21.2832431874178,ANGPT2,down_in_ALS
DisGeNET,ovarian neoplasm,1/938,0.134210383757381,0.1620518995368377,0,0,10.17075773745998,20.4264075574529,ANGPT2,down_in_ALS
DisGeNET,"Diabetes Mellitus, Insulin-Dependent",1/956,0.1366608556981141,0.1641376414998513,0,0,9.969633507853404,19.842092281467515,ANGPT2,down_in_ALS
DisGeNET,Coronary Artery Disease,1/981,0.1400566121164125,0.1673307944759244,0,0,9.702551020408164,19.07238765140495,ANGPT2,down_in_ALS
DisGeNET,Breast Carcinoma,2/4963,0.1541594129215657,0.1824934746832434,0,0,6.061681112678896,11.333937753330702,CLDN5;ANGPT2,down_in_ALS
DisGeNET,Arteriosclerosis,1/1087,0.1543557142695275,0.1824934746832434,0,0,8.706721915285451,16.26847078126168,ANGPT2,down_in_ALS
DisGeNET,Multiple Sclerosis,1/1106,0.1569018891206836,0.184542636426918,0,0,8.54841628959276,15.832817405905292,CLDN5,down_in_ALS
DisGeNET,Chronic Lymphocytic Leukemia,1/1120,0.1587747440059067,0.1854229068002031,0,0,8.43521000893655,15.523053679441048,ANGPT2,down_in_ALS
DisGeNET,Malignant neoplasm of breast,2/5054,0.1592839948283683,0.1854229068002031,0,0,5.916468725257324,10.868946724215991,CLDN5;ANGPT2,down_in_ALS
DisGeNET,Atherosclerosis,1/1134,0.1606448232690387,0.1860529330717948,0,0,8.324801412180053,15.222394021886226,ANGPT2,down_in_ALS
DisGeNET,Seizures,1/1174,0.1659726310130855,0.1907388196103862,0,0,8.02387041773231,14.410328677143957,ANGPT2,down_in_ALS
DisGeNET,Lung Neoplasms,1/1177,0.1663713052108215,0.1907388196103862,0,0,8.002125850340136,14.352078464079336,ANGPT2,down_in_ALS
DisGeNET,Diabetes,1/1268,0.1784041315006308,0.2035062203549909,0,0,7.391475927387529,12.740715886257366,ANGPT2,down_in_ALS
DisGeNET,Hypertensive disease,1/1310,0.183918466949004,0.2080047722440401,0,0,7.138273491214668,12.086972487666364,ANGPT2,down_in_ALS
DisGeNET,Multiple Myeloma,1/1312,0.1841804370971457,0.2080047722440401,0,0,7.1266209000762775,12.057097781639904,ANGPT2,down_in_ALS
DisGeNET,Liver neoplasms,1/1321,0.1853586089479238,0.2082990308474193,0,0,7.074621212121212,11.924011609224578,ANGPT2,down_in_ALS
DisGeNET,Epithelial ovarian cancer,1/1329,0.1864049200467565,0.2084429401508065,0,0,7.0289909638554215,11.807537880103204,ANGPT2,down_in_ALS
DisGeNET,Renal Cell Carcinoma,1/1348,0.1888863175203931,0.2101823239074963,0,0,6.92279138827023,11.5375929367349,ANGPT2,down_in_ALS
DisGeNET,Diabetes Mellitus,1/1507,0.2094542149295902,0.2319322282391072,0,0,6.139110225763612,9.596964723406517,ANGPT2,down_in_ALS
DisGeNET,Central neuroblastoma,1/1655,0.2282839913349405,0.2515556603545218,0,0,5.545042321644498,8.190941604213762,ANGPT2,down_in_ALS
DisGeNET,Neuroblastoma,1/1698,0.2336981913828686,0.2562777267821796,0,0,5.391868002357101,7.838292106763651,ANGPT2,down_in_ALS
DisGeNET,Rheumatoid Arthritis,1/1833,0.250531598466508,0.2734166964033525,0,0,4.957696506550218,6.8622958881082,ANGPT2,down_in_ALS
DisGeNET,Squamous cell carcinoma,1/1876,0.2558411136426778,0.2778752765401333,0,0,4.832533333333333,6.587703046648778,CLDN5,down_in_ALS
DisGeNET,Schizophrenia,1/1923,0.2616157874735286,0.2827942083642428,0,0,4.70213319458897,6.304988418646532,CLDN5,down_in_ALS
DisGeNET,Glioblastoma,1/1937,0.2633301098411822,0.2832982698291391,0,0,4.664514462809917,6.2240802426109125,ANGPT2,down_in_ALS
DisGeNET,Obesity,1/1961,0.2662627712671022,0.2851021182907179,0,0,4.601275510204082,6.088737187602487,ANGPT2,down_in_ALS
DisGeNET,Tumor Progression,1/2090,0.2818925595722384,0.2991444668716307,0,0,4.286261369076113,5.4273896261066135,ANGPT2,down_in_ALS
DisGeNET,Colon Carcinoma,1/2091,0.2820128454208325,0.2991444668716307,0,0,4.283971291866028,5.422662247798701,ANGPT2,down_in_ALS
DisGeNET,Non-Small Cell Lung Carcinoma,1/2243,0.3001405387820012,0.3168925688535547,0,0,3.9596342551293486,4.765437452018005,ANGPT2,down_in_ALS
DisGeNET,Primary malignant neoplasm of lung,1/2268,0.3030925287795597,0.3185277964488891,0,0,3.910454344949272,4.667976394664397,ANGPT2,down_in_ALS
DisGeNET,Stomach Carcinoma,1/2378,0.3159826884455365,0.3299368727684981,0,0,3.7063525452250734,4.269969609216896,ANGPT2,down_in_ALS
DisGeNET,Mammary Neoplasms,1/2387,0.3170302462923302,0.3299368727684981,0,0,3.6904861693210393,4.239475863283377,ANGPT2,down_in_ALS
DisGeNET,Malignant neoplasm of stomach,1/2398,0.3183091415696082,0.3299368727684981,0,0,3.671255736337088,4.202604748065881,ANGPT2,down_in_ALS
DisGeNET,Malignant neoplasm of lung,1/2449,0.3242177075038293,0.3345337254698602,0,0,3.5843545751633985,4.037202118927283,ANGPT2,down_in_ALS
DisGeNET,Carcinoma of lung,1/2476,0.3273319033554364,0.3362187423605614,0,0,3.53979797979798,3.9531778104232007,ANGPT2,down_in_ALS
DisGeNET,Colorectal Carcinoma,1/2931,0.3783822770042659,0.3869044003602179,0,0,2.912457337883959,2.830472478060473,ANGPT2,down_in_ALS
DisGeNET,Prostate carcinoma,1/3145,0.4014719982956605,0.4086732897449101,0,0,2.680184478371501,2.445983233406766,ANGPT2,down_in_ALS
DisGeNET,Malignant neoplasm of prostate,1/3239,0.4114307668012663,0.4169410002852119,0,0,2.5878628783199504,2.298318595278356,ANGPT2,down_in_ALS
DisGeNET,Colorectal Cancer,1/3298,0.4176247005571155,0.4213369201176232,0,0,2.532605398847437,2.211400362728498,ANGPT2,down_in_ALS
DisGeNET,Liver carcinoma,1/3593,0.4479433208102107,0.4499253709022912,0,0,2.2835467706013364,1.8338903119452743,ANGPT2,down_in_ALS
DisGeNET,Carcinogenesis,1/4065,0.4942335294630249,0.4942335294630249,0,0,1.9602608267716533,1.381488214830455,ANGPT2,down_in_ALS
GO_Biological_Process_2023,Tight Junction Organization (GO:0120193),1/5,0.0027472053583369,0.0291527032416844,0,0,499.625,2946.374119506432,CLDN5,full_panel
GO_Biological_Process_2023,Glomerulus Vasculature Development (GO:0072012),1/5,0.0027472053583369,0.0291527032416844,0,0,499.625,2946.374119506432,ANGPT2,full_panel
GO_Biological_Process_2023,Short-Chain Fatty Acid Catabolic Process (GO:0019626),1/5,0.0027472053583369,0.0291527032416844,0,0,499.625,2946.374119506432,MCEE,full_panel
GO_Biological_Process_2023,Positive Regulation Of Endothelial Cell Development (GO:1901552),1/5,0.0027472053583369,0.0291527032416844,0,0,499.625,2946.374119506432,CLDN5,full_panel
GO_Biological_Process_2023,Positive Regulation Of Establishment Of Endothelial Barrier (GO:1903142),1/5,0.0027472053583369,0.0291527032416844,0,0,499.625,2946.374119506432,CLDN5,full_panel
GO_Biological_Process_2023,Ganglioside Catabolic Process (GO:0006689),1/6,0.0032958256764104,0.0291527032416844,0,0,399.68,2284.210591570385,HEXB,full_panel
GO_Biological_Process_2023,Short-Chain Fatty Acid Metabolic Process (GO:0046459),1/6,0.0032958256764104,0.0291527032416844,0,0,399.68,2284.210591570385,MCEE,full_panel
GO_Biological_Process_2023,Bleb Assembly (GO:0032060),1/6,0.0032958256764104,0.0291527032416844,0,0,399.68,2284.210591570385,EMP1,full_panel
GO_Biological_Process_2023,"Complement Activation, Lectin Pathway (GO:0001867)",1/8,0.004392244396163,0.0291527032416844,0,0,285.45714285714286,1549.43708775113,FCN3,full_panel
GO_Biological_Process_2023,Regulation Of RNA Biosynthetic Process (GO:2001141),1/8,0.004392244396163,0.0291527032416844,0,0,285.45714285714286,1549.43708775113,FCN3,full_panel
GO_Biological_Process_2023,Cell Surface Pattern Recognition Receptor Signaling Pathway (GO:0002752),1/8,0.004392244396163,0.0291527032416844,0,0,285.45714285714286,1549.43708775113,FCN3,full_panel
GO_Biological_Process_2023,Positive Regulation Of Opsonization (GO:1903028),1/8,0.004392244396163,0.0291527032416844,0,0,285.45714285714286,1549.43708775113,FCN3,full_panel
GO_Biological_Process_2023,Glycosphingolipid Catabolic Process (GO:0046479),1/9,0.004940042922945,0.0291527032416844,0,0,249.7625,1326.3340991921912,HEXB,full_panel
GO_Biological_Process_2023,Aminoglycan Metabolic Process (GO:0006022),1/9,0.004940042922945,0.0291527032416844,0,0,249.7625,1326.3340991921912,HEXB,full_panel
GO_Biological_Process_2023,Regulation Of Opsonization (GO:1903027),1/10,0.0054875676690229,0.0291527032416844,0,0,222.0,1155.5699775561973,FCN3,full_panel
GO_Biological_Process_2023,Phosphate Ion Transmembrane Transport (GO:0035435),1/10,0.0054875676690229,0.0291527032416844,0,0,222.0,1155.5699775561973,SLC37A2,full_panel
GO_Biological_Process_2023,Negative Regulation Of Vascular Permeability (GO:0043116),1/11,0.0060348187277604,0.0301740936388022,0,0,199.79,1020.9687483548148,CLDN5,full_panel
GO_Biological_Process_2023,Regulation Of Bicellular Tight Junction Assembly (GO:2000810),1/15,0.0082210881236714,0.035370155863884,0,0,142.67857142857142,685.0073410932765,CLDN5,full_panel
GO_Biological_Process_2023,Ceramide Catabolic Process (GO:0046514),1/15,0.0082210881236714,0.035370155863884,0,0,142.67857142857142,685.0073410932765,HEXB,full_panel
GO_Biological_Process_2023,Negative Regulation Of RNA Biosynthetic Process (GO:1902679),1/16,0.0087669723009575,0.035370155863884,0,0,133.16,630.7474630602054,FCN3,full_panel
GO_Biological_Process_2023,Regulation Of Establishment Of Endothelial Barrier (GO:1903140),1/16,0.0087669723009575,0.035370155863884,0,0,133.16,630.7474630602054,CLDN5,full_panel
GO_Biological_Process_2023,Negative Regulation Of Viral Entry Into Host Cell (GO:0046597),1/18,0.0098579216348164,0.035370155863884,0,0,117.48235294117649,542.7073703814344,FCN3,full_panel
GO_Biological_Process_2023,Calcium-Independent Cell-Cell Adhesion Via Plasma Membrane Cell-Adhesion Molecules (GO:0016338),1/19,0.0104029870187894,0.035370155863884,0,0,110.95,506.5602322657193,CLDN5,full_panel
GO_Biological_Process_2023,Ganglioside Metabolic Process (GO:0001573),1/19,0.0104029870187894,0.035370155863884,0,0,110.95,506.5602322657193,HEXB,full_panel
GO_Biological_Process_2023,Phosphate Ion Transport (GO:0006817),1/19,0.0104029870187894,0.035370155863884,0,0,110.95,506.5602322657193,SLC37A2,full_panel
GO_Biological_Process_2023,Negative Regulation Of Viral Life Cycle (GO:1903901),1/20,0.0109477797028559,0.0357908182593368,0,0,105.10526315789474,474.5101770765117,FCN3,full_panel
GO_Biological_Process_2023,Proteolysis (GO:0006508),2/330,0.0135297392013227,0.0425936234115716,0,0,13.320460704607044,57.31614564922814,FCN3;TINAGL1,full_panel
GO_Biological_Process_2023,Apoptotic Cell Clearance (GO:0043277),1/28,0.0152963180805092,0.0435883470407406,0,0,73.93333333333334,309.05191525436794,FCN3,full_panel
GO_Biological_Process_2023,Glycosaminoglycan Metabolic Process (GO:0030203),1/28,0.0152963180805092,0.0435883470407406,0,0,73.93333333333334,309.05191525436794,HEXB,full_panel
GO_Biological_Process_2023,Maintenance Of Blood-Brain Barrier (GO:0035633),1/29,0.0158386617716755,0.0435883470407406,0,0,71.28928571428571,295.5155744703354,CLDN5,full_panel
GO_Biological_Process_2023,Innate Immune Response Activating Cell Surface Receptor Signaling Pathway (GO:0002220),1/30,0.0163807339505408,0.0435883470407406,0,0,68.82758620689656,282.994903106762,FCN3,full_panel
GO_Biological_Process_2023,acyl-CoA Metabolic Process (GO:0006637),1/31,0.016922534733464,0.0435883470407406,0,0,66.53,271.3831303578043,MCEE,full_panel
GO_Biological_Process_2023,Negative Regulation Of Chemotaxis (GO:0050922),1/31,0.016922534733464,0.0435883470407406,0,0,66.53,271.3831303578043,ANGPT2,full_panel
GO_Biological_Process_2023,Negative Regulation Of Blood Vessel Endothelial Cell Migration (GO:0043537),1/33,0.0180053225963931,0.0450133064909829,0,0,62.365625,250.52819538044847,ANGPT2,full_panel
GO_Biological_Process_2023,Negative Regulation Of Endothelial Cell Migration (GO:0010596),1/37,0.0201676468856421,0.0476180551466549,0,0,55.425,216.36122001333428,ANGPT2,full_panel
GO_Biological_Process_2023,Positive Regulation Of Immune Effector Process (GO:0002699),1/37,0.0201676468856421,0.0476180551466549,0,0,55.425,216.36122001333428,FCN3,full_panel
GO_Biological_Process_2023,Learning (GO:0007612),1/43,0.0234030191755172,0.0535529141434073,0,0,47.49285714285714,178.3304657718936,CLDN5,full_panel
GO_Biological_Process_2023,Regulation Of Viral Entry Into Host Cell (GO:0046596),1/44,0.0239413027935232,0.0535529141434073,0,0,46.38604651162791,173.11969096681065,FCN3,full_panel
GO_Biological_Process_2023,Bicellular Tight Junction Assembly (GO:0070830),1/47,0.0255545358769434,0.0556957833215434,0,0,43.35434782608696,158.97781166869382,CLDN5,full_panel
GO_Biological_Process_2023,Tight Junction Assembly (GO:0120192),1/53,0.0287737329936235,0.0593164910129562,0,0,38.340384615384615,136.0428936891653,CLDN5,full_panel
GO_Biological_Process_2023,Apical Junction Assembly (GO:0043297),1/54,0.0293093249711077,0.0593164910129562,0,0,37.61509433962264,132.7756240232595,CLDN5,full_panel
GO_Biological_Process_2023,Regulation Of Blood Vessel Endothelial Cell Migration (GO:0043535),1/54,0.0293093249711077,0.0593164910129562,0,0,37.61509433962264,132.7756240232595,ANGPT2,full_panel
GO_Biological_Process_2023,Pattern Recognition Receptor Signaling Pathway (GO:0002221),1/56,0.0303797035423347,0.0597730083459233,0,0,36.24363636363636,126.63456015986765,FCN3,full_panel
GO_Biological_Process_2023,Positive Regulation Of Protein Binding (GO:0032092),1/59,0.0319832597603844,0.0597730083459233,0,0,34.36379310344827,118.2988232215442,CLDN5,full_panel
GO_Biological_Process_2023,Positive Regulation Of Phagocytosis (GO:0050766),1/60,0.03251724254582,0.0597730083459233,0,0,33.77966101694916,115.72860487101576,FCN3,full_panel
GO_Biological_Process_2023,Fatty Acid Catabolic Process (GO:0009062),1/61,0.0330509575559811,0.0597730083459233,0,0,33.215,113.25334294423654,MCEE,full_panel
GO_Biological_Process_2023,Positive Regulation Of Cell Junction Assembly (GO:1901890),1/61,0.0330509575559811,0.0597730083459233,0,0,33.215,113.25334294423654,CLDN5,full_panel
GO_Biological_Process_2023,Inorganic Anion Transmembrane Transport (GO:0098661),1/63,0.034117584722214,0.0604165562789207,0,0,32.14032258064516,108.56815667877292,SLC37A2,full_panel
GO_Biological_Process_2023,Cell-Cell Junction Organization (GO:0045216),1/68,0.0367794749552908,0.063801130024484,0,0,29.734328358208955,98.20699568293152,CLDN5,full_panel
GO_Biological_Process_2023,Cell-Cell Junction Assembly (GO:0007043),1/71,0.038373406353793,0.0648403062636405,0,0,28.455714285714286,92.77674343537714,CLDN5,full_panel
GO_Biological_Process_2023,Transforming Growth Factor Beta Receptor Signaling Pathway (GO:0007179),1/72,0.0389041837581843,0.0648403062636405,0,0,28.053521126760565,91.0800620630536,CLDN5,full_panel
GO_Biological_Process_2023,Negative Regulation Of Blood Vessel Morphogenesis (GO:2000181),1/77,0.0415540781399269,0.0679249354210343,0,0,26.20131578947369,83.34008705275691,CLDN5,full_panel
GO_Biological_Process_2023,Epidermis Development (GO:0008544),1/85,0.0457800971719973,0.0728908949639282,0,0,23.696428571428573,73.07755450297252,EMP1,full_panel
GO_Biological_Process_2023,Negative Regulation Of Angiogenesis (GO:0016525),1/86,0.0463071568006132,0.0728908949639282,0,0,23.416470588235292,71.94614007723759,CLDN5,full_panel
GO_Biological_Process_2023,Positive Regulation Of Binding (GO:0051099),1/91,0.0489384874443282,0.0755667828832236,0,0,22.11,66.71009583505662,CLDN5,full_panel
GO_Biological_Process_2023,Muscle Contraction (GO:0006936),1/94,0.0505141161372029,0.0755667828832236,0,0,21.39354838709677,63.87049121569168,CKMT2,full_panel
GO_Biological_Process_2023,Cell Junction Assembly (GO:0034329),1/95,0.0510387981390416,0.0755667828832236,0,0,21.16489361702128,62.96913934936651,CLDN5,full_panel
GO_Biological_Process_2023,Cellular Response To Transforming Growth Factor Beta Stimulus (GO:0071560),1/96,0.0515632165556114,0.0755667828832236,0,0,20.94105263157895,62.08910527455818,CLDN5,full_panel
GO_Biological_Process_2023,Negative Regulation Of Macromolecule Biosynthetic Process (GO:0010558),1/98,0.0526112631068001,0.0757958875267459,0,0,20.507216494845363,60.3901649352506,FCN3,full_panel
GO_Biological_Process_2023,Regulation Of Protein Binding (GO:0043393),1/118,0.0630339752254168,0.0892981315693405,0,0,16.984615384615385,46.94685961789818,CLDN5,full_panel
GO_Biological_Process_2023,Transmembrane Receptor Protein Serine/Threonine Kinase Signaling Pathway (GO:0007178),1/130,0.0692374571025659,0.0964784238314443,0,0,15.395348837209305,41.1088648413353,CLDN5,full_panel
GO_Biological_Process_2023,Negative Regulation Of Cell Motility (GO:2000146),1/133,0.0707824821112975,0.0970404996687143,0,0,15.043181818181818,39.836507711922266,CLDN5,full_panel
GO_Biological_Process_2023,Negative Regulation Of Cellular Biosynthetic Process (GO:0031327),1/137,0.0728388887077658,0.0982746911136523,0,0,14.59779411764706,38.23899878007725,FCN3,full_panel
GO_Biological_Process_2023,Defense Response To Symbiont (GO:0140546),1/148,0.0784726929102361,0.1042215452714073,0,0,13.49795918367347,34.35236788543272,FCN3,full_panel
GO_Biological_Process_2023,Negative Regulation Of Cell Migration (GO:0030336),1/163,0.0861050024684553,0.1125988493818262,0,0,12.238888888888887,30.012053634065264,CLDN5,full_panel
GO_Biological_Process_2023,Cell-Cell Adhesion Via Plasma-Membrane Adhesion Molecules (GO:0098742),1/172,0.0906567589792965,0.1167549168672758,0,0,11.589473684210526,27.82255722527502,CLDN5,full_panel
GO_Biological_Process_2023,Endosomal Transport (GO:0016197),1/180,0.0946854526218653,0.1201233354157993,0,0,11.067039106145252,26.08716820537079,TINAGL1,full_panel
GO_Biological_Process_2023,Negative Regulation Of Macromolecule Metabolic Process (GO:0010605),1/186,0.0976963172043407,0.1221203965054258,0,0,10.704864864864865,24.89835329417693,CLDN5,full_panel
GO_Biological_Process_2023,Defense Response To Virus (GO:0051607),1/189,0.0991983332467463,0.1222008453039629,0,0,10.532446808510638,24.33663040229913,FCN3,full_panel
GO_Biological_Process_2023,Regulation Of Angiogenesis (GO:0045765),1/205,0.1071707667099066,0.1301359310048866,0,0,9.698529411764708,21.66003382009917,CLDN5,full_panel
GO_Biological_Process_2023,Apoptotic Process (GO:0006915),1/228,0.1185187907018542,0.1418886930937692,0,0,8.705726872246697,18.566562316427337,EMP1,full_panel
GO_Biological_Process_2023,Plasma Membrane Bounded Cell Projection Assembly (GO:0120031),1/275,0.1413014945692657,0.1668142644220497,0,0,7.195255474452555,14.08010339743365,EMP1,full_panel
GO_Biological_Process_2023,Transmembrane Receptor Protein Tyrosine Kinase Signaling Pathway (GO:0007169),1/284,0.145602575064884,0.1695372449385636,0,0,6.963250883392226,13.417310268308398,ANGPT2,full_panel
GO_Biological_Process_2023,Gene Expression (GO:0010467),1/296,0.1513068837331026,0.1737984475312665,0,0,6.675932203389831,12.607131871186194,ANGPT2,full_panel
GO_Biological_Process_2023,Negative Regulation Of Gene Expression (GO:0010629),1/336,0.1700721085674156,0.1927483897097376,0,0,5.866865671641791,10.393344758256514,CLDN5,full_panel
GO_Biological_Process_2023,Positive Regulation Of Macromolecule Metabolic Process (GO:0010604),1/364,0.1829824725592314,0.2046514495728247,0,0,5.406611570247934,9.182399368003196,CLDN5,full_panel
GO_Biological_Process_2023,Vesicle-Mediated Transport (GO:0016192),1/411,0.2042435997045085,0.2254637139595224,0,0,4.775365853658537,7.585391120619804,TINAGL1,full_panel
GO_Biological_Process_2023,Regulation Of Cell Migration (GO:0030334),1/434,0.2144635774164784,0.2337103087230854,0,0,4.516397228637413,6.953514532815357,CLDN5,full_panel
GO_Biological_Process_2023,Positive Regulation Of Gene Expression (GO:0010628),1/480,0.2345464006708592,0.2505797788015189,0,0,4.073068893528184,5.906364696972251,CLDN5,full_panel
GO_Biological_Process_2023,Positive Regulation Of Cell Population Proliferation (GO:0008284),1/483,0.2358397918131942,0.2505797788015189,0,0,4.047095435684647,5.84644439752189,CLDN5,full_panel
GO_Biological_Process_2023,Positive Regulation Of Cellular Process (GO:0048522),1/594,0.2823212812803272,0.2962630729484915,0,0,3.2708263069139965,4.136645303470578,CLDN5,full_panel
GO_Biological_Process_2023,Regulation Of Cell Population Proliferation (GO:0042127),1/766,0.3492883955061234,0.3620672392441523,0,0,2.5129411764705885,2.64325564624218,CLDN5,full_panel
GO_Biological_Process_2023,Regulation Of Gene Expression (GO:0010468),1/1127,0.4717377731100894,0.4831049483657543,0,0,1.675222024866785,1.2586479365419756,CLDN5,full_panel
GO_Biological_Process_2023,Regulation Of DNA-templated Transcription (GO:0006355),1/1922,0.6709981808255874,0.6789862544068443,0,0,0.9405517959396148,0.3752696823932653,SOHLH2,full_panel
GO_Biological_Process_2023,Regulation Of Transcription By RNA Polymerase II (GO:0006357),1/2028,0.6916123942450441,0.6916123942450441,0,0,0.8861371484953132,0.3267450000456131,SOHLH2,full_panel
KEGG_2021_Human,Other glycan degradation,1/18,0.0098579216348164,0.0664041763195369,0,0,117.48235294117649,542.7073703814344,HEXB,full_panel
KEGG_2021_Human,Glycosaminoglycan degradation,1/19,0.0104029870187894,0.0664041763195369,0,0,110.95,506.5602322657193,HEXB,full_panel
KEGG_2021_Human,Glyoxylate and dicarboxylate metabolism,1/30,0.0163807339505408,0.0664041763195369,0,0,68.82758620689656,282.994903106762,MCEE,full_panel
KEGG_2021_Human,Propanoate metabolism,1/34,0.0185463099170106,0.0664041763195369,0,0,60.47272727272728,241.13405880391545,MCEE,full_panel
KEGG_2021_Human,Various types of N-glycan biosynthesis,1/39,0.0212471852336025,0.0664041763195369,0,0,52.502631578947366,202.2155053364779,HEXB,full_panel
KEGG_2021_Human,Glycosphingolipid biosynthesis,1/45,0.02447931669919,0.0664041763195369,0,0,45.32954545454545,168.16929253740548,HEXB,full_panel
KEGG_2021_Human,"Valine, leucine and isoleucine degradation",1/48,0.0260917413851551,0.0664041763195369,0,0,42.42978723404255,154.70479323760136,MCEE,full_panel
KEGG_2021_Human,Amino sugar and nucleotide sugar metabolism,1/48,0.0260917413851551,0.0664041763195369,0,0,42.42978723404255,154.70479323760136,HEXB,full_panel
KEGG_2021_Human,Arginine and proline metabolism,1/50,0.0271653448579923,0.0664041763195369,0,0,40.69387755102041,146.73452100035948,CKMT2,full_panel
KEGG_2021_Human,Complement and coagulation cascades,1/85,0.0457800971719973,0.100716213778394,0,0,23.696428571428573,73.07755450297252,PROS1,full_panel
KEGG_2021_Human,HIF-1 signaling pathway,1/109,0.0583567238440699,0.1117559859887506,0,0,18.40833333333333,52.30140127379555,ANGPT2,full_panel
KEGG_2021_Human,Leukocyte transendothelial migration,1/114,0.0609578105393185,0.1117559859887506,0,0,17.58938053097345,49.20758106608857,CLDN5,full_panel
KEGG_2021_Human,Lysosome,1/128,0.0682061433941627,0.115425781128583,0,0,15.639370078740155,41.99515931789825,HEXB,full_panel
KEGG_2021_Human,Cell adhesion molecules,1/148,0.0784726929102361,0.1218198690469161,0,0,13.49795918367347,34.35236788543272,CLDN5,full_panel
KEGG_2021_Human,Hepatitis C,1/157,0.0830590016228973,0.1218198690469161,0,0,12.71346153846154,31.63368662685563,CLDN5,full_panel
KEGG_2021_Human,Tight junction,1/169,0.0891418019446807,0.1225699776739359,0,0,11.798214285714286,28.52250037107005,CLDN5,full_panel
KEGG_2021_Human,Kaposi sarcoma-associated herpesvirus infection,1/193,0.101197485556128,0.1261242933762089,0,0,10.3109375,23.619072425294277,ANGPT2,full_panel
KEGG_2021_Human,Pathogenic Escherichia coli infection,1/197,0.1031926036714436,0.1261242933762089,0,0,10.098469387755102,22.93522053097424,CLDN5,full_panel
KEGG_2021_Human,Rap1 signaling pathway,1/210,0.1096489650693884,0.1269619595540287,0,0,9.464114832535886,20.920153674500032,ANGPT2,full_panel
KEGG_2021_Human,Ras signaling pathway,1/232,0.1204789210594549,0.1325268131654004,0,0,8.553246753246754,18.10106906172801,ANGPT2,full_panel
KEGG_2021_Human,MAPK signaling pathway,1/294,0.1503585765234737,0.1575185087388772,0,0,6.722184300341297,12.73673990495629,ANGPT2,full_panel
KEGG_2021_Human,PI3K-Akt signaling pathway,1/354,0.178392738967805,0.178392738967805,0,0,5.562606232294618,9.588641287683966,ANGPT2,full_panel
Reactome_2022,Complement Cascade R-HSA-166658,2/55,0.00040193981025798,0.0229105691847048,0,0,83.58909853249476,653.6005652009715,FCN3;PROS1,full_panel
Reactome_2022,Innate Immune System R-HSA-168249,4/1035,0.0017554851888577,0.0250108255519243,0,0,10.507413052514895,66.66964088587542,FCN3;TINAGL1;PROS1;HEXB,full_panel
Reactome_2022,Cell Surface Interactions At Vascular Wall R-HSA-202733,2/134,0.0023554338192288,0.0250108255519243,0,0,33.42929292929293,202.2816663112128,ANGPT2;PROS1,full_panel
Reactome_2022,Ficolins Bind To Repetitive Carbohydrate Structures On Target Cell Surface R-HSA-2855086,1/5,0.0027472053583369,0.0250108255519243,0,0,499.625,2946.374119506432,FCN3,full_panel
Reactome_2022,RUNX1 Regulates Expression Of Components Of Tight Junctions R-HSA-8935964,1/5,0.0027472053583369,0.0250108255519243,0,0,499.625,2946.374119506432,CLDN5,full_panel
Reactome_2022,Metabolism R-HSA-1430728,5/2049,0.0030542790211234,0.0250108255519243,0,0,7.316128506196999,42.36924910506974,CKMT2;MCEE;SLC37A2;TINAGL1;HEXB,full_panel
Reactome_2022,Lectin Pathway Of Complement Activation R-HSA-166662,1/8,0.004392244396163,0.0250108255519243,0,0,285.45714285714286,1549.43708775113,FCN3,full_panel
Reactome_2022,Transport Of Gamma-Carboxylated Protein Precursors From Endoplasmic Reticulum To Golgi Apparatus R-HSA-159763,1/9,0.004940042922945,0.0250108255519243,0,0,249.7625,1326.3340991921912,PROS1,full_panel
Reactome_2022,Creatine Metabolism R-HSA-71288,1/10,0.0054875676690229,0.0250108255519243,0,0,222.0,1155.5699775561973,CKMT2,full_panel
Reactome_2022,Removal Of Aminoterminal Propeptides From Gamma-Carboxylated Proteins R-HSA-159782,1/10,0.0054875676690229,0.0250108255519243,0,0,222.0,1155.5699775561973,PROS1,full_panel
Reactome_2022,Urea Cycle R-HSA-70635,1/10,0.0054875676690229,0.0250108255519243,0,0,222.0,1155.5699775561973,TINAGL1,full_panel
Reactome_2022,Gamma-carboxylation Of Protein Precursors R-HSA-159740,1/10,0.0054875676690229,0.0250108255519243,0,0,222.0,1155.5699775561973,PROS1,full_panel
Reactome_2022,"Gamma-carboxylation, Transport, And Amino-Terminal Cleavage Of Proteins R-HSA-159854",1/11,0.0060348187277604,0.0250108255519243,0,0,199.79,1020.9687483548148,PROS1,full_panel
Reactome_2022,Keratan Sulfate Degradation R-HSA-2022857,1/12,0.0065817961978748,0.0250108255519243,0,0,181.61818181818185,912.3494182081016,HEXB,full_panel
Reactome_2022,Hyaluronan Uptake And Degradation R-HSA-2160916,1/12,0.0065817961978748,0.0250108255519243,0,0,181.61818181818185,912.3494182081016,HEXB,full_panel
Reactome_2022,Creation Of C4 And C2 Activators R-HSA-166786,1/14,0.0076749307875411,0.0257335914641085,0,0,153.66153846153847,748.3003458854362,FCN3,full_panel
Reactome_2022,CS/DS Degradation R-HSA-2024101,1/14,0.0076749307875411,0.0257335914641085,0,0,153.66153846153847,748.3003458854362,HEXB,full_panel
Reactome_2022,Hyaluronan Metabolism R-HSA-2142845,1/16,0.0087669723009575,0.0277620789530321,0,0,133.16,630.7474630602054,HEXB,full_panel
Reactome_2022,Tie2 Signaling R-HSA-210993,1/17,0.0093125834341288,0.0279377503023865,0,0,124.83125,583.7594513941907,ANGPT2,full_panel
Reactome_2022,Metabolism Of Carbohydrates R-HSA-71387,2/285,0.0102236281124346,0.0291373401204387,0,0,15.473890851982723,70.91767358892629,SLC37A2;HEXB,full_panel
Reactome_2022,Intrinsic Pathway Of Fibrin Clot Formation R-HSA-140837,1/21,0.0114922998030339,0.0297755040351335,0,0,99.845,445.9155629250324,PROS1,full_panel
Reactome_2022,Initial Triggering Of Complement R-HSA-166663,1/21,0.0114922998030339,0.0297755040351335,0,0,99.845,445.9155629250324,FCN3,full_panel
Reactome_2022,Common Pathway Of Fibrin Clot Formation R-HSA-140875,1/22,0.0120365474388125,0.0298297045222745,0,0,95.08571428571427,420.260566245477,PROS1,full_panel
Reactome_2022,Metabolism Of Amino Acids And Derivatives R-HSA-71291,2/364,0.0162989124538507,0.0366536924283718,0,0,12.048496009821976,49.59952416138192,CKMT2;TINAGL1,full_panel
Reactome_2022,Tight Junction Interactions R-HSA-420029,1/30,0.0163807339505408,0.0366536924283718,0,0,68.82758620689656,282.994903106762,CLDN5,full_panel
Reactome_2022,Immune System R-HSA-168256,4/1943,0.0167617457843313,0.0366536924283718,0,0,5.319384071318058,21.74913173572813,FCN3;TINAGL1;PROS1;HEXB,full_panel
Reactome_2022,Gluconeogenesis R-HSA-70263,1/32,0.0174640642408144,0.0366536924283718,0,0,64.38064516129032,260.5877419554691,SLC37A2,full_panel
Reactome_2022,Keratan Sulfate/Keratin Metabolism R-HSA-1638074,1/33,0.0180053225963931,0.0366536924283718,0,0,62.365625,250.52819538044847,HEXB,full_panel
Reactome_2022,Mitochondrial Fatty Acid Beta-Oxidation R-HSA-77289,1/36,0.0196274719399136,0.03831852908272,0,0,57.011428571428574,224.10195239289595,MCEE,full_panel
Reactome_2022,Formation Of Fibrin Clot (Clotting Cascade) R-HSA-140877,1/37,0.0201676468856421,0.03831852908272,0,0,55.425,216.36122001333428,PROS1,full_panel
Reactome_2022,Diseases Associated With Glycosaminoglycan Metabolism R-HSA-3560782,1/40,0.0217865488821679,0.040059138267212,0,0,51.15384615384615,195.7382752343542,HEXB,full_panel
Reactome_2022,"Gamma Carboxylation, Hypusine Formation And Arylsulfatase Activation R-HSA-163841",1/42,0.0228644657337732,0.0407273295882835,0,0,48.65365853658537,183.82185575175376,PROS1,full_panel
Reactome_2022,Glycosphingolipid Metabolism R-HSA-1660662,1/45,0.02447931669919,0.0410388544662891,0,0,45.32954545454545,168.16929253740548,HEXB,full_panel
Reactome_2022,Regulation Of Complement Cascade R-HSA-977606,1/45,0.02447931669919,0.0410388544662891,0,0,45.32954545454545,168.16929253740548,PROS1,full_panel
Reactome_2022,Neutrophil Degranulation R-HSA-6798695,2/468,0.0261317171390991,0.0425573679122471,0,0,9.309966618979496,33.93115541748625,TINAGL1;HEXB,full_panel
Reactome_2022,Chondroitin Sulfate/Dermatan Sulfate Metabolism R-HSA-1793185,1/50,0.0271653448579923,0.0430117960251546,0,0,40.69387755102041,146.73452100035948,HEXB,full_panel
Reactome_2022,Cell-cell Junction Organization R-HSA-421270,1/61,0.0330509575559811,0.0509163400186736,0,0,33.215,113.25334294423654,CLDN5,full_panel
Reactome_2022,Hemostasis R-HSA-109582,2/576,0.0383383423623972,0.0575075135435959,0,0,7.516453735965931,24.513446478965008,ANGPT2;PROS1,full_panel
Reactome_2022,Cell Junction Organization R-HSA-446728,1/86,0.0463071568006132,0.0665742596950599,0,0,23.416470588235292,71.94614007723759,CLDN5,full_panel
Reactome_2022,Sphingolipid Metabolism R-HSA-428157,1/89,0.0478867482017097,0.0665742596950599,0,0,22.61477272727273,68.72440526863295,HEXB,full_panel
Reactome_2022,Glucose Metabolism R-HSA-70326,1/89,0.0478867482017097,0.0665742596950599,0,0,22.61477272727273,68.72440526863295,SLC37A2,full_panel
Reactome_2022,Metabolism Of Lipids R-HSA-556833,2/732,0.0591111271999481,0.0802222440570725,0,0,5.862709284627093,16.581712283013335,MCEE;HEXB,full_panel
Reactome_2022,Glycosaminoglycan Metabolism R-HSA-1630316,1/120,0.0640704919510496,0.0830004100274961,0,0,16.69747899159664,45.88085464119431,HEXB,full_panel
Reactome_2022,Cell-Cell Communication R-HSA-1500931,1/120,0.0640704919510496,0.0830004100274961,0,0,16.69747899159664,45.88085464119431,CLDN5,full_panel
Reactome_2022,Platelet Degranulation R-HSA-114608,1/125,0.0666572249433412,0.0844324849282322,0,0,16.02016129032258,43.38567003358629,PROS1,full_panel
Reactome_2022,Response To Elevated Platelet Cytosolic Ca2+ R-HSA-76005,1/130,0.0692374571025659,0.0857942403227447,0,0,15.395348837209305,41.1088648413353,PROS1,full_panel
Reactome_2022,Diseases Of Glycosylation R-HSA-3781865,1/143,0.0759157422387066,0.0920680278214101,0,0,13.976760563380282,36.0339226016509,HEXB,full_panel
Reactome_2022,Fatty Acid Metabolism R-HSA-8978868,1/173,0.0911612354100186,0.1082539670493972,0,0,11.521511627906976,27.5954665588185,MCEE,full_panel
Reactome_2022,Transcriptional Regulation By RUNX1 R-HSA-8878171,1/204,0.1066743752083199,0.1240905997321272,0,0,9.74679802955665,21.81308356459046,CLDN5,full_panel
Reactome_2022,Diseases Of Metabolism R-HSA-5668914,1/247,0.1277941711931483,0.145685355160189,0,0,8.02560975609756,16.511362606004123,HEXB,full_panel
Reactome_2022,"Platelet Activation, Signaling And Aggregation R-HSA-76002",1/254,0.1311889883268698,0.1466229869535604,0,0,7.800790513833992,15.844313049715986,PROS1,full_panel
Reactome_2022,Generic Transcription Pathway R-HSA-212436,1/1190,0.4908195017200664,0.5380136845777651,0,0,1.5811606391925987,1.1252785575039292,CLDN5,full_panel
Reactome_2022,RNA Polymerase II Transcription R-HSA-73857,1/1312,0.5260005205696285,0.5656986730654495,0,0,1.4247139588100686,0.9153118660680674,CLDN5,full_panel
Reactome_2022,Post-translational Protein Modification R-HSA-597592,1/1383,0.5454426995406042,0.5757450717373045,0,0,1.346382054992764,0.8161196091974587,PROS1,full_panel
Reactome_2022,Gene Expression (Transcription) R-HSA-74160,1/1449,0.5628625589346131,0.5833302883504172,0,0,1.2804558011049725,0.7359033061698551,CLDN5,full_panel
Reactome_2022,Disease R-HSA-1643685,1/1736,0.6317758425106261,0.6430575539840301,0,0,1.0521037463976946,0.4831477424272601,HEXB,full_panel
Reactome_2022,Metabolism Of Proteins R-HSA-392499,1/1890,0.6645333469321447,0.6645333469321447,0,0,0.958178930651138,0.3915791930408024,PROS1,full_panel
DisGeNET,Uremia,2/67,0.0005962943570062423,0.099933041765513,0,0,68.11623931623932,505.7478274154551,ANGPT2;PROS1,full_panel
DisGeNET,Respiratory Tract Infections,2/70,0.0006507263545424821,0.099933041765513,0,0,65.10130718954248,477.6757213148116,FCN3;PROS1,full_panel
DisGeNET,Retinal Diseases,3/355,0.0008230384224842788,0.099933041765513,0,0,20.920099431818183,148.58516672375978,ANGPT2;PROS1;HEXB,full_panel
DisGeNET,ovarian neoplasm,4/938,0.0012171207807691,0.099933041765513,0,0,11.657999388192108,78.23994920568406,FCN3;ANGPT2;PROS1;SOHLH2,full_panel
DisGeNET,Myocardial Infarction,4/966,0.0013583403719097,0.099933041765513,0,0,11.3020493020493,74.61038397326827,CLDN5;FCN3;ANGPT2;PROS1,full_panel
DisGeNET,Malignant neoplasm of ovary,5/2026,0.0029044264127225,0.099933041765513,0,0,7.408873494969487,43.279077930442654,CLDN5;FCN3;ANGPT2;PROS1;SOHLH2,full_panel
DisGeNET,"Blindness, Legal",2/158,0.0032549510924288,0.099933041765513,0,0,28.252136752136757,161.8163177282467,PROS1;HEXB,full_panel
DisGeNET,Bacteriuria,1/6,0.0032958256764104,0.099933041765513,0,0,399.68,2284.210591570385,EMP1,full_panel
DisGeNET,Disorder of soft tissue,1/6,0.0032958256764104,0.099933041765513,0,0,399.68,2284.210591570385,PROS1,full_panel
DisGeNET,Superficial thrombophlebitis,1/6,0.0032958256764104,0.099933041765513,0,0,399.68,2284.210591570385,PROS1,full_panel
DisGeNET,Blindness,2/164,0.0035013657715096,0.099933041765513,0,0,27.19753086419753,153.79121693921118,PROS1;HEXB,full_panel
DisGeNET,Secondary malignant neoplasm of lymph node,4/1271,0.0037323890095153,0.099933041765513,0,0,8.443792986807983,47.20677057550429,CLDN5;ANGPT2;PROS1;EMP1,full_panel
DisGeNET,Ovarian Carcinoma,5/2203,0.0042107678031127,0.099933041765513,0,0,6.745147103427359,36.89669845579995,CLDN5;FCN3;ANGPT2;PROS1;SOHLH2,full_panel
DisGeNET,Caroli Disease,1/8,0.004392244396163,0.099933041765513,0,0,285.45714285714286,1549.43708775113,ANGPT2,full_panel
DisGeNET,"Respiratory Distress Syndrome, Adult",2/186,0.0044773850945065,0.099933041765513,0,0,23.919082125603865,129.37152428446078,ANGPT2;PROS1,full_panel
DisGeNET,"Gangliosidoses, GM2",1/9,0.004940042922945,0.099933041765513,0,0,249.7625,1326.3340991921912,HEXB,full_panel
DisGeNET,Capillary Leak Syndrome,1/9,0.004940042922945,0.099933041765513,0,0,249.7625,1326.3340991921912,ANGPT2,full_panel
DisGeNET,Cherry red spot of the macula,1/9,0.004940042922945,0.099933041765513,0,0,249.7625,1326.3340991921912,HEXB,full_panel
DisGeNET,Neurogenic hypertension,1/9,0.004940042922945,0.099933041765513,0,0,249.7625,1326.3340991921912,ANGPT2,full_panel
DisGeNET,Femoral artery occlusion,1/10,0.0054875676690229,0.099933041765513,0,0,222.0,1155.5699775561973,ANGPT2,full_panel
DisGeNET,Infections specific to perinatal period,1/10,0.0054875676690229,0.099933041765513,0,0,222.0,1155.5699775561973,FCN3,full_panel
DisGeNET,Arterial thrombosis,1/11,0.0060348187277604,0.099933041765513,0,0,199.79,1020.9687483548148,PROS1,full_panel
DisGeNET,Tay-Sachs Disease,1/12,0.0065817961978748,0.099933041765513,0,0,181.61818181818185,912.3494182081016,HEXB,full_panel
DisGeNET,Recurrent chest infections,1/13,0.00712850018242,0.099933041765513,0,0,166.475,822.994869532877,FCN3,full_panel
DisGeNET,"Pneumonia, Ventilator-Associated",1/13,0.00712850018242,0.099933041765513,0,0,166.475,822.994869532877,ANGPT2,full_panel
DisGeNET,Inflammatory neuropathy,1/14,0.0076749307875411,0.099933041765513,0,0,153.66153846153847,748.3003458854362,CLDN5,full_panel
DisGeNET,"Lymphoma, Extranodal NK-T-Cell",1/14,0.0076749307875411,0.099933041765513,0,0,153.66153846153847,748.3003458854362,TINAGL1,full_panel
DisGeNET,Endothelial dysfunction,2/262,0.0086972117294493,0.099933041765513,0,0,16.86239316239316,80.00788709705736,CLDN5;ANGPT2,full_panel
DisGeNET,Recurrent lower respiratory tract infection,1/16,0.0087669723009575,0.099933041765513,0,0,133.16,630.7474630602054,FCN3,full_panel
DisGeNET,Focal Nodular Hyperplasia,1/16,0.0087669723009575,0.099933041765513,0,0,133.16,630.7474630602054,ANGPT2,full_panel
DisGeNET,Focal nodular hyperplasia of liver,1/16,0.0087669723009575,0.099933041765513,0,0,133.16,630.7474630602054,ANGPT2,full_panel
DisGeNET,Vitamin K Deficiency,1/16,0.0087669723009575,0.099933041765513,0,0,133.16,630.7474630602054,PROS1,full_panel
DisGeNET,Pathologic Neovascularization,1/17,0.0093125834341288,0.099933041765513,0,0,124.83125,583.7594513941907,ANGPT2,full_panel
DisGeNET,Primary cutaneous B-cell lymphoma,1/18,0.0098579216348164,0.099933041765513,0,0,117.48235294117649,542.7073703814344,ANGPT2,full_panel
DisGeNET,Anaplasia,2/283,0.0100864407254377,0.099933041765513,0,0,15.58560695927244,71.64022832647571,ANGPT2;PROS1,full_panel
DisGeNET,Thromboembolism,1/19,0.0104029870187894,0.099933041765513,0,0,110.95,506.5602322657193,PROS1,full_panel
DisGeNET,Thrombosis of cerebral veins,1/19,0.0104029870187894,0.099933041765513,0,0,110.95,506.5602322657193,PROS1,full_panel
DisGeNET,Infective cystitis,1/19,0.0104029870187894,0.099933041765513,0,0,110.95,506.5602322657193,EMP1,full_panel
DisGeNET,Aortic Rupture,1/19,0.0104029870187894,0.099933041765513,0,0,110.95,506.5602322657193,ANGPT2,full_panel
DisGeNET,Warts,1/20,0.0109477797028559,0.099933041765513,0,0,105.10526315789474,474.5101770765117,FCN3,full_panel
DisGeNET,Ketonuria,1/20,0.0109477797028559,0.099933041765513,0,0,105.10526315789474,474.5101770765117,MCEE,full_panel
DisGeNET,Endometrial Endometrioid Adenocarcinoma,1/20,0.0109477797028559,0.099933041765513,0,0,105.10526315789474,474.5101770765117,ANGPT2,full_panel
DisGeNET,Sandhoff Disease,1/21,0.0114922998030339,0.099933041765513,0,0,99.845,445.9155629250324,HEXB,full_panel
DisGeNET,Slow acetylator due to N-acetyltransferase enzyme variant,1/21,0.0114922998030339,0.099933041765513,0,0,99.845,445.9155629250324,EMP1,full_panel
DisGeNET,Diabetic peripheral neuropathy,1/21,0.0114922998030339,0.099933041765513,0,0,99.845,445.9155629250324,FCN3,full_panel
DisGeNET,"Oncocytoma, renal",1/21,0.0114922998030339,0.099933041765513,0,0,99.845,445.9155629250324,PROS1,full_panel
DisGeNET,Lower respiratory tract infection,1/22,0.0120365474388125,0.1024387016069152,0,0,95.08571428571427,420.260566245477,FCN3,full_panel
DisGeNET,Antibody Deficiency Syndrome,1/23,0.0125805227255512,0.1048376893795935,0,0,90.75909090909092,397.1259752205777,FCN3,full_panel
DisGeNET,"Hypotension, Orthostatic",1/26,0.0142108156769532,0.1075795846961625,0,0,79.856,339.6876146735057,HEXB,full_panel
DisGeNET,"Malaria, Vivax",1/26,0.0142108156769532,0.1075795846961625,0,0,79.856,339.6876146735057,ANGPT2,full_panel
DisGeNET,Episodic abdominal pain,1/27,0.014753702756032,0.1075795846961625,0,0,76.78076923076924,323.7277777065472,HEXB,full_panel
DisGeNET,Intermittent abdominal pain,1/27,0.014753702756032,0.1075795846961625,0,0,76.78076923076924,323.7277777065472,HEXB,full_panel
DisGeNET,Protein S Deficiency,1/27,0.014753702756032,0.1075795846961625,0,0,76.78076923076924,323.7277777065472,PROS1,full_panel
DisGeNET,Community acquired pneumonia,1/29,0.0158386617716755,0.1075795846961625,0,0,71.28928571428571,295.5155744703354,ANGPT2,full_panel
DisGeNET,Renal hypertension,1/29,0.0158386617716755,0.1075795846961625,0,0,71.28928571428571,295.5155744703354,ANGPT2,full_panel
DisGeNET,Methylmalonic aciduria,1/29,0.0158386617716755,0.1075795846961625,0,0,71.28928571428571,295.5155744703354,MCEE,full_panel
DisGeNET,Hereditary hemorrhagic telangiectasia,1/29,0.0158386617716755,0.1075795846961625,0,0,71.28928571428571,295.5155744703354,ANGPT2,full_panel
DisGeNET,Methylmalonic acidemia,1/30,0.0163807339505408,0.1075795846961625,0,0,68.82758620689656,282.994903106762,MCEE,full_panel
DisGeNET,Brain hemorrhage,1/30,0.0163807339505408,0.1075795846961625,0,0,68.82758620689656,282.994903106762,PROS1,full_panel
DisGeNET,Activated Protein C Resistance,1/31,0.016922534733464,0.1075795846961625,0,0,66.53,271.3831303578043,PROS1,full_panel
DisGeNET,Epithelial hyperplasia,1/33,0.0180053225963931,0.1075795846961625,0,0,62.365625,250.52819538044847,EMP1,full_panel
DisGeNET,"Cardiomyopathy, Familial Idiopathic",2/388,0.018389382897081,0.1075795846961625,0,0,11.285549798503167,45.096851568111575,CLDN5;ANGPT2,full_panel
DisGeNET,Anastomosis,1/34,0.0185463099170106,0.1075795846961625,0,0,60.47272727272728,241.13405880391545,PROS1,full_panel
DisGeNET,"Polyradiculoneuropathy, Chronic Inflammatory Demyelinating",1/35,0.0190870263243922,0.1075795846961625,0,0,58.69117647058823,232.34348501767585,CLDN5,full_panel
DisGeNET,"Prostate Cancer, Hereditary, 7",1/35,0.0190870263243922,0.1075795846961625,0,0,58.69117647058823,232.34348501767585,PROS1,full_panel
DisGeNET,Ovarian Hyperstimulation Syndrome,1/37,0.0201676468856421,0.1075795846961625,0,0,55.425,216.36122001333428,ANGPT2,full_panel
DisGeNET,Salivary Gland Pleomorphic Adenoma,1/37,0.0201676468856421,0.1075795846961625,0,0,55.425,216.36122001333428,PROS1,full_panel
DisGeNET,"Glomerulonephritis, Membranoproliferative",1/37,0.0201676468856421,0.1075795846961625,0,0,55.425,216.36122001333428,ANGPT2,full_panel
DisGeNET,Septic Shock,1/38,0.0207075512732703,0.1075795846961625,0,0,53.92432432432432,209.07845583696505,ANGPT2,full_panel
DisGeNET,Shprintzen syndrome,1/38,0.0207075512732703,0.1075795846961625,0,0,53.92432432432432,209.07845583696505,CLDN5,full_panel
DisGeNET,Prostatic Diseases,1/38,0.0207075512732703,0.1075795846961625,0,0,53.92432432432432,209.07845583696505,PROS1,full_panel
DisGeNET,Arteriovenous hemangioma,1/38,0.0207075512732703,0.1075795846961625,0,0,53.92432432432432,209.07845583696505,ANGPT2,full_panel
DisGeNET,Ovarian failure,1/39,0.0212471852336025,0.1075795846961625,0,0,52.502631578947366,202.2155053364779,SOHLH2,full_panel
DisGeNET,Benign Ovarian Neoplasm,1/39,0.0212471852336025,0.1075795846961625,0,0,52.502631578947366,202.2155053364779,SOHLH2,full_panel
DisGeNET,Stage 4S neuroblastoma,1/39,0.0212471852336025,0.1075795846961625,0,0,52.502631578947366,202.2155053364779,TINAGL1,full_panel
DisGeNET,Pyelonephritis,1/39,0.0212471852336025,0.1075795846961625,0,0,52.502631578947366,202.2155053364779,EMP1,full_panel
DisGeNET,Prostate cancer recurrent,1/40,0.0217865488821679,0.1075795846961625,0,0,51.15384615384615,195.7382752343542,PROS1,full_panel
DisGeNET,Chronic diarrhea,1/42,0.0228644657337732,0.1075795846961625,0,0,48.65365853658537,183.82185575175376,HEXB,full_panel
DisGeNET,Aortic aneurysm without mention of rupture NOS,1/42,0.0228644657337732,0.1075795846961625,0,0,48.65365853658537,183.82185575175376,ANGPT2,full_panel
DisGeNET,Ketotic hypoglycemia,1/43,0.0234030191755172,0.1075795846961625,0,0,47.49285714285714,178.3304657718936,MCEE,full_panel
DisGeNET,Dissection of aorta,1/43,0.0234030191755172,0.1075795846961625,0,0,47.49285714285714,178.3304657718936,ANGPT2,full_panel
DisGeNET,Proliferative retinopathy,1/43,0.0234030191755172,0.1075795846961625,0,0,47.49285714285714,178.3304657718936,ANGPT2,full_panel
DisGeNET,Pyruvate Carboxylase Deficiency Disease,1/43,0.0234030191755172,0.1075795846961625,0,0,47.49285714285714,178.3304657718936,PROS1,full_panel
DisGeNET,Autonomic nervous system disorders,1/44,0.0239413027935232,0.1075795846961625,0,0,46.38604651162791,173.11969096681065,ANGPT2,full_panel
DisGeNET,CARCINOMA OF VULVA,1/44,0.0239413027935232,0.1075795846961625,0,0,46.38604651162791,173.11969096681065,CLDN5,full_panel
DisGeNET,Diminished sweating,1/45,0.02447931669919,0.1075795846961625,0,0,45.32954545454545,168.16929253740548,HEXB,full_panel
DisGeNET,Purpura,1/45,0.02447931669919,0.1075795846961625,0,0,45.32954545454545,168.16929253740548,PROS1,full_panel
DisGeNET,Thrombus,1/46,0.0250170610222384,0.1075795846961625,0,0,44.32,163.46090194189088,PROS1,full_panel
DisGeNET,Hypohidrosis,1/46,0.0250170610222384,0.1075795846961625,0,0,44.32,163.46090194189088,HEXB,full_panel
DisGeNET,Moyamoya disease 1,1/46,0.0250170610222384,0.1075795846961625,0,0,44.32,163.46090194189088,ANGPT2,full_panel
DisGeNET,Disseminated Intravascular Coagulation,1/46,0.0250170610222384,0.1075795846961625,0,0,44.32,163.46090194189088,PROS1,full_panel
DisGeNET,Disseminated neuroblastoma,1/47,0.0255545358769434,0.1075795846961625,0,0,43.35434782608696,158.97781166869382,TINAGL1,full_panel
DisGeNET,Glioma,4/2211,0.0259605676491223,0.1075795846961625,0,0,4.604052042203379,16.810206718352408,CLDN5;ANGPT2;HEXB;EMP1,full_panel
DisGeNET,Corneal Neovascularization,1/48,0.0260917413851551,0.1075795846961625,0,0,42.42978723404255,154.70479323760136,ANGPT2,full_panel
DisGeNET,"stage, prostate cancer",1/50,0.0271653448579923,0.1075795846961625,0,0,40.69387755102041,146.73452100035948,PROS1,full_panel
DisGeNET,Erythroblastosis,1/50,0.0271653448579923,0.1075795846961625,0,0,40.69387755102041,146.73452100035948,PROS1,full_panel
DisGeNET,Idiopathic generalized epilepsy,1/50,0.0271653448579923,0.1075795846961625,0,0,40.69387755102041,146.73452100035948,PROS1,full_panel
DisGeNET,Moyamoya Disease,1/50,0.0271653448579923,0.1075795846961625,0,0,40.69387755102041,146.73452100035948,ANGPT2,full_panel
DisGeNET,Carcinosarcoma,1/50,0.0271653448579923,0.1075795846961625,0,0,40.69387755102041,146.73452100035948,ANGPT2,full_panel
DisGeNET,Muscular fasciculation,1/50,0.0271653448579923,0.1075795846961625,0,0,40.69387755102041,146.73452100035948,HEXB,full_panel
DisGeNET,Nephrosis,1/50,0.0271653448579923,0.1075795846961625,0,0,40.69387755102041,146.73452100035948,ANGPT2,full_panel
DisGeNET,Metaplasia,1/51,0.0277017430592618,0.1075795846961625,0,0,39.878,143.01287394480332,CLDN5,full_panel
DisGeNET,Angioimmunoblastic Lymphadenopathy,1/51,0.0277017430592618,0.1075795846961625,0,0,39.878,143.01287394480332,ANGPT2,full_panel
DisGeNET,"Prostate cancer, familial",1/53,0.0287737329936235,0.1106682038216291,0,0,38.340384615384615,136.0428936891653,PROS1,full_panel
DisGeNET,Cystitis,1/56,0.0303797035423347,0.1157322039707991,0,0,36.24363636363636,126.63456015986765,EMP1,full_panel
DisGeNET,Pneumocystis jiroveci pneumonia,1/57,0.0309144903817854,0.1163027627650343,0,0,35.59464285714286,123.7458530082544,EMP1,full_panel
DisGeNET,Hepatosplenomegaly,1/58,0.0314490090797197,0.1163027627650343,0,0,34.96842105263158,120.96932931919562,HEXB,full_panel
DisGeNET,Urinary Incontinence,1/59,0.0319832597603844,0.1163027627650343,0,0,34.36379310344827,118.2988232215442,HEXB,full_panel
DisGeNET,Well Differentiated Pancreatic Endocrine Tumor,1/59,0.0319832597603844,0.1163027627650343,0,0,34.36379310344827,118.2988232215442,ANGPT2,full_panel
DisGeNET,Anaplastic Oligodendroglioma,1/59,0.0319832597603844,0.1163027627650343,0,0,34.36379310344827,118.2988232215442,ANGPT2,full_panel
DisGeNET,Cavernous Hemangioma of Brain,1/60,0.03251724254582,0.1171792524173694,0,0,33.77966101694916,115.72860487101576,CLDN5,full_panel
DisGeNET,Retinopathy of Prematurity,1/64,0.0346504971189346,0.1237517754247665,0,0,31.62857142857143,106.3492751339043,ANGPT2,full_panel
DisGeNET,Thyroid Nodule,1/66,0.0357155201450245,0.123923524847373,0,0,30.65230769230769,102.13869848967184,ANGPT2,full_panel
DisGeNET,Congenital arteriovenous malformation,1/66,0.0357155201450245,0.123923524847373,0,0,30.65230769230769,102.13869848967184,ANGPT2,full_panel
DisGeNET,Shigella Infections,1/66,0.0357155201450245,0.123923524847373,0,0,30.65230769230769,102.13869848967184,EMP1,full_panel
DisGeNET,Tongue Carcinoma,1/67,0.0362476310178566,0.123923524847373,0,0,30.18636363636364,100.13967676460432,PROS1,full_panel
DisGeNET,Cerebral Hemorrhage,1/67,0.0362476310178566,0.123923524847373,0,0,30.18636363636364,100.13967676460432,PROS1,full_panel
DisGeNET,Thin skin,1/68,0.0367794749552908,0.1246761862891213,0,0,29.734328358208955,98.20699568293152,PROS1,full_panel
DisGeNET,"Angina, Unstable",1/70,0.0378423625037638,0.1261412083458793,0,0,28.869565217391305,94.52837096535384,ANGPT2,full_panel
DisGeNET,Metabolic acidosis,1/70,0.0378423625037638,0.1261412083458793,0,0,28.869565217391305,94.52837096535384,MCEE,full_panel
DisGeNET,Marfan Syndrome,1/73,0.0394346948215383,0.1282429099887427,0,0,27.6625,89.43588520720674,ANGPT2,full_panel
DisGeNET,Urinary tract infection,1/73,0.0394346948215383,0.1282429099887427,0,0,27.6625,89.43588520720674,EMP1,full_panel
DisGeNET,Inborn Errors of Metabolism,1/73,0.0394346948215383,0.1282429099887427,0,0,27.6625,89.43588520720674,HEXB,full_panel
DisGeNET,Chronic heart failure,1/74,0.0399649396748714,0.1289191602415208,0,0,27.28219178082192,87.84191112168185,ANGPT2,full_panel
DisGeNET,Angiogenic Switch,1/75,0.0404949184271054,0.1295837389667373,0,0,26.91216216216216,86.2959682120762,ANGPT2,full_panel
DisGeNET,Stable angina,1/76,0.0410246312082467,0.1302369244706246,0,0,26.552,84.79600603121183,ANGPT2,full_panel
DisGeNET,Pulmonary Embolism,1/78,0.0420832593305425,0.1311143843355054,0,0,25.85974025974026,81.92637908684091,PROS1,full_panel
DisGeNET,Lysosomal Storage Diseases,1/79,0.0426121749090392,0.1311143843355054,0,0,25.52692307692308,80.55314827174135,HEXB,full_panel
DisGeNET,"Glioblastoma, IDH-Wildtype",1/79,0.0426121749090392,0.1311143843355054,0,0,25.52692307692308,80.55314827174135,ANGPT2,full_panel
DisGeNET,Chronic granulomatous disease,1/79,0.0426121749090392,0.1311143843355054,0,0,25.52692307692308,80.55314827174135,EMP1,full_panel
DisGeNET,Malignant neoplasm of tongue,1/82,0.0441973291518992,0.1349536767996924,0,0,24.57777777777778,76.6603234550211,PROS1,full_panel
DisGeNET,Thrombophilia,1/84,0.0452527727730833,0.1360985647310776,0,0,23.98313253012048,74.23957890820988,PROS1,full_panel
DisGeNET,Venous Thromboembolism,1/84,0.0452527727730833,0.1360985647310776,0,0,23.98313253012048,74.23957890820988,PROS1,full_panel
DisGeNET,Recurrent urinary tract infection,1/86,0.0463071568006132,0.1363739434263511,0,0,23.416470588235292,71.94614007723759,EMP1,full_panel
DisGeNET,"Malaria, Cerebral",1/86,0.0463071568006132,0.1363739434263511,0,0,23.416470588235292,71.94614007723759,ANGPT2,full_panel
DisGeNET,Neoplasm Metastasis,5/3920,0.04658313908556,0.1363739434263511,0,0,3.421455938697318,10.491951519507214,CLDN5;ANGPT2;TINAGL1;PROS1;EMP1,full_panel
DisGeNET,Hemangiosarcoma,1/87,0.0468339517645743,0.1363739434263511,0,0,23.143023255813954,70.84419329504821,ANGPT2,full_panel
DisGeNET,"Myoclonic Epilepsies, Progressive",1/88,0.0473604821923678,0.1363739434263511,0,0,22.87586206896552,69.77062685533508,EMP1,full_panel
DisGeNET,Acute Kidney Insufficiency,1/89,0.0478867482017097,0.1363739434263511,0,0,22.61477272727273,68.72440526863295,HEXB,full_panel
DisGeNET,"Malaria, Falciparum",1/89,0.0478867482017097,0.1363739434263511,0,0,22.61477272727273,68.72440526863295,ANGPT2,full_panel
DisGeNET,Venous Thrombosis,1/90,0.0484127499163546,0.1363739434263511,0,0,22.359550561797757,67.70454183296923,PROS1,full_panel
DisGeNET,Dehydration,1/90,0.0484127499163546,0.1363739434263511,0,0,22.359550561797757,67.70454183296923,MCEE,full_panel
DisGeNET,Acute kidney injury,1/92,0.0494639609101419,0.1379797920545764,0,0,21.865934065934063,65.74016991684287,HEXB,full_panel
DisGeNET,Macroglossia,1/94,0.0505141161372029,0.1379797920545764,0,0,21.39354838709677,63.87049121569168,HEXB,full_panel
DisGeNET,Gastric ulcer,1/95,0.0510387981390416,0.1379797920545764,0,0,21.16489361702128,62.96913934936651,ANGPT2,full_panel
DisGeNET,Werner Syndrome,1/96,0.0515632165556114,0.1379797920545764,0,0,20.94105263157895,62.08910527455818,CKMT2,full_panel
DisGeNET,Cardiac fibrosis,1/96,0.0515632165556114,0.1379797920545764,0,0,20.94105263157895,62.08910527455818,ANGPT2,full_panel
DisGeNET,Aortic Aneurysm,1/96,0.0515632165556114,0.1379797920545764,0,0,20.94105263157895,62.08910527455818,ANGPT2,full_panel
DisGeNET,Hyperhidrosis disorder,1/97,0.0520873715006026,0.1379797920545764,0,0,20.721875,61.22967487540231,HEXB,full_panel
DisGeNET,Increased sweating,1/97,0.0520873715006026,0.1379797920545764,0,0,20.721875,61.22967487540231,HEXB,full_panel
DisGeNET,Sweating,1/97,0.0520873715006026,0.1379797920545764,0,0,20.721875,61.22967487540231,HEXB,full_panel
DisGeNET,Thrombosis,1/98,0.0526112631068001,0.1384506923863161,0,0,20.507216494845363,60.3901649352506,PROS1,full_panel
DisGeNET,"Hypertension, Portal",1/101,0.0541813590250602,0.1407308026624941,0,0,19.889,57.98475574455278,ANGPT2,full_panel
DisGeNET,Hemangioma,1/101,0.0541813590250602,0.1407308026624941,0,0,19.889,57.98475574455278,ANGPT2,full_panel
DisGeNET,Severe Sepsis,1/103,0.0552267750789663,0.1424585838143018,0,0,19.49705882352941,56.46947550554387,ANGPT2,full_panel
DisGeNET,Ischemia,1/104,0.0557490891026062,0.1424585838143018,0,0,19.306796116504856,55.73667787879545,ANGPT2,full_panel
DisGeNET,Biliary Atresia,1/105,0.0562711406066492,0.1424585838143018,0,0,19.120192307692307,55.01975823103713,ANGPT2,full_panel
DisGeNET,Premature Obstetric Labor,1/105,0.0562711406066492,0.1424585838143018,0,0,19.120192307692307,55.01975823103713,ANGPT2,full_panel
DisGeNET,Hairy Cell Leukemia,1/107,0.0573144565428046,0.14280424991907,0,0,18.75754716981132,53.63162372466097,HEXB,full_panel
DisGeNET,Tumor Promotion,1/108,0.0578357212172233,0.14280424991907,0,0,18.581308411214952,52.959491641957904,ANGPT2,full_panel
DisGeNET,Secondary Neoplasm,1/108,0.0578357212172233,0.14280424991907,0,0,18.581308411214952,52.959491641957904,PROS1,full_panel
DisGeNET,Vesico-Ureteral Reflux,1/108,0.0578357212172233,0.14280424991907,0,0,18.581308411214952,52.959491641957904,ANGPT2,full_panel
DisGeNET,"Abortion, Tubal",1/110,0.0588774645560401,0.1436035720879029,0,0,18.238532110091743,51.65693734856973,EMP1,full_panel
DisGeNET,Deep Vein Thrombosis,1/110,0.0588774645560401,0.1436035720879029,0,0,18.238532110091743,51.65693734856973,PROS1,full_panel
DisGeNET,Erythema,1/113,0.0604381163323424,0.1465166456541635,0,0,17.74732142857143,49.80138528268159,ANGPT2,full_panel
DisGeNET,Adenocarcinoma,3/1712,0.0613665859254898,0.1478712913867225,0,0,4.01111761263897,11.19458721217729,CLDN5;ANGPT2;PROS1,full_panel
DisGeNET,Ischemic cardiomyopathy,1/116,0.0619964150731446,0.1484944073608254,0,0,17.281739130434783,48.05496419291303,ANGPT2,full_panel
DisGeNET,Erectile dysfunction,1/118,0.0630339752254168,0.1491928407702174,0,0,16.984615384615385,46.94685961789818,HEXB,full_panel
DisGeNET,Anorexia,1/118,0.0630339752254168,0.1491928407702174,0,0,16.984615384615385,46.94685961789818,TINAGL1,full_panel
DisGeNET,"Infarction, Middle Cerebral Artery",1/119,0.0635523639651725,0.1495349740357002,0,0,16.839830508474577,46.408738746473205,CLDN5,full_panel
DisGeNET,Cerebrovascular accident,2/768,0.064374550891187,0.1505340258692496,0,0,5.576733391354801,15.297185454263344,CLDN5;ANGPT2,full_panel
DisGeNET,Hyperammonemia,1/122,0.0651059661884504,0.1505340258692496,0,0,16.419834710743803,44.85470428875659,MCEE,full_panel
DisGeNET,Pilocytic Astrocytoma,1/122,0.0651059661884504,0.1505340258692496,0,0,16.419834710743803,44.85470428875659,ANGPT2,full_panel
DisGeNET,Polycystic Kidney Diseases,1/124,0.0661403988818775,0.1520255824056584,0,0,16.151219512195123,43.86631714557356,ANGPT2,full_panel
DisGeNET,Peripheral Arterial Diseases,1/125,0.0666572249433412,0.1520255824056584,0,0,16.02016129032258,43.38567003358629,ANGPT2,full_panel
DisGeNET,Cardiovascular Diseases,2/787,0.0672176884648637,0.1520255824056584,0,0,5.436376503892427,14.677231733106018,ANGPT2;PROS1,full_panel
DisGeNET,Interstitial lung fibrosis,1/127,0.0676900970783306,0.1520255824056584,0,0,15.764285714285714,42.45031112549025,ANGPT2,full_panel
DisGeNET,Peritonitis,1/128,0.0682061433941627,0.1520255824056584,0,0,15.639370078740155,41.99515931789825,ANGPT2,full_panel
DisGeNET,tumor vasculature,1/129,0.06872193003096,0.1520255824056584,0,0,15.51640625,41.54807800311569,ANGPT2,full_panel
DisGeNET,early pregnancy,1/129,0.06872193003096,0.1520255824056584,0,0,15.51640625,41.54807800311569,ANGPT2,full_panel
DisGeNET,Tauopathies,1/130,0.0692374571025659,0.1520255824056584,0,0,15.395348837209305,41.1088648413353,PROS1,full_panel
DisGeNET,HIV Infections,2/806,0.0701045364264023,0.1520255824056584,0,0,5.302653399668325,14.093221319106169,HEXB;EMP1,full_panel
DisGeNET,PACHYONYCHIA CONGENITA 3,1/133,0.0707824821112975,0.1520255824056584,0,0,15.043181818181818,39.836507711922266,PROS1,full_panel
DisGeNET,Tumor Immunity,1/134,0.0712969721127626,0.1520255824056584,0,0,14.929323308270677,39.42687111437837,PROS1,full_panel
DisGeNET,Middle Cerebral Artery Occlusion,1/135,0.0718112031348333,0.1520255824056584,0,0,14.817164179104475,39.02418433444003,ANGPT2,full_panel
DisGeNET,Mycoses,1/135,0.0718112031348333,0.1520255824056584,0,0,14.817164179104475,39.02418433444003,EMP1,full_panel
DisGeNET,Neurilemmoma,1/135,0.0718112031348333,0.1520255824056584,0,0,14.817164179104475,39.02418433444003,ANGPT2,full_panel
DisGeNET,Hormone refractory prostate cancer,1/135,0.0718112031348333,0.1520255824056584,0,0,14.817164179104475,39.02418433444003,PROS1,full_panel
DisGeNET,Psoriasis,2/818,0.071949866633235,0.1520255824056584,0,0,5.22140522875817,13.741619611055205,ANGPT2;PROS1,full_panel
DisGeNET,Rheumatoid Arthritis,3/1833,0.0725594547494956,0.1520255824056584,0,0,3.721106557377049,9.761761120349044,ANGPT2;TINAGL1;HEXB,full_panel
DisGeNET,Ureteral obstruction,1/138,0.0733523435107302,0.1520255824056584,0,0,14.49051094890511,37.8561820013699,ANGPT2,full_panel
DisGeNET,Spontaneous abortion,1/138,0.0733523435107302,0.1520255824056584,0,0,14.49051094890511,37.8561820013699,EMP1,full_panel
DisGeNET,Psoriasis vulgaris,1/138,0.0733523435107302,0.1520255824056584,0,0,14.49051094890511,37.8561820013699,PROS1,full_panel
DisGeNET,Acid reflux,1/140,0.0743784776967384,0.1531037132879575,0,0,14.280575539568344,37.10934161629211,MCEE,full_panel
DisGeNET,Lymphatic Metastasis,1/142,0.075403578794319,0.1531037132879575,0,0,14.076595744680851,36.38659995556786,ANGPT2,full_panel
DisGeNET,Vascular inflammations,1/142,0.075403578794319,0.1531037132879575,0,0,14.076595744680851,36.38659995556786,ANGPT2,full_panel
DisGeNET,Clear-cell metastatic renal cell carcinoma,1/142,0.075403578794319,0.1531037132879575,0,0,14.076595744680851,36.38659995556786,ANGPT2,full_panel
DisGeNET,Leprosy,1/143,0.0759157422387066,0.1533651358357709,0,0,13.976760563380282,36.0339226016509,FCN3,full_panel
DisGeNET,Chromophobe Renal Cell Carcinoma,1/149,0.0789833105680655,0.1575508074552968,0,0,13.406081081081082,34.031587618122906,PROS1,full_panel
DisGeNET,Thickened facial skin with coarse facial features,1/151,0.0800037743240655,0.1575508074552968,0,0,13.226,33.40466307421403,HEXB,full_panel
DisGeNET,Pulmonary Hypertension,1/151,0.0800037743240655,0.1575508074552968,0,0,13.226,33.40466307421403,ANGPT2,full_panel
DisGeNET,Coarse facial features,1/152,0.0805136206673201,0.1575508074552968,0,0,13.13774834437086,33.09830919045184,HEXB,full_panel
DisGeNET,Pre-Eclampsia,1/152,0.0805136206673201,0.1575508074552968,0,0,13.13774834437086,33.09830919045184,ANGPT2,full_panel
DisGeNET,Aneurysm,1/152,0.0805136206673201,0.1575508074552968,0,0,13.13774834437086,33.09830919045184,ANGPT2,full_panel
DisGeNET,Familial lichen amyloidosis,1/153,0.0810232101444098,0.1575508074552968,0,0,13.050657894736842,32.79655934812105,PROS1,full_panel
DisGeNET,"Breast Cancer, Familial",1/154,0.081532542858116,0.1575508074552968,0,0,12.96470588235294,32.49931587760663,ANGPT2,full_panel
DisGeNET,Premature Menopause,1/154,0.081532542858116,0.1575508074552968,0,0,12.96470588235294,32.49931587760663,SOHLH2,full_panel
DisGeNET,Focal glomerulosclerosis,1/155,0.082041618927272,0.1577723440909078,0,0,12.87987012987013,32.20648378609581,ANGPT2,full_panel
DisGeNET,Mucocutaneous Lymph Node Syndrome,1/156,0.0825504384794836,0.1579912698171935,0,0,12.796129032258063,31.917970668797693,ANGPT2,full_panel
DisGeNET,leukemia,3/1941,0.0833262993356671,0.1587167606393659,0,0,3.492840557275542,8.67967756345459,CLDN5;ANGPT2;PROS1,full_panel
DisGeNET,Cardiomegaly,1/159,0.0840753591599023,0.1593845671277769,0,0,12.55126582278481,31.077458185860923,HEXB,full_panel
DisGeNET,Juvenile psoriatic arthritis,1/161,0.0850906924644583,0.1597947276327856,0,0,12.393125,30.537126243364614,PROS1,full_panel
DisGeNET,"Polycystic Kidney, Autosomal Dominant",1/161,0.0850906924644583,0.1597947276327856,0,0,12.393125,30.537126243364614,ANGPT2,full_panel
DisGeNET,Heartburn,1/162,0.0855979753157413,0.1599962155434418,0,0,12.31552795031056,30.27272103834212,MCEE,full_panel
DisGeNET,androgen independent prostate cancer,1/163,0.0861050024684553,0.1601953534296843,0,0,12.238888888888887,30.012053634065264,PROS1,full_panel
DisGeNET,Coronary heart disease,2/913,0.0871303349312829,0.1613524720949684,0,0,4.653738260763507,11.356750996302557,ANGPT2;PROS1,full_panel
DisGeNET,Alzheimer's Disease,3/1982,0.087600083549286,0.1614748083857807,0,0,3.4127084386053563,8.309854021791763,CLDN5;ANGPT2;EMP1,full_panel
DisGeNET,"Ataxias, Hereditary",1/167,0.0881305562754592,0.1617074427072647,0,0,11.94156626506024,29.005299838184783,HEXB,full_panel
DisGeNET,Juvenile-Onset Still Disease,1/168,0.0886363066082588,0.1617076735626368,0,0,11.869461077844312,28.762240982415527,PROS1,full_panel
DisGeNET,Cyst,1/169,0.0891418019446807,0.1617076735626368,0,0,11.798214285714286,28.52250037107005,ANGPT2,full_panel
DisGeNET,Complete atrioventricular block,1/170,0.0896470423587413,0.1617076735626368,0,0,11.727810650887577,28.286014139881967,ANGPT2,full_panel
DisGeNET,Blood Coagulation Disorders,1/171,0.09015202801117,0.1617076735626368,0,0,11.658235294117649,28.052720002675223,ANGPT2,full_panel
DisGeNET,Keloid,1/171,0.09015202801117,0.1617076735626368,0,0,11.658235294117649,28.052720002675223,ANGPT2,full_panel
DisGeNET,Prostatic Intraepithelial Neoplasias,1/174,0.0916654573897091,0.1631317257597491,0,0,11.454335260115608,27.371390211455186,PROS1,full_panel
DisGeNET,Drug Dependence,1/175,0.0921694250542582,0.1631317257597491,0,0,11.387931034482758,27.15027179086315,TINAGL1,full_panel
DisGeNET,"Ovarian Failure, Premature",1/175,0.0921694250542582,0.1631317257597491,0,0,11.387931034482758,27.15027179086315,SOHLH2,full_panel
DisGeNET,Refractory cancer,1/177,0.0931765978986689,0.1634677156116998,0,0,11.257386363636364,26.71668995033776,EMP1,full_panel
DisGeNET,Carcinoma of larynx,1/177,0.0931765978986689,0.1634677156116998,0,0,11.257386363636364,26.71668995033776,EMP1,full_panel
DisGeNET,Cerebrovascular Disorders,1/178,0.0936798032812871,0.1636328441594536,0,0,11.193220338983052,26.50412041350896,ANGPT2,full_panel
DisGeNET,insulinoma,1/181,0.0951878967829069,0.165544168318099,0,0,11.005,25.88268679130435,ANGPT2,full_panel
DisGeNET,Colon Carcinoma,3/2091,0.0994453348197003,0.172199713973507,0,0,3.214978448275862,7.420643453903498,ANGPT2;PROS1;HEXB,full_panel
DisGeNET,"Arthritis, Psoriatic",1/201,0.1051836949509205,0.1813511981912423,0,0,9.8945,22.28287885995274,ANGPT2,full_panel
DisGeNET,Renal fibrosis,1/202,0.105680839447583,0.1814263338155931,0,0,9.844776119402985,22.12447721137013,ANGPT2,full_panel
DisGeNET,Colorectal cancer metastatic,1/208,0.1086584371036748,0.1846140129614057,0,0,9.556521739130435,21.21113884815151,ANGPT2,full_panel
DisGeNET,Big calvaria,1/213,0.1111328808256919,0.1846140129614057,0,0,9.32877358490566,20.495583013545662,HEXB,full_panel
DisGeNET,Increased size of skull,1/213,0.1111328808256919,0.1846140129614057,0,0,9.32877358490566,20.495583013545662,HEXB,full_panel
DisGeNET,Breast Carcinoma,5/4963,0.1116167593484161,0.1846140129614057,0,0,2.5263883286271347,5.539571435076098,CLDN5;ANGPT2;TINAGL1;PROS1;EMP1,full_panel
DisGeNET,Intelligence,1/214,0.1116270195571742,0.1846140129614057,0,0,9.28450704225352,20.35713723528996,TINAGL1,full_panel
DisGeNET,Aortic Valve Insufficiency,1/214,0.1116270195571742,0.1846140129614057,0,0,9.28450704225352,20.35713723528996,PROS1,full_panel
DisGeNET,Increased head circumference,1/215,0.1121209085471433,0.1846140129614057,0,0,9.240654205607475,20.220191150159177,HEXB,full_panel
DisGeNET,Skeletal muscle atrophy,1/215,0.1121209085471433,0.1846140129614057,0,0,9.240654205607475,20.220191150159177,HEXB,full_panel
DisGeNET,"Neurogenic muscle atrophy, especially in the lower limbs",1/215,0.1121209085471433,0.1846140129614057,0,0,9.240654205607475,20.220191150159177,HEXB,full_panel
DisGeNET,Adenocarcinoma of prostate,1/216,0.1126145479064574,0.1846140129614057,0,0,9.19720930232558,20.084721938062454,PROS1,full_panel
DisGeNET,Dyslipidemias,1/216,0.1126145479064574,0.1846140129614057,0,0,9.19720930232558,20.084721938062454,ANGPT2,full_panel
DisGeNET,Nasal Polyps,1/219,0.1140939693759314,0.1862758683688676,0,0,9.06926605504587,19.68695399920425,EMP1,full_panel
DisGeNET,"Neoplasm, Residual",1/220,0.1145866113704056,0.1863196932852124,0,0,9.027397260273972,19.55717288750184,ANGPT2,full_panel
DisGeNET,Non-Small Cell Lung Carcinoma,3/2243,0.1170874495346296,0.1888148386287984,0,0,2.971372767857143,6.373101908051146,ANGPT2;TINAGL1;EMP1,full_panel
DisGeNET,Arteriosclerosis,2/1087,0.1172628015788312,0.1888148386287984,0,0,3.87178699436764,8.298547014774917,ANGPT2;PROS1,full_panel
DisGeNET,Graft-vs-Host Disease,1/226,0.1175372370464269,0.1888148386287984,0,0,8.784,18.806544742864613,ANGPT2,full_panel
DisGeNET,Neurogenic Muscular Atrophy,1/228,0.1185187907018542,0.1895591375507289,0,0,8.705726872246697,18.566562316427337,HEXB,full_panel
DisGeNET,Malignant neoplasm of breast,5/5054,0.1189483588130824,0.1895591375507289,0,0,2.465834818775995,5.2499246787823965,CLDN5;ANGPT2;TINAGL1;PROS1;EMP1,full_panel
DisGeNET,Ductal Carcinoma,1/230,0.1194993517397675,0.1896815106980437,0,0,8.62882096069869,18.33144978522568,ANGPT2,full_panel
DisGeNET,"Anemia, Sickle Cell",1/231,0.1199892603122087,0.1897063404145592,0,0,8.59086956521739,18.215676378264007,ANGPT2,full_panel
DisGeNET,Metastasis from malignant tumor of prostate,1/232,0.1204789210594549,0.1897305843455983,0,0,8.553246753246754,18.10106906172801,PROS1,full_panel
DisGeNET,IGA Glomerulonephritis,1/237,0.122923511564906,0.1928211946116173,0,0,8.369915254237288,17.544957550907927,ANGPT2,full_panel
DisGeNET,"Hepatitis B, Chronic",1/238,0.1234116878084848,0.1928307622007576,0,0,8.334177215189873,17.43701107096589,ANGPT2,full_panel
DisGeNET,Metastatic Prostate Carcinoma,1/241,0.1248747347838204,0.1936042399749153,0,0,8.22875,17.119454929894243,PROS1,full_panel
DisGeNET,Chondrosarcoma,1/241,0.1248747347838204,0.1936042399749153,0,0,8.22875,17.119454929894243,ANGPT2,full_panel
DisGeNET,Atherosclerosis,2/1134,0.1258470836886095,0.194358430407119,0,0,3.7018060463290143,7.672687973230063,ANGPT2;PROS1,full_panel
DisGeNET,Gastroesophageal reflux disease,1/246,0.1273082141620835,0.1958531359281966,0,0,8.058775510204082,16.610298800727964,MCEE,full_panel
DisGeNET,Diabetic Retinopathy,1/247,0.1277941711931483,0.1958531359281966,0,0,8.02560975609756,16.511362606004123,ANGPT2,full_panel
DisGeNET,Urothelial Carcinoma,1/257,0.1326402292481628,0.2017341889705897,0,0,7.708203125,15.57145567091446,CLDN5,full_panel
DisGeNET,Neuroendocrine Tumors,1/257,0.1326402292481628,0.2017341889705897,0,0,7.708203125,15.57145567091446,ANGPT2,full_panel
DisGeNET,Muscle degeneration,1/259,0.1336064985189914,0.2024340886651386,0,0,7.647674418604651,15.393670226175123,HEXB,full_panel
DisGeNET,Renal Insufficiency,1/263,0.1355361018640255,0.2045381832495164,0,0,7.5293893129770995,15.04761434661509,ANGPT2,full_panel
DisGeNET,Brain Ischemia,1/264,0.1360178918609284,0.2045381832495164,0,0,7.500380228136882,14.963024874022553,ANGPT2,full_panel
DisGeNET,Cerebral Ischemia,1/275,0.1413014945692657,0.2116876323135066,0,0,7.195255474452555,14.08010339743365,EMP1,full_panel
DisGeNET,Essential Hypertension,1/278,0.1427373701307457,0.2130408509414115,0,0,7.116245487364621,13.853543144407354,ANGPT2,full_panel
DisGeNET,Dysarthria,1/282,0.1446484755374902,0.2150009574972528,0,0,7.013523131672597,13.560287788646123,HEXB,full_panel
DisGeNET,Cerebral Infarction,1/283,0.1451256463106456,0.2150009574972528,0,0,6.988297872340426,13.488500773764908,EMP1,full_panel
DisGeNET,"Aortic Aneurysm, Abdominal",1/288,0.1475078722515412,0.2169233415463842,0,0,6.864808362369338,13.138376409766297,ANGPT2,full_panel
DisGeNET,Anoxia,1/288,0.1475078722515412,0.2169233415463842,0,0,6.864808362369338,13.138376409766297,ANGPT2,full_panel
DisGeNET,Idiopathic pulmonary arterial hypertension,1/297,0.1517806764271846,0.2215776298207075,0,0,6.65304054054054,12.543101865269112,ANGPT2,full_panel
DisGeNET,Adenocarcinoma of large intestine,1/297,0.1517806764271846,0.2215776298207075,0,0,6.65304054054054,12.543101865269112,TINAGL1,full_panel
DisGeNET,Hyperreflexia,1/301,0.1536734435981435,0.2235250088700269,0,0,6.563,12.292009558497488,HEXB,full_panel
DisGeNET,Fibroid Tumor,1/310,0.157918138840558,0.2280406337047769,0,0,6.368932038834951,11.755000860858848,ANGPT2,full_panel
DisGeNET,"Kidney Failure, Acute",1/310,0.157918138840558,0.2280406337047769,0,0,6.368932038834951,11.755000860858848,HEXB,full_panel
DisGeNET,Epithelial ovarian cancer,2/1329,0.1630933122044314,0.2343074329708058,0,0,3.1251779284936783,5.667300081551141,ANGPT2;SOHLH2,full_panel
DisGeNET,Gastrointestinal Stromal Tumors,1/323,0.1640152030795641,0.2343074329708058,0,0,6.10776397515528,11.041592222297409,ANGPT2,full_panel
DisGeNET,Kaposi Sarcoma,1/323,0.1640152030795641,0.2343074329708058,0,0,6.10776397515528,11.041592222297409,ANGPT2,full_panel
DisGeNET,Heart Diseases,1/325,0.1649496426027098,0.2346333421148876,0,0,6.069444444444445,10.93783716639799,ANGPT2,full_panel
DisGeNET,Juvenile arthritis,1/326,0.1654165061909958,0.2346333421148876,0,0,6.050461538461539,10.886527110906,PROS1,full_panel
DisGeNET,Secondary malignant neoplasm of bone,1/330,0.1672815886494068,0.2364404079850273,0,0,5.975683890577508,10.684981292406531,ANGPT2,full_panel
DisGeNET,Non-alcoholic Fatty Liver Disease,1/334,0.169142881283334,0.2382294102582169,0,0,5.902702702702703,10.489170405941818,ANGPT2,full_panel
DisGeNET,Muscle Weakness,1/339,0.1714641781427244,0.2406514780950518,0,0,5.813905325443787,10.252129651787737,HEXB,full_panel
DisGeNET,Uterine Fibroids,1/349,0.1760890935168726,0.2462784524711506,0,0,5.643965517241379,9.802242893925362,ANGPT2,full_panel
DisGeNET,Presenile dementia,1/362,0.1820663949174077,0.2537510730556206,0,0,5.437119113573408,9.261500895072755,CLDN5,full_panel
DisGeNET,Chronic Kidney Diseases,1/380,0.1902775839886007,0.263703857898863,0,0,5.174142480211081,8.585306143515307,ANGPT2,full_panel
DisGeNET,Glaucoma,1/381,0.190731556180783,0.263703857898863,0,0,5.160263157894737,8.549979674715761,CLDN5,full_panel
DisGeNET,Age related macular degeneration,1/382,0.1911852969766757,0.263703857898863,0,0,5.146456692913386,8.514875282160894,ANGPT2,full_panel
DisGeNET,Carcinoma breast stage IV,1/392,0.195710001649184,0.2690171843975038,0,0,5.01227621483376,8.175630489677399,ANGPT2,full_panel
DisGeNET,Ischemic stroke,1/394,0.1966121764731282,0.2693317485933263,0,0,4.986259541984733,8.11026153046214,ANGPT2,full_panel
DisGeNET,Anxiety Disorders,1/396,0.1975134311974642,0.2693383861564388,0,0,4.960506329113924,8.04568674665867,PROS1,full_panel
DisGeNET,Rhabdomyosarcoma,1/397,0.1979637138249825,0.2693383861564388,0,0,4.947727272727272,8.013692994877477,ANGPT2,full_panel
DisGeNET,"Carcinoma, Transitional Cell",1/399,0.198863590056983,0.269645545839977,0,0,4.922361809045226,7.950284581920076,CLDN5,full_panel
DisGeNET,Vascular Diseases,1/401,0.1997625483142319,0.269949389613827,0,0,4.89725,7.88763757228202,ANGPT2,full_panel
DisGeNET,Benign Prostatic Hyperplasia,1/420,0.208257029471553,0.2791997702929162,0,0,4.670644391408114,7.3281581160063585,PROS1,full_panel
DisGeNET,Prostatic Neoplasms,2/1554,0.2085518705902624,0.2791997702929162,0,0,2.6398911798396334,4.138207587682981,PROS1;EMP1,full_panel
DisGeNET,Metabolic Diseases,1/421,0.2087018282939549,0.2791997702929162,0,0,4.659285714285715,7.30039578553202,MCEE,full_panel
DisGeNET,Inflammation,1/429,0.2122520490864254,0.2830027321152338,0,0,4.570327102803739,7.083919257785029,ANGPT2,full_panel
DisGeNET,Dementia,1/436,0.2153466072260861,0.2861748933237025,0,0,4.495172413793103,6.902366110737369,CLDN5,full_panel
DisGeNET,Cholangiocarcinoma,1/455,0.2236904965286382,0.2962788033491897,0,0,4.302863436123348,6.443503118721976,ANGPT2,full_panel
DisGeNET,Epileptic encephalopathy,1/468,0.2293529102536114,0.3009421051169736,0,0,4.180299785867238,6.155463714629547,HEXB,full_panel
DisGeNET,Septicemia,1/468,0.2293529102536114,0.3009421051169736,0,0,4.180299785867238,6.155463714629547,ANGPT2,full_panel
DisGeNET,Malaria,1/469,0.2297869214522232,0.3009421051169736,0,0,4.171153846153846,6.134110641874998,ANGPT2,full_panel
DisGeNET,Malignant Head and Neck Neoplasm,1/470,0.2302207104144848,0.3009421051169736,0,0,4.162046908315565,6.112868298594295,PROS1,full_panel
DisGeNET,Thyroid Neoplasm,1/476,0.2328187833862566,0.3033469490374679,0,0,4.10821052631579,5.987695815177929,ANGPT2,full_panel
DisGeNET,Cardiomyopathies,1/480,0.2345464006708592,0.30460571515696,0,0,4.073068893528184,5.906364696972251,ANGPT2,full_panel
DisGeNET,Hyperglycemia,1/488,0.2379910293600788,0.3073180176106442,0,0,4.004517453798768,5.7485740967989045,ANGPT2,full_panel
DisGeNET,"Leukemia, Myelocytic, Acute",2/1703,0.2396178661121112,0.3073180176106442,0,0,2.3891828336272782,3.413449045726949,CKMT2;ANGPT2,full_panel
DisGeNET,Infection,1/492,0.2397080537363024,0.3073180176106442,0,0,3.971079429735234,5.67202593501793,PROS1,full_panel
DisGeNET,Acute leukemia,1/492,0.2397080537363024,0.3073180176106442,0,0,3.971079429735234,5.67202593501793,CLDN5,full_panel
DisGeNET,Pneumonia,1/497,0.2418493878837182,0.3090727001708859,0,0,3.930040322580645,5.578456870504974,EMP1,full_panel
DisGeNET,Prostate carcinoma,3/3145,0.2434533015668349,0.3099215762165608,0,0,2.010701782304265,2.840780070265484,ANGPT2;PROS1;EMP1,full_panel
DisGeNET,Herpes Simplex Infections,1/503,0.2444117509113539,0.3099215762165608,0,0,3.88187250996016,5.4691739531947325,PROS1,full_panel
DisGeNET,Malignant Glioma,1/504,0.244838045211083,0.3099215762165608,0,0,3.8739562624254473,5.4512698130105335,ANGPT2,full_panel
DisGeNET,Secondary malignant neoplasm of liver,1/508,0.2465410366920577,0.3110927907786217,0,0,3.842603550295858,5.380516557062643,ANGPT2,full_panel
DisGeNET,Tumor Angiogenesis,1/511,0.2478159883276956,0.3117182243115668,0,0,3.8194117647058814,5.328342152048816,ANGPT2,full_panel
DisGeNET,Major Depressive Disorder,1/513,0.2486648661400634,0.3118054747837787,0,0,3.8041015625,5.293974927351454,EMP1,full_panel
DisGeNET,Unipolar Depression,1/517,0.2503600095743771,0.3129500119679713,0,0,3.7738372093023256,5.22621868210037,EMP1,full_panel
DisGeNET,Undergrowth,1/529,0.2554246001114358,0.3172976398899824,0,0,3.685795454545455,5.030476912673014,MCEE,full_panel
DisGeNET,Sepsis,1/529,0.2554246001114358,0.3172976398899824,0,0,3.685795454545455,5.030476912673014,ANGPT2,full_panel
DisGeNET,Malignant neoplasm of prostate,3/3239,0.2582008463799067,0.3197533701299154,0,0,1.9414014215080344,2.628691543071523,ANGPT2;PROS1;EMP1,full_panel
DisGeNET,Failure to gain weight,1/539,0.2596213088213623,0.3205201343473609,0,0,3.615427509293681,4.875516849081478,MCEE,full_panel
DisGeNET,Pediatric failure to thrive,1/543,0.2612939625822966,0.3211185139457217,0,0,3.5880073800738006,4.815497757640402,MCEE,full_panel
DisGeNET,Metastatic Neoplasm,1/544,0.2617115888657632,0.3211185139457217,0,0,3.58121546961326,4.800662982753082,PROS1,full_panel
DisGeNET,Metabolic Syndrome X,1/548,0.263379948598949,0.3221773071546777,0,0,3.554296160877514,4.741991299163017,ANGPT2,full_panel
DisGeNET,Diabetic Nephropathy,1/561,0.2687784753419677,0.3277786284658142,0,0,3.469464285714286,4.558417236137731,ANGPT2,full_panel
DisGeNET,Malignant neoplasm of pancreas,2/1846,0.2698570750702219,0.3277967387547914,0,0,2.1866714871053268,2.8642396624329938,CLDN5;ANGPT2,full_panel
DisGeNET,Cerebellar Ataxia,1/565,0.2704323094727029,0.3277967387547914,0,0,3.4441489361702127,4.504028785271745,HEXB,full_panel
DisGeNET,Papillary thyroid carcinoma,1/571,0.2729066853872024,0.3297965986552295,0,0,3.406842105263158,4.424211534957974,ANGPT2,full_panel
DisGeNET,Pancreatic carcinoma,2/1869,0.2747447021115232,0.3310177133873774,0,0,2.156995774564066,2.786650814079083,CLDN5;ANGPT2,full_panel
DisGeNET,Squamous cell carcinoma,2/1876,0.276233141579202,0.3318115814765189,0,0,2.1481086208941065,2.763563337799843,CLDN5;EMP1,full_panel
DisGeNET,Tuberculosis,1/602,0.2855698555224641,0.3418368037676613,0,0,3.2259567387687187,4.042990292037568,FCN3,full_panel
DisGeNET,Liver diseases,1/606,0.2871891245132309,0.3418368037676613,0,0,3.20396694214876,3.997315005211228,ANGPT2,full_panel
DisGeNET,Congenital Abnormality,1/607,0.2875934201131667,0.3418368037676613,0,0,3.1985148514851485,3.9860132991413297,ANGPT2,full_panel
DisGeNET,Colitis,1/608,0.2879975071742546,0.3418368037676613,0,0,3.1930807248764417,3.974757916914883,PROS1,full_panel
DisGeNET,Obesity,2/1961,0.294330802476888,0.3481091299798898,0,0,2.0452611876807896,2.501458670680293,SLC37A2;ANGPT2,full_panel
DisGeNET,Huntington Disease,1/627,0.2956356803593674,0.3481091299798898,0,0,3.0931309904153355,3.769374152963388,PROS1,full_panel
DisGeNET,Arthritis,1/630,0.2968348747092538,0.3481091299798898,0,0,3.077901430842607,3.738355279782639,ANGPT2,full_panel
DisGeNET,Conventional (Clear Cell) Renal Cell Carcinoma,1/631,0.2972341935193059,0.3481091299798898,0,0,3.072857142857143,3.728097591539343,ANGPT2,full_panel
DisGeNET,Triple Negative Breast Neoplasms,1/632,0.2976333061328058,0.3481091299798898,0,0,3.067828843106181,3.717880504219611,ANGPT2,full_panel
DisGeNET,Esophageal Neoplasms,1/637,0.2996257802127125,0.3492360096159684,0,0,3.042924528301887,3.6673964889642936,EMP1,full_panel
DisGeNET,Kidney Diseases,1/639,0.3004213300845548,0.3492360096159684,0,0,3.0330721003134795,3.6474795623914127,ANGPT2,full_panel
DisGeNET,Immunologic Deficiency Syndromes,1/641,0.3012160582937727,0.3492360096159684,0,0,3.02328125,3.627718221680628,FCN3,full_panel
DisGeNET,Sarcoma,1/658,0.3079381842934792,0.3558791300958956,0,0,2.9424657534246577,3.4658015795019943,ANGPT2,full_panel
DisGeNET,Amyotrophic Lateral Sclerosis,1/660,0.3087251453581894,0.3558791300958956,0,0,2.933232169954477,3.4474391947105985,CLDN5,full_panel
DisGeNET,Chronic Obstructive Airway Disease,1/669,0.3122564128508985,0.3586521082001744,0,0,2.8923652694610777,3.3665124221990608,ANGPT2,full_panel
DisGeNET,Malignant neoplasm of esophagus,1/673,0.3138205946751526,0.3586521082001744,0,0,2.8745535714285717,3.3314173251627697,EMP1,full_panel
DisGeNET,Small cell carcinoma of lung,1/673,0.3138205946751526,0.3586521082001744,0,0,2.8745535714285717,3.3314173251627697,ANGPT2,full_panel
DisGeNET,Liver carcinoma,3/3593,0.3152828677150283,0.3592967153447616,0,0,1.7129874651810586,1.9772758225205376,FCN3;ANGPT2;TINAGL1,full_panel
DisGeNET,Secondary malignant neoplasm of lung,1/683,0.3177169101372859,0.3598799496012802,0,0,2.8309384164222875,3.2459384531467528,ANGPT2,full_panel
DisGeNET,MYELODYSPLASTIC SYNDROME,1/683,0.3177169101372859,0.3598799496012802,0,0,2.8309384164222875,3.2459384531467528,ANGPT2,full_panel
DisGeNET,Esophageal carcinoma,1/685,0.318493755397133,0.3598799496012802,0,0,2.8223684210526314,3.229219632126913,EMP1,full_panel
DisGeNET,Tumor Progression,2/2090,0.3218174884367487,0.3626112545766182,0,0,1.9051724137931036,2.160028661645245,ANGPT2;PROS1,full_panel
DisGeNET,Pancreatic Ductal Adenocarcinoma,1/701,0.3246796297609563,0.3648085727651194,0,0,2.755571428571429,3.099787318899238,ANGPT2,full_panel
DisGeNET,B-Cell Lymphomas,1/730,0.3357615808126384,0.3751526042599312,0,0,2.6419753086419755,2.883330193658692,ANGPT2,full_panel
DisGeNET,Leukemogenesis,1/730,0.3357615808126384,0.3751526042599312,0,0,2.6419753086419755,2.883330193658692,ANGPT2,full_panel
DisGeNET,Astrocytoma,1/741,0.3399216463711891,0.3787427814720771,0,0,2.601216216216216,2.8068167095425998,ANGPT2,full_panel
DisGeNET,Neurodegenerative Disorders,1/745,0.3414285152706806,0.3793650169674229,0,0,2.586693548387097,2.779704725321296,HEXB,full_panel
DisGeNET,Endometriosis,1/749,0.3429322562962619,0.3799803393864398,0,0,2.572326203208556,2.752961006593981,ANGPT2,full_panel
DisGeNET,Primary malignant neoplasm of lung,2/2268,0.3595834016207874,0.3973297255478314,0,0,1.7380602137883692,1.777703864443218,ANGPT2;EMP1,full_panel
DisGeNET,"Liver Cirrhosis, Experimental",1/801,0.3621988959952859,0.3991172407661552,0,0,2.398625,2.435951878366893,EMP1,full_panel
DisGeNET,Heart failure,1/815,0.3672975617228578,0.4036236942009427,0,0,2.3556511056511056,2.3593800178647384,ANGPT2,full_panel
DisGeNET,Amyloidosis,1/833,0.373798536592488,0.4090328809342631,0,0,2.3025240384615384,2.2657718380213585,HEXB,full_panel
DisGeNET,Stomach Neoplasms,1/835,0.3745171057918371,0.4090328809342631,0,0,2.2967625899280577,2.2556914235991026,ANGPT2,full_panel
DisGeNET,Hepatitis B,1/839,0.3759519958404385,0.4090328809342631,0,0,2.2853221957040573,2.235716567922516,ANGPT2,full_panel
DisGeNET,Endometrial Carcinoma,1/840,0.3763102504595221,0.4090328809342631,0,0,2.2824791418355184,2.230761226718226,ANGPT2,full_panel
DisGeNET,Glioblastoma Multiforme,1/854,0.3813062222310793,0.413340078299273,0,0,2.243376318874561,2.162956872342872,ANGPT2,full_panel
DisGeNET,Stomach Carcinoma,2/2378,0.3827169133776038,0.4137480144622744,0,0,1.6473063973063973,1.5821713960652073,ANGPT2;EMP1,full_panel
DisGeNET,Malignant neoplasm of stomach,2/2398,0.3869001076399196,0.4171429731966788,0,0,1.6317009831200149,1.5494448790912267,ANGPT2;EMP1,full_panel
DisGeNET,Congestive heart failure,1/884,0.3918895841714981,0.4213866496467722,0,0,2.163759909399773,2.0269565178049773,ANGPT2,full_panel
DisGeNET,Malignant neoplasm of lung,2/2449,0.3975308163208267,0.4263065054378839,0,0,1.5930617990282887,1.4695721448757797,ANGPT2;EMP1,full_panel
DisGeNET,Crohn Disease,1/912,0.401618621903665,0.4295386330520482,0,0,2.0941822173435787,1.91042263317909,FCN3,full_panel
DisGeNET,Carcinoma of lung,2/2476,0.4031362897830374,0.4300120424352399,0,0,1.5732506961286266,1.4292677145969828,ANGPT2;EMP1,full_panel
DisGeNET,Intellectual Disability,2/2503,0.4087251780582611,0.4348140192109161,0,0,1.553867341952108,1.3902642002253804,MCEE;HEXB,full_panel
DisGeNET,"Diabetes Mellitus, Insulin-Dependent",1/956,0.4166215157850061,0.4420387435384681,0,0,1.993089005235602,1.745103101892125,ANGPT2,full_panel
DisGeNET,Coronary Artery Disease,1/981,0.4249927355181186,0.4497277624530356,0,0,1.9396938775510204,1.659763470180874,ANGPT2,full_panel
DisGeNET,Multiple Sclerosis,1/1106,0.4652341853506536,0.4910123328239089,0,0,1.7089592760180996,1.3077202055991313,CLDN5,full_panel
DisGeNET,Chronic Lymphocytic Leukemia,1/1120,0.469577944333043,0.4942925729821505,0,0,1.6863270777479893,1.2747300146722758,ANGPT2,full_panel
DisGeNET,Seizures,1/1174,0.4860336574692687,0.5085473693248522,0,0,1.6040920716112532,1.1573161826848886,ANGPT2,full_panel
DisGeNET,Epilepsy,1/1177,0.486934106128546,0.5085473693248522,0,0,1.5997448979591835,1.1512187750107814,PROS1,full_panel
DisGeNET,Lung Neoplasms,1/1177,0.486934106128546,0.5085473693248522,0,0,1.5997448979591835,1.1512187750107814,ANGPT2,full_panel
DisGeNET,Diabetes,1/1268,0.5135755420859823,0.5349745230062316,0,0,1.477663772691397,0.9846532953649384,ANGPT2,full_panel
DisGeNET,Hypertensive disease,1/1310,0.5254420691313317,0.5439581624522742,0,0,1.4270435446906036,0.918324403670404,ANGPT2,full_panel
DisGeNET,Multiple Myeloma,1/1312,0.5260005205696285,0.5439581624522742,0,0,1.4247139588100686,0.9153118660680674,ANGPT2,full_panel
DisGeNET,Asthma,1/1313,0.5262795221725753,0.5439581624522742,0,0,1.4235518292682927,0.913810371090941,HEXB,full_panel
DisGeNET,Liver neoplasms,1/1321,0.5285061663561631,0.5448517178929516,0,0,1.4143181818181818,0.9019118446046744,ANGPT2,full_panel
DisGeNET,Renal Cell Carcinoma,1/1348,0.5359510302377498,0.5511064578280204,0,0,1.3839643652561249,0.8631958514425878,ANGPT2,full_panel
DisGeNET,Colorectal Cancer,2/3298,0.5630719717214175,0.5775097145860693,0,0,1.1254719525350594,0.6464123656936737,ANGPT2;PROS1,full_panel
DisGeNET,Diabetes Mellitus,1/1507,0.5776675120550526,0.5909642067059362,0,0,1.2272908366533866,0.673484209964949,ANGPT2,full_panel
DisGeNET,Central neuroblastoma,1/1655,0.6134034414475776,0.6259218790281404,0,0,1.1085247883917777,0.541771998992928,ANGPT2,full_panel
DisGeNET,Neuroblastoma,1/1698,0.6232579115024978,0.634359197458013,0,0,1.0779021803182085,0.5096266133605011,ANGPT2,full_panel
DisGeNET,Schizophrenia,1/1923,0.6711983692837368,0.6814196642474485,0,0,0.9400104058272633,0.3747732688874221,CLDN5,full_panel
DisGeNET,Glioblastoma,1/1937,0.6739894048207333,0.6825209162741603,0,0,0.9324896694214876,0.3679053022653464,ANGPT2,full_panel
DisGeNET,Malignant tumor of colon,1/2001,0.6864761962748749,0.6926450407938902,0,0,0.89945,0.3383584545187448,HEXB,full_panel
DisGeNET,Carcinogenesis,2/4065,0.687450202987936,0.6926450407938902,0,0,0.8710586047529193,0.3264430480977082,ANGPT2;SOHLH2,full_panel
DisGeNET,Mammary Neoplasms,1/2387,0.7530116741801379,0.7567956524423496,0,0,0.7377619446772842,0.2092842859984297,ANGPT2,full_panel
DisGeNET,melanoma,1/2454,0.7631551031814066,0.7650677726129389,0,0,0.7148797390949857,0.1932276953679075,TINAGL1,full_panel
DisGeNET,Colorectal Carcinoma,1/2931,0.8251134816221379,0.8251134816221379,0,0,0.5822184300341297,0.1119223806554824,ANGPT2,full_panel
GO_Biological_Process_2023,Glomerulus Vasculature Development (GO:0072012),1/5,0.0007498314718703743,0.0082481461905741,0,0,2499.125,17982.858997820545,ANGPT2,non_predictive
GO_Biological_Process_2023,Negative Regulation Of Chemotaxis (GO:0050922),1/31,0.0046429637132384,0.0152348445194284,0,0,332.78333333333336,1787.845973802925,ANGPT2,non_predictive
GO_Biological_Process_2023,Negative Regulation Of Blood Vessel Endothelial Cell Migration (GO:0043537),1/33,0.0049420167963792,0.0152348445194284,0,0,311.953125,1656.4654076932638,ANGPT2,non_predictive
GO_Biological_Process_2023,Negative Regulation Of Endothelial Cell Migration (GO:0010596),1/37,0.0055399434616103,0.0152348445194284,0,0,277.2361111111111,1440.4553417617176,ANGPT2,non_predictive
GO_Biological_Process_2023,Regulation Of Blood Vessel Endothelial Cell Migration (GO:0043535),1/54,0.0080784620472779,0.0177726165040115,0,0,188.1509433962264,906.615436737158,ANGPT2,non_predictive
GO_Biological_Process_2023,Muscle Contraction (GO:0006936),1/94,0.0140344078673636,0.0257297477568333,0,0,107.01075268817203,456.5339023790776,CKMT2,non_predictive
GO_Biological_Process_2023,Endosomal Transport (GO:0016197),1/180,0.026758880297526,0.0420496690389695,0,0,55.357541899441344,200.44350827487676,TINAGL1,non_predictive
GO_Biological_Process_2023,Transmembrane Receptor Protein Tyrosine Kinase Signaling Pathway (GO:0007169),1/284,0.0419997973456225,0.0534698470998505,0,0,34.830388692579504,110.41548381157196,ANGPT2,non_predictive
GO_Biological_Process_2023,Gene Expression (GO:0010467),1/296,0.0437480567180595,0.0534698470998505,0,0,33.39322033898305,104.49767439223304,ANGPT2,non_predictive
GO_Biological_Process_2023,Proteolysis (GO:0006508),1/330,0.0486899057112653,0.0535588962823918,0,0,29.890577507598785,90.33780056075076,TINAGL1,non_predictive
GO_Biological_Process_2023,Vesicle-Mediated Transport (GO:0016192),1/411,0.060394475643031,0.060394475643031,0,0,23.88658536585366,67.04624465364891,TINAGL1,non_predictive
KEGG_2021_Human,Arginine and proline metabolism,1/50,0.0074815523734162,0.0481591372930828,0,0,203.55102040816325,996.4463577649728,CKMT2,non_predictive
KEGG_2021_Human,HIF-1 signaling pathway,1/109,0.0162617282000212,0.0481591372930828,0,0,92.07870370370372,379.26673825723503,ANGPT2,non_predictive
KEGG_2021_Human,Kaposi sarcoma-associated herpesvirus infection,1/193,0.0286727702925845,0.0481591372930828,0,0,51.575520833333336,183.18631536211723,ANGPT2,non_predictive
KEGG_2021_Human,Rap1 signaling pathway,1/210,0.0311717617404863,0.0481591372930828,0,0,47.33971291866029,164.18561216020964,ANGPT2,non_predictive
KEGG_2021_Human,Ras signaling pathway,1/232,0.0343993837807734,0.0481591372930828,0,0,42.78354978354978,144.16843911532118,ANGPT2,non_predictive
KEGG_2021_Human,MAPK signaling pathway,1/294,0.0434568279762164,0.0506996326389192,0,0,33.62457337883959,105.44623488285704,ANGPT2,non_predictive
KEGG_2021_Human,PI3K-Akt signaling pathway,1/354,0.0521679997453455,0.0521679997453455,0,0,27.82436260623229,82.17330064888138,ANGPT2,non_predictive
Reactome_2022,Metabolism Of Amino Acids And Derivatives R-HSA-71291,2/364,0.0009790570835035576,0.0049976492317728,0,0,108.48066298342542,751.6539014414852,CKMT2;TINAGL1,non_predictive
Reactome_2022,Creatine Metabolism R-HSA-71288,1/10,0.0014992947695318,0.0049976492317728,0,0,1110.4444444444443,7220.954198683598,CKMT2,non_predictive
Reactome_2022,Urea Cycle R-HSA-70635,1/10,0.0014992947695318,0.0049976492317728,0,0,1110.4444444444443,7220.954198683598,TINAGL1,non_predictive
Reactome_2022,Tie2 Signaling R-HSA-210993,1/17,0.0025479169262706,0.0063697923156765,0,0,624.40625,3729.2533063250894,ANGPT2,non_predictive
Reactome_2022,Cell Surface Interactions At Vascular Wall R-HSA-202733,1/134,0.0199664719905958,0.0399329439811917,0,0,74.67669172932331,292.262229105573,ANGPT2,non_predictive
Reactome_2022,Metabolism R-HSA-1430728,2/2049,0.0293262131130129,0.0488770218550215,0,0,17.537860283341477,61.895905850218654,CKMT2;TINAGL1,non_predictive
Reactome_2022,Neutrophil Degranulation R-HSA-6798695,1/468,0.0685732150362854,0.097961735766122,0,0,20.91006423982869,56.035904067957496,TINAGL1,non_predictive
Reactome_2022,Hemostasis R-HSA-109582,1/576,0.0839393556005461,0.1049241945006827,0,0,16.88869565217391,41.84445745807294,ANGPT2,non_predictive
Reactome_2022,Innate Immune System R-HSA-168249,1/1035,0.1473610330296143,0.1637344811440159,0,0,9.16972920696325,17.55883658128121,TINAGL1,non_predictive
Reactome_2022,Immune System R-HSA-168256,1/1943,0.2640640064234834,0.2640640064234834,0,0,4.648558187435634,6.189851603058266,TINAGL1,non_predictive
DisGeNET,Caroli Disease,1/8,0.0011995541091196,0.0519848401298508,0,0,1427.857142857143,9603.48923469958,ANGPT2,non_predictive
DisGeNET,Capillary Leak Syndrome,1/9,0.0013494318923464,0.0519848401298508,0,0,1249.3125,8255.5464452602,ANGPT2,non_predictive
DisGeNET,Neurogenic hypertension,1/9,0.0013494318923464,0.0519848401298508,0,0,1249.3125,8255.5464452602,ANGPT2,non_predictive
DisGeNET,Femoral artery occlusion,1/10,0.0014992947695318,0.0519848401298508,0,0,1110.4444444444443,7220.954198683598,ANGPT2,non_predictive
DisGeNET,"Pneumonia, Ventilator-Associated",1/13,0.0019487938770013,0.0519848401298508,0,0,832.7083333333334,5196.553511599695,ANGPT2,non_predictive
DisGeNET,"Lymphoma, Extranodal NK-T-Cell",1/14,0.0020985970505495,0.0519848401298508,0,0,768.6153846153846,4739.656184381286,TINAGL1,non_predictive
DisGeNET,Focal Nodular Hyperplasia,1/16,0.0023981585785517,0.0519848401298508,0,0,666.0666666666667,4018.416230915481,ANGPT2,non_predictive
DisGeNET,Focal nodular hyperplasia of liver,1/16,0.0023981585785517,0.0519848401298508,0,0,666.0666666666667,4018.416230915481,ANGPT2,non_predictive
DisGeNET,Pathologic Neovascularization,1/17,0.0025479169262706,0.0519848401298508,0,0,624.40625,3729.2533063250894,ANGPT2,non_predictive
DisGeNET,Primary cutaneous B-cell lymphoma,1/18,0.0026976603266888,0.0519848401298508,0,0,587.6470588235294,3476.150033460634,ANGPT2,non_predictive
DisGeNET,Aortic Rupture,1/19,0.002847388777574,0.0519848401298508,0,0,554.9722222222222,3252.888056951129,ANGPT2,non_predictive
DisGeNET,Endometrial Endometrioid Adenocarcinoma,1/20,0.0029971022769704,0.0519848401298508,0,0,525.7368421052631,3054.5885497256336,ANGPT2,non_predictive
DisGeNET,"Malaria, Vivax",1/26,0.003895069234369,0.0519848401298508,0,0,399.44,2216.1106253087632,ANGPT2,non_predictive
DisGeNET,Community acquired pneumonia,1/29,0.0043438507968609,0.0519848401298508,0,0,356.5892857142857,1939.4870011141588,ANGPT2,non_predictive
DisGeNET,Renal hypertension,1/29,0.0043438507968609,0.0519848401298508,0,0,356.5892857142857,1939.4870011141588,ANGPT2,non_predictive
DisGeNET,Hereditary hemorrhagic telangiectasia,1/29,0.0043438507968609,0.0519848401298508,0,0,356.5892857142857,1939.4870011141588,ANGPT2,non_predictive
DisGeNET,Ovarian Hyperstimulation Syndrome,1/37,0.0055399434616103,0.0519848401298508,0,0,277.2361111111111,1440.4553417617176,ANGPT2,non_predictive
DisGeNET,"Glomerulonephritis, Membranoproliferative",1/37,0.0055399434616103,0.0519848401298508,0,0,277.2361111111111,1440.4553417617176,ANGPT2,non_predictive
DisGeNET,Septic Shock,1/38,0.0056893877328946,0.0519848401298508,0,0,269.72972972972974,1394.274144706199,ANGPT2,non_predictive
DisGeNET,Arteriovenous hemangioma,1/38,0.0056893877328946,0.0519848401298508,0,0,269.72972972972974,1394.274144706199,ANGPT2,non_predictive
DisGeNET,Stage 4S neuroblastoma,1/39,0.0058388170461227,0.0519848401298508,0,0,262.6184210526316,1350.7061704673467,TINAGL1,non_predictive
DisGeNET,Aortic aneurysm without mention of rupture NOS,1/42,0.0062870152415198,0.0519848401298508,0,0,243.3658536585366,1233.6869399593022,ANGPT2,non_predictive
DisGeNET,Dissection of aorta,1/43,0.0064363847273157,0.0519848401298508,0,0,237.5595238095238,1198.6750596729298,ANGPT2,non_predictive
DisGeNET,Proliferative retinopathy,1/43,0.0064363847273157,0.0519848401298508,0,0,237.5595238095238,1198.6750596729298,ANGPT2,non_predictive
DisGeNET,Autonomic nervous system disorders,1/44,0.0065857392567594,0.0519848401298508,0,0,232.02325581395348,1165.417705666189,ANGPT2,non_predictive
DisGeNET,Moyamoya disease 1,1/46,0.0068844034482568,0.0519848401298508,0,0,221.6888888888889,1103.6774229731402,ANGPT2,non_predictive
DisGeNET,Disseminated neuroblastoma,1/47,0.0070337131109195,0.0519848401298508,0,0,216.8586956521739,1074.9773440238823,TINAGL1,non_predictive
DisGeNET,Corneal Neovascularization,1/48,0.0071830078183245,0.0519848401298508,0,0,212.2340425531915,1047.5951010155554,ANGPT2,non_predictive
DisGeNET,Moyamoya Disease,1/50,0.0074815523734162,0.0519848401298508,0,0,203.55102040816325,996.4463577649728,ANGPT2,non_predictive
DisGeNET,Carcinosarcoma,1/50,0.0074815523734162,0.0519848401298508,0,0,203.55102040816325,996.4463577649728,ANGPT2,non_predictive
DisGeNET,Nephrosis,1/50,0.0074815523734162,0.0519848401298508,0,0,203.55102040816325,996.4463577649728,ANGPT2,non_predictive
DisGeNET,Angioimmunoblastic Lymphadenopathy,1/51,0.0076308022208955,0.0519848401298508,0,0,199.47,972.5284117534744,ANGPT2,non_predictive
DisGeNET,Well Differentiated Pancreatic Endocrine Tumor,1/59,0.0088242627423081,0.0565790964065638,0,0,171.88793103448276,813.0729238663458,ANGPT2,non_predictive
DisGeNET,Anaplastic Oligodendroglioma,1/59,0.0088242627423081,0.0565790964065638,0,0,171.88793103448276,813.0729238663458,ANGPT2,non_predictive
DisGeNET,Retinopathy of Prematurity,1/64,0.0095696897244791,0.0574646081604146,0,0,158.20634920634922,735.5257596653158,ANGPT2,non_predictive
DisGeNET,Thyroid Nodule,1/66,0.0098677558938272,0.0574646081604146,0,0,153.3230769230769,708.1199963366474,ANGPT2,non_predictive
DisGeNET,Congenital arteriovenous malformation,1/66,0.0098677558938272,0.0574646081604146,0,0,153.3230769230769,708.1199963366474,ANGPT2,non_predictive
DisGeNET,Uremia,1/67,0.0100167665600722,0.0574646081604146,0,0,150.99242424242425,695.0928600722876,ANGPT2,non_predictive
DisGeNET,"Angina, Unstable",1/70,0.0104637089013925,0.0575783129345703,0,0,144.40579710144928,658.467662524263,ANGPT2,non_predictive
DisGeNET,Marfan Syndrome,1/73,0.0109105167657239,0.0575783129345703,0,0,138.36805555555554,625.1507650815512,ANGPT2,non_predictive
DisGeNET,Chronic heart failure,1/74,0.0110594228380556,0.0575783129345703,0,0,136.46575342465752,614.7062292455009,ANGPT2,non_predictive
DisGeNET,Angiogenic Switch,1/75,0.0112083139716831,0.0575783129345703,0,0,134.61486486486487,604.5687465206931,ANGPT2,non_predictive
DisGeNET,Stable angina,1/76,0.0113571901659932,0.0575783129345703,0,0,132.81333333333333,594.7253885716618,ANGPT2,non_predictive
DisGeNET,"Glioblastoma, IDH-Wildtype",1/79,0.0118037291244741,0.0584821124803493,0,0,127.68589743589745,566.841082547516,ANGPT2,non_predictive
DisGeNET,"Malaria, Cerebral",1/86,0.012845130618796,0.0595374428130529,0,0,117.12941176470588,510.0740472374152,ANGPT2,non_predictive
DisGeNET,Hemangiosarcoma,1/87,0.0129938425283724,0.0595374428130529,0,0,115.76162790697674,502.7851268363536,ANGPT2,non_predictive
DisGeNET,"Malaria, Falciparum",1/89,0.0132912215554317,0.0595374428130529,0,0,113.1193181818182,488.7491512268038,ANGPT2,non_predictive
DisGeNET,Gastric ulcer,1/95,0.0141830003471832,0.0595374428130529,0,0,105.86702127659576,450.5394671189797,ANGPT2,non_predictive
DisGeNET,Werner Syndrome,1/96,0.0143315779013052,0.0595374428130529,0,0,104.74736842105264,444.682948504716,CKMT2,non_predictive
DisGeNET,Cardiac fibrosis,1/96,0.0143315779013052,0.0595374428130529,0,0,104.74736842105264,444.682948504716,ANGPT2,non_predictive
DisGeNET,Aortic Aneurysm,1/96,0.0143315779013052,0.0595374428130529,0,0,104.74736842105264,444.682948504716,ANGPT2,non_predictive
DisGeNET,"Hypertension, Portal",1/101,0.015074241816001,0.0595374428130529,0,0,99.485,417.31647774293873,ANGPT2,non_predictive
DisGeNET,Hemangioma,1/101,0.015074241816001,0.0595374428130529,0,0,99.485,417.31647774293873,ANGPT2,non_predictive
DisGeNET,Severe Sepsis,1/103,0.015371202926661,0.0595374428130529,0,0,97.52450980392156,407.1901321318921,ANGPT2,non_predictive
DisGeNET,Ischemia,1/104,0.0155196611008771,0.0595374428130529,0,0,96.5728155339806,402.288317326718,ANGPT2,non_predictive
DisGeNET,Premature Obstetric Labor,1/105,0.0156681043562104,0.0595374428130529,0,0,95.63942307692308,397.4897035431012,ANGPT2,non_predictive
DisGeNET,Biliary Atresia,1/105,0.0156681043562104,0.0595374428130529,0,0,95.63942307692308,397.4897035431012,ANGPT2,non_predictive
DisGeNET,Tumor Promotion,1/108,0.0161133446145418,0.0595374428130529,0,0,92.94392523364486,383.6825141169492,ANGPT2,non_predictive
DisGeNET,Vesico-Ureteral Reflux,1/108,0.0161133446145418,0.0595374428130529,0,0,92.94392523364486,383.6825141169492,ANGPT2,non_predictive
DisGeNET,Erythema,1/113,0.0168551133866341,0.0606671710165845,0,0,88.77232142857143,362.4663724303385,ANGPT2,non_predictive
DisGeNET,Ischemic cardiomyopathy,1/116,0.0172999956867377,0.0606671710165845,0,0,86.44347826086957,350.7054293514637,ANGPT2,non_predictive
DisGeNET,Anorexia,1/118,0.0175965093316656,0.0606671710165845,0,0,84.95726495726495,343.2320001415874,TINAGL1,non_predictive
DisGeNET,Pilocytic Astrocytoma,1/122,0.0181893577110545,0.0606671710165845,0,0,82.13223140495867,329.097165436044,ANGPT2,non_predictive
DisGeNET,Polycystic Kidney Diseases,1/124,0.0184856924593801,0.0606671710165845,0,0,80.78861788617886,322.40784145177446,ANGPT2,non_predictive
DisGeNET,Peripheral Arterial Diseases,1/125,0.0186338374756652,0.0606671710165845,0,0,80.13306451612904,319.15205673213154,ANGPT2,non_predictive
DisGeNET,Interstitial lung fibrosis,1/127,0.0189300827920363,0.0606671710165845,0,0,78.85317460317461,312.81077549345065,ANGPT2,non_predictive
DisGeNET,Peritonitis,1/128,0.0190781830955974,0.0606671710165845,0,0,78.22834645669292,309.72243930029543,ANGPT2,non_predictive
DisGeNET,tumor vasculature,1/129,0.0192262684961311,0.0606671710165845,0,0,77.61328125,306.68715661620973,ANGPT2,non_predictive
DisGeNET,early pregnancy,1/129,0.0192262684961311,0.0606671710165845,0,0,77.61328125,306.68715661620973,ANGPT2,non_predictive
DisGeNET,Neurilemmoma,1/135,0.0201144679925478,0.0606671710165845,0,0,74.11567164179104,289.5192282207325,ANGPT2,non_predictive
DisGeNET,Middle Cerebral Artery Occlusion,1/135,0.0201144679925478,0.0606671710165845,0,0,74.11567164179104,289.5192282207325,ANGPT2,non_predictive
DisGeNET,"Leukemia, Myelocytic, Acute",2/1703,0.020506945789824,0.0606671710165845,0,0,21.51205173427396,83.61716506124002,CKMT2;ANGPT2,non_predictive
DisGeNET,Ureteral obstruction,1/138,0.0205583666198836,0.0606671710165845,0,0,72.48175182481752,281.55444343842925,ANGPT2,non_predictive
DisGeNET,Lymphatic Metastasis,1/142,0.0211500229232129,0.0606671710165845,0,0,70.41134751773049,271.5142033166735,ANGPT2,non_predictive
DisGeNET,Vascular inflammations,1/142,0.0211500229232129,0.0606671710165845,0,0,70.41134751773049,271.5142033166735,ANGPT2,non_predictive
DisGeNET,Clear-cell metastatic renal cell carcinoma,1/142,0.0211500229232129,0.0606671710165845,0,0,70.41134751773049,271.5142033166735,ANGPT2,non_predictive
DisGeNET,Pulmonary Hypertension,1/151,0.0224803784730512,0.0617284117062947,0,0,66.15666666666667,251.07198720733425,ANGPT2,non_predictive
DisGeNET,Pre-Eclampsia,1/152,0.0226281213168788,0.0617284117062947,0,0,65.71523178807946,248.9662194692262,ANGPT2,non_predictive
DisGeNET,Aneurysm,1/152,0.0226281213168788,0.0617284117062947,0,0,65.71523178807946,248.9662194692262,ANGPT2,non_predictive
DisGeNET,"Breast Cancer, Familial",1/154,0.0229235623512883,0.0617284117062947,0,0,64.84967320261438,244.8457759456628,ANGPT2,non_predictive
DisGeNET,Focal glomerulosclerosis,1/155,0.0230712605438279,0.0617284117062947,0,0,64.42532467532467,242.82984434544923,ANGPT2,non_predictive
DisGeNET,Mucocutaneous Lymph Node Syndrome,1/156,0.0232189438528264,0.0617284117062947,0,0,64.00645161290322,240.84263048355345,ANGPT2,non_predictive
DisGeNET,Rheumatoid Arthritis,2/1833,0.0236491240717768,0.0621145668391246,0,0,19.842708902239213,74.2996186576364,ANGPT2;TINAGL1,non_predictive
DisGeNET,"Polycystic Kidney, Autosomal Dominant",1/161,0.023957137180663,0.0621744750641016,0,0,61.990625,231.31733505204923,ANGPT2,non_predictive
DisGeNET,Cyst,1/169,0.0251374728576962,0.0630030108185368,0,0,59.01488095238095,217.37515304918776,ANGPT2,non_predictive
DisGeNET,Complete atrioventricular block,1/170,0.0252849478802056,0.0630030108185368,0,0,58.66272189349112,215.7348585855584,ANGPT2,non_predictive
DisGeNET,Keloid,1/171,0.0254324080368405,0.0630030108185368,0,0,58.31470588235294,214.1159140014995,ANGPT2,non_predictive
DisGeNET,Blood Coagulation Disorders,1/171,0.0254324080368405,0.0630030108185368,0,0,58.31470588235294,214.1159140014995,ANGPT2,non_predictive
DisGeNET,Drug Dependence,1/175,0.0260220999459419,0.0637395257102847,0,0,56.96264367816092,207.84581284553616,TINAGL1,non_predictive
DisGeNET,Cerebrovascular Disorders,1/178,0.0264642127545925,0.0641022042277908,0,0,55.98870056497175,203.34882844573715,ANGPT2,non_predictive
DisGeNET,insulinoma,1/181,0.0269061917729784,0.064456591280322,0,0,55.047222222222224,199.0176634459947,ANGPT2,non_predictive
DisGeNET,"Respiratory Distress Syndrome, Adult",1/186,0.0276425262010213,0.065500768606768,0,0,53.545945945945945,192.14426641897396,ANGPT2,non_predictive
DisGeNET,"Arthritis, Psoriatic",1/201,0.0298493008283308,0.0695658879655162,0,0,49.4925,173.79755922762263,ANGPT2,non_predictive
DisGeNET,Renal fibrosis,1/202,0.029996300315406,0.0695658879655162,0,0,49.24378109452736,172.68224274734663,ANGPT2,non_predictive
DisGeNET,Colorectal cancer metastatic,1/208,0.0308779854525001,0.0708568508278424,0,0,47.80193236714976,166.24134396400805,ANGPT2,non_predictive
DisGeNET,Intelligence,1/214,0.0317591362097798,0.0720360422734705,0,0,46.44131455399061,160.2027902404613,TINAGL1,non_predictive
DisGeNET,Dyslipidemias,1/216,0.0320527344060855,0.0720360422734705,0,0,46.0046511627907,158.27314972299234,ANGPT2,non_predictive
DisGeNET,"Neoplasm, Residual",1/220,0.0326397527424558,0.0726067969168915,0,0,45.15525114155251,154.53139882231187,ANGPT2,non_predictive
DisGeNET,Graft-vs-Host Disease,1/226,0.0335198352152786,0.0738113543124318,0,0,43.937777777777775,149.1959055604995,ANGPT2,non_predictive
DisGeNET,Ductal Carcinoma,1/230,0.0341062602379687,0.0739318496444034,0,0,43.16157205240175,145.81163077116312,ANGPT2,non_predictive
DisGeNET,"Anemia, Sickle Cell",1/231,0.034252829422407,0.0739318496444034,0,0,42.971739130434784,144.98605081167062,ANGPT2,non_predictive
DisGeNET,Non-Small Cell Lung Carcinoma,2/2243,0.0348999064955493,0.0739489509314762,0,0,15.846497099509149,53.16929421357456,ANGPT2;TINAGL1,non_predictive
DisGeNET,IGA Glomerulonephritis,1/237,0.0351319331983953,0.0739489509314762,0,0,41.86652542372882,140.19612200008046,ANGPT2,non_predictive
DisGeNET,"Hepatitis B, Chronic",1/238,0.0352783986095116,0.0739489509314762,0,0,41.687763713080166,139.4240770668133,ANGPT2,non_predictive
DisGeNET,Chondrosarcoma,1/241,0.0357177059161049,0.0741567608543892,0,0,41.16041666666667,137.15098449199263,ANGPT2,non_predictive
DisGeNET,Diabetic Retinopathy,1/247,0.0365959204305802,0.0752633080553442,0,0,40.14430894308943,132.79008813019155,ANGPT2,non_predictive
DisGeNET,Neuroendocrine Tumors,1/257,0.0380584261648899,0.0774520290860919,0,0,38.556640625,126.0274990245008,ANGPT2,non_predictive
DisGeNET,Endothelial dysfunction,1/262,0.0387891236974251,0.0774520290860919,0,0,37.80842911877394,122.8628530879148,ANGPT2,non_predictive
DisGeNET,Renal Insufficiency,1/263,0.0389352187881923,0.0774520290860919,0,0,37.662213740458014,122.24612510357572,ANGPT2,non_predictive
DisGeNET,Brain Ischemia,1/264,0.0390812990801381,0.0774520290860919,0,0,37.5171102661597,121.63464379076338,ANGPT2,non_predictive
DisGeNET,Essential Hypertension,1/278,0.0411248692084052,0.0807677611480391,0,0,35.5956678700361,113.59083966573888,ANGPT2,non_predictive
DisGeNET,Anaplasia,1/283,0.0418540129609808,0.0814302418189682,0,0,34.955673758865245,110.9341935896518,ANGPT2,non_predictive
DisGeNET,"Aortic Aneurysm, Abdominal",1/288,0.0425827870062494,0.0814302418189682,0,0,34.33797909407666,108.38114088181122,ANGPT2,non_predictive
DisGeNET,Anoxia,1/288,0.0425827870062494,0.0814302418189682,0,0,34.33797909407666,108.38114088181122,ANGPT2,non_predictive
DisGeNET,Adenocarcinoma of large intestine,1/297,0.0438936489206369,0.0824897884887832,0,0,33.27871621621622,104.02878903876676,TINAGL1,non_predictive
DisGeNET,Idiopathic pulmonary arterial hypertension,1/297,0.0438936489206369,0.0824897884887832,0,0,33.27871621621622,104.02878903876676,ANGPT2,non_predictive
DisGeNET,Fibroid Tumor,1/310,0.0457850030466385,0.0853088090954461,0,0,31.857605177993527,98.2424409831854,ANGPT2,non_predictive
DisGeNET,Gastrointestinal Stromal Tumors,1/323,0.0476738613546165,0.0871350242435788,0,0,30.551242236024844,92.97879553067298,ANGPT2,non_predictive
DisGeNET,Kaposi Sarcoma,1/323,0.0476738613546165,0.0871350242435788,0,0,30.551242236024844,92.97879553067298,ANGPT2,non_predictive
DisGeNET,Heart Diseases,1/325,0.0479642335285754,0.0871350242435788,0,0,30.359567901234566,92.21110589098622,ANGPT2,non_predictive
DisGeNET,Secondary malignant neoplasm of bone,1/330,0.0486899057112653,0.0877223094632714,0,0,29.890577507598785,90.33780056075076,ANGPT2,non_predictive
DisGeNET,Non-alcoholic Fatty Liver Disease,1/334,0.0492701778997933,0.0880401539520897,0,0,29.525525525525527,88.88471357416256,ANGPT2,non_predictive
DisGeNET,Uterine Fibroids,1/349,0.0514440970882666,0.0911773428068465,0,0,28.23132183908046,83.7696594580619,ANGPT2,non_predictive
DisGeNET,Retinal Diseases,1/355,0.0523127360735498,0.0919691650325312,0,0,27.744350282485875,81.8601332704953,ANGPT2,non_predictive
DisGeNET,Chronic Kidney Diseases,1/380,0.055926357335353,0.097260958752045,0,0,25.88126649076517,74.63431289682613,ANGPT2,non_predictive
DisGeNET,Age related macular degeneration,1/382,0.0562150495539343,0.097260958752045,0,0,25.742782152230973,74.10242030041539,ANGPT2,non_predictive
DisGeNET,"Cardiomyopathy, Familial Idiopathic",1/388,0.0570807730940048,0.097896028338858,0,0,25.335917312661497,72.54402655153659,ANGPT2,non_predictive
DisGeNET,Carcinoma breast stage IV,1/392,0.0576576279072301,0.097896028338858,0,0,25.07161125319693,71.53514174450848,ANGPT2,non_predictive
DisGeNET,Ischemic stroke,1/394,0.057945967066687,0.097896028338858,0,0,24.94147582697201,71.03941648110474,ANGPT2,non_predictive
DisGeNET,Rhabdomyosarcoma,1/397,0.0583783655231722,0.097896028338858,0,0,24.748737373737374,70.30645841983815,ANGPT2,non_predictive
DisGeNET,Vascular Diseases,1/401,0.0589546909557923,0.0981078063233797,0,0,24.49625,69.34854276226908,ANGPT2,non_predictive
DisGeNET,Inflammation,1/429,0.0629823860135367,0.1040163647799318,0,0,22.860981308411212,63.20833130646275,ANGPT2,non_predictive
DisGeNET,Cholangiocarcinoma,1/455,0.0667120834071222,0.1093476254342304,0,0,21.523127753303964,58.27105277828656,ANGPT2,non_predictive
DisGeNET,Septicemia,1/468,0.0685732150362854,0.110964061209377,0,0,20.91006423982869,56.035904067957496,ANGPT2,non_predictive
DisGeNET,Malaria,1/469,0.0687162764369995,0.110964061209377,0,0,20.86431623931624,55.86982314044835,ANGPT2,non_predictive
DisGeNET,Thyroid Neoplasm,1/476,0.0697172961048257,0.1117527246386177,0,0,20.549473684210525,54.72955384796592,ANGPT2,non_predictive
DisGeNET,Cardiomyopathies,1/480,0.0702889851502533,0.1118467062974834,0,0,20.37369519832985,54.09501665338735,ANGPT2,non_predictive
DisGeNET,Hyperglycemia,1/488,0.0714316605364975,0.112841318818525,0,0,20.03080082135524,52.861565462114456,ANGPT2,non_predictive
DisGeNET,Malignant Glioma,1/504,0.0737142017385212,0.1155116077253781,0,0,19.37773359840954,50.528599180478096,ANGPT2,non_predictive
DisGeNET,Secondary malignant neoplasm of liver,1/508,0.0742842520061919,0.1155116077253781,0,0,19.220907297830376,49.97159695280996,ANGPT2,non_predictive
DisGeNET,Tumor Angiogenesis,1/511,0.07471163618935,0.1155116077253781,0,0,19.104901960784314,49.56039732155777,ANGPT2,non_predictive
DisGeNET,Sepsis,1/529,0.0772731792112941,0.1186306554088881,0,0,18.43655303030303,47.20510439215642,ANGPT2,non_predictive
DisGeNET,Metabolic Syndrome X,1/548,0.0799718968536304,0.1219151993992408,0,0,17.778793418647165,44.91065439638352,ANGPT2,non_predictive
DisGeNET,Diabetic Nephropathy,1/561,0.081815352813109,0.12385935356429,0,0,17.354464285714286,43.44326324974771,ANGPT2,non_predictive
DisGeNET,Papillary thyroid carcinoma,1/571,0.0832317190222621,0.1251345844610561,0,0,17.04122807017544,42.36665322326647,ANGPT2,non_predictive
DisGeNET,Liver carcinoma,2/3593,0.0852117937950987,0.1272340482693939,0,0,9.137287663603454,22.501625587839374,ANGPT2;TINAGL1,non_predictive
DisGeNET,Liver diseases,1/606,0.0881775295451708,0.1300908760857944,0,0,16.026446280991735,38.91867207898684,ANGPT2,non_predictive
DisGeNET,Congenital Abnormality,1/607,0.0883185764252182,0.1300908760857944,0,0,15.999174917491748,38.82687472511051,ANGPT2,non_predictive
DisGeNET,Arthritis,1/630,0.0915586414879417,0.132590231769005,0,0,15.395866454689983,36.80806219027561,ANGPT2,non_predictive
DisGeNET,Conventional (Clear Cell) Renal Cell Carcinoma,1/631,0.0916993394732135,0.132590231769005,0,0,15.37063492063492,36.72413735900268,ANGPT2,non_predictive
DisGeNET,Triple Negative Breast Neoplasms,1/632,0.0918400229225677,0.132590231769005,0,0,15.345483359746437,36.64051952217666,ANGPT2,non_predictive
DisGeNET,Kidney Diseases,1/639,0.0928244003930305,0.1331297321426359,0,0,15.171630094043888,36.063658660867375,ANGPT2,non_predictive
DisGeNET,Sarcoma,1/658,0.0954926959376148,0.136061488329412,0,0,14.71841704718417,34.56922731653421,ANGPT2,non_predictive
DisGeNET,Chronic Obstructive Airway Disease,1/669,0.0970351045159547,0.1372634121279981,0,0,14.467814371257486,33.748816872235295,ANGPT2,non_predictive
DisGeNET,Small cell carcinoma of lung,1/673,0.0975955453203656,0.1372634121279981,0,0,14.378720238095235,33.458180998387206,ANGPT2,non_predictive
DisGeNET,MYELODYSPLASTIC SYNDROME,1/683,0.0989956327157662,0.1374589040257136,0,0,14.160557184750733,32.748830930022166,ANGPT2,non_predictive
DisGeNET,Secondary malignant neoplasm of lung,1/683,0.0989956327157662,0.1374589040257136,0,0,14.160557184750733,32.748830930022166,ANGPT2,non_predictive
DisGeNET,Neoplasm Metastasis,2/3920,0.1001742188597949,0.1382150614647803,0,0,8.207759060745278,18.88477663764186,ANGPT2;TINAGL1,non_predictive
DisGeNET,Pancreatic Ductal Adenocarcinoma,1/701,0.101512139285451,0.1391801658127567,0,0,13.78357142857143,31.53097944485152,ANGPT2,non_predictive
DisGeNET,B-Cell Lymphomas,1/730,0.1055566478122375,0.1429276349258868,0,0,13.215363511659808,29.714844289451417,ANGPT2,non_predictive
DisGeNET,Leukemogenesis,1/730,0.1055566478122375,0.1429276349258868,0,0,13.215363511659808,29.714844289451417,ANGPT2,non_predictive
DisGeNET,Astrocytoma,1/741,0.1070875909509347,0.1441055236253319,0,0,13.011486486486486,29.06906829424709,ANGPT2,non_predictive
DisGeNET,Endometriosis,1/749,0.108199906213032,0.1447090770211103,0,0,12.866978609625669,28.613262518686334,ANGPT2,non_predictive
DisGeNET,Cerebrovascular accident,1/768,0.110837951944265,0.1473333751454254,0,0,12.535853976531945,27.574942950851582,ANGPT2,non_predictive
DisGeNET,Cardiovascular Diseases,1/787,0.1134707901509183,0.1499189833509103,0,0,12.220737913486005,26.594889985501872,ANGPT2,non_predictive
DisGeNET,Heart failure,1/815,0.1173412813246811,0.1537165090194238,0,0,11.783169533169533,25.247428024507563,ANGPT2,non_predictive
DisGeNET,Psoriasis,1/818,0.1177553073680907,0.1537165090194238,0,0,11.738066095471236,25.109442698669127,ANGPT2,non_predictive
DisGeNET,Stomach Neoplasms,1/835,0.1200990096922603,0.154892261179021,0,0,11.488609112709833,24.349403861228385,ANGPT2,non_predictive
DisGeNET,Hepatitis B,1/839,0.1206498651780717,0.154892261179021,0,0,11.431384248210025,24.175807062779253,ANGPT2,non_predictive
DisGeNET,Endometrial Carcinoma,1/840,0.1207875431212549,0.154892261179021,0,0,11.417163289630512,24.13271057759705,ANGPT2,non_predictive
DisGeNET,Glioblastoma Multiforme,1/854,0.1227135256140849,0.156441804584038,0,0,11.221570926143023,23.541763945732946,ANGPT2,non_predictive
DisGeNET,Congestive heart failure,1/884,0.1268311555140857,0.1607511157097132,0,0,10.823329558323897,22.349077632514184,ANGPT2,non_predictive
DisGeNET,Coronary heart disease,1/913,0.1307992644912101,0.1648221945611781,0,0,10.463267543859647,21.2832431874178,ANGPT2,non_predictive
DisGeNET,ovarian neoplasm,1/938,0.134210383757381,0.1681486417190176,0,0,10.17075773745998,20.4264075574529,ANGPT2,non_predictive
DisGeNET,"Diabetes Mellitus, Insulin-Dependent",1/956,0.1366608556981141,0.1702403802410792,0,0,9.969633507853404,19.842092281467515,ANGPT2,non_predictive
DisGeNET,Myocardial Infarction,1/966,0.1380202289367762,0.1709568744785069,0,0,9.861139896373055,19.528557877665808,ANGPT2,non_predictive
DisGeNET,Coronary Artery Disease,1/981,0.1400566121164125,0.1724991041885758,0,0,9.702551020408164,19.07238765140495,ANGPT2,non_predictive
DisGeNET,Breast Carcinoma,2/4963,0.1541594129215657,0.1879862888869105,0,0,6.061681112678896,11.333937753330702,ANGPT2;TINAGL1,non_predictive
DisGeNET,Arteriosclerosis,1/1087,0.1543557142695275,0.1879862888869105,0,0,8.706721915285451,16.26847078126168,ANGPT2,non_predictive
DisGeNET,Chronic Lymphocytic Leukemia,1/1120,0.1587747440059067,0.1918448114507419,0,0,8.43521000893655,15.523053679441048,ANGPT2,non_predictive
DisGeNET,Malignant neoplasm of breast,2/5054,0.1592839948283683,0.1918448114507419,0,0,5.916468725257324,10.868946724215991,ANGPT2;TINAGL1,non_predictive
DisGeNET,Atherosclerosis,1/1134,0.1606448232690387,0.1924207223772002,0,0,8.324801412180053,15.222394021886226,ANGPT2,non_predictive
DisGeNET,Seizures,1/1174,0.1659726310130855,0.1971138289997776,0,0,8.02387041773231,14.410328677143957,ANGPT2,non_predictive
DisGeNET,Lung Neoplasms,1/1177,0.1663713052108215,0.1971138289997776,0,0,8.002125850340136,14.352078464079336,ANGPT2,non_predictive
DisGeNET,Diabetes,1/1268,0.1784041315006308,0.2095599235865116,0,0,7.391475927387529,12.740715886257366,ANGPT2,non_predictive
DisGeNET,Secondary malignant neoplasm of lymph node,1/1271,0.1787988338857392,0.2095599235865116,0,0,7.3728346456692915,12.692290149544968,ANGPT2,non_predictive
DisGeNET,Hypertensive disease,1/1310,0.183918466949004,0.2135709323786051,0,0,7.138273491214668,12.086972487666364,ANGPT2,non_predictive
DisGeNET,Multiple Myeloma,1/1312,0.1841804370971457,0.2135709323786051,0,0,7.1266209000762775,12.057097781639904,ANGPT2,non_predictive
DisGeNET,Liver neoplasms,1/1321,0.1853586089479238,0.2137998769875523,0,0,7.074621212121212,11.924011609224578,ANGPT2,non_predictive
DisGeNET,Epithelial ovarian cancer,1/1329,0.1864049200467565,0.213875118790489,0,0,7.0289909638554215,11.807537880103204,ANGPT2,non_predictive
DisGeNET,Renal Cell Carcinoma,1/1348,0.1888863175203931,0.2155875247091398,0,0,6.92279138827023,11.5375929367349,ANGPT2,non_predictive
DisGeNET,Diabetes Mellitus,1/1507,0.2094542149295902,0.2378178065346389,0,0,6.139110225763612,9.596964723406517,ANGPT2,non_predictive
DisGeNET,Central neuroblastoma,1/1655,0.2282839913349405,0.2578544565337671,0,0,5.545042321644498,8.190941604213762,ANGPT2,non_predictive
DisGeNET,Neuroblastoma,1/1698,0.2336981913828686,0.262609307842605,0,0,5.391868002357101,7.838292106763651,ANGPT2,non_predictive
DisGeNET,Adenocarcinoma,1/1712,0.2354554739062808,0.2632271451875344,0,0,5.343658679135009,7.728177947792506,ANGPT2,non_predictive
DisGeNET,Malignant neoplasm of pancreas,1/1846,0.2521394551751634,0.2804408225927838,0,0,4.919241192411924,6.777597454272519,ANGPT2,non_predictive
DisGeNET,Pancreatic carcinoma,1/1869,0.2549784883982798,0.2821589364001269,0,0,4.852516059957173,6.63133245592732,ANGPT2,non_predictive
DisGeNET,Glioblastoma,1/1937,0.2633301098411822,0.2890082180790035,0,0,4.664514462809917,6.2240802426109125,ANGPT2,non_predictive
DisGeNET,leukemia,1/1941,0.263819428429916,0.2890082180790035,0,0,4.653865979381443,6.201231708203321,ANGPT2,non_predictive
DisGeNET,Obesity,1/1961,0.2662627712671022,0.2902264206811414,0,0,4.601275510204082,6.088737187602487,ANGPT2,non_predictive
DisGeNET,Alzheimer's Disease,1/1982,0.2688224564766291,0.2915586841388315,0,0,4.547198384654215,5.973673299590516,ANGPT2,non_predictive
DisGeNET,Malignant neoplasm of ovary,1/2026,0.2741662885425273,0.2958824302092621,0,0,4.437530864197531,5.742255748736859,ANGPT2,non_predictive
DisGeNET,Tumor Progression,1/2090,0.2818925595722384,0.3013666681457916,0,0,4.286261369076113,5.4273896261066135,ANGPT2,non_predictive
DisGeNET,Colon Carcinoma,1/2091,0.2820128454208325,0.3013666681457916,0,0,4.283971291866028,5.422662247798701,ANGPT2,non_predictive
DisGeNET,Ovarian Carcinoma,1/2203,0.2954000352223205,0.313612940682792,0,0,4.040644868301544,4.927262518574292,ANGPT2,non_predictive
DisGeNET,Glioma,1/2211,0.2963498430305282,0.313612940682792,0,0,4.02420814479638,4.894300781332282,ANGPT2,non_predictive
DisGeNET,Primary malignant neoplasm of lung,1/2268,0.3030925287795597,0.3191988950432078,0,0,3.910454344949272,4.667976394664397,ANGPT2,non_predictive
DisGeNET,Stomach Carcinoma,1/2378,0.3159826884455365,0.3304352041055933,0,0,3.7063525452250734,4.269969609216896,ANGPT2,non_predictive
DisGeNET,Mammary Neoplasms,1/2387,0.3170302462923302,0.3304352041055933,0,0,3.6904861693210393,4.239475863283377,ANGPT2,non_predictive
DisGeNET,Malignant neoplasm of stomach,1/2398,0.3183091415696082,0.3304352041055933,0,0,3.671255736337088,4.202604748065881,ANGPT2,non_predictive
DisGeNET,Malignant neoplasm of lung,1/2449,0.3242177075038293,0.3339874492048531,0,0,3.5843545751633985,4.037202118927283,ANGPT2,non_predictive
DisGeNET,melanoma,1/2454,0.3247951340891232,0.3339874492048531,0,0,3.576029351814105,4.0214618996601015,TINAGL1,non_predictive
DisGeNET,Carcinoma of lung,1/2476,0.3273319033554364,0.3350157508520429,0,0,3.53979797979798,3.9531778104232007,ANGPT2,non_predictive
DisGeNET,Colorectal Carcinoma,1/2931,0.3783822770042659,0.3854548429295793,0,0,2.912457337883959,2.830472478060473,ANGPT2,non_predictive
DisGeNET,Prostate carcinoma,1/3145,0.4014719982956605,0.4070739331556,0,0,2.680184478371501,2.445983233406766,ANGPT2,non_predictive
DisGeNET,Malignant neoplasm of prostate,1/3239,0.4114307668012663,0.4152403109383151,0,0,2.5878628783199504,2.298318595278356,ANGPT2,non_predictive
DisGeNET,Colorectal Cancer,1/3298,0.4176247005571155,0.4195492383477013,0,0,2.532605398847437,2.211400362728498,ANGPT2,non_predictive
DisGeNET,Carcinogenesis,1/4065,0.4942335294630249,0.4942335294630249,0,0,1.9602608267716533,1.381488214830455,ANGPT2,non_predictive
